[2025-08-24 19:46:03] info: 	z2m: Logging to console, file (filename: log.log)
[2025-08-24 19:46:03] info: 	z2m: Starting Zigbee2MQTT version 2.6.0 (commit #unknown)
[2025-08-24 19:46:03] info: 	z2m: Starting zigbee-herdsman (5.0.4)
[2025-08-24 19:46:03] info: 	zh:ember: Using default stack config.
[2025-08-24 19:46:03] info: 	zh:ember: ======== Ember Adapter Starting ========
[2025-08-24 19:46:03] info: 	zh:ember:ezsp: ======== EZSP starting ========
[2025-08-24 19:46:03] info: 	zh:ember:uart:ash: ======== ASH Adapter reset ========
[2025-08-24 19:46:03] info: 	zh:ember:uart:ash: RTS/CTS config is off, enabling software flow control.
[2025-08-24 19:46:03] info: 	zh:ember:uart:ash: Serial port opened
[2025-08-24 19:46:03] info: 	zh:ember:uart:ash: ======== ASH starting ========
[2025-08-24 19:46:04] info: 	zh:ember:uart:ash: ======== ASH connected ========
[2025-08-24 19:46:04] info: 	zh:ember:uart:ash: ======== ASH started ========
[2025-08-24 19:46:04] info: 	zh:ember:ezsp: ======== EZSP started ========
[2025-08-24 19:46:04] info: 	zh:ember: Adapter EZSP protocol version (13) lower than Host. Switched.
[2025-08-24 19:46:04] info: 	zh:ember: Adapter version info: {"ezsp":13,"revision":"7.4.5 [GA]","build":0,"major":7,"minor":4,"patch":5,"special":0,"type":170}
[2025-08-24 19:46:05] info: 	zh:ember: [STACK STATUS] Network up.
[2025-08-24 19:46:05] info: 	zh:ember:ezsp: Received network/route error ROUTE_ERROR_MANY_TO_ONE_ROUTE_FAILURE for "21754".
[2025-08-24 19:46:05] info: 	zh:ember: [INIT TC] Adapter network matches config.
[2025-08-24 19:46:05] info: 	zh:ember:ezsp: Received network/route error ROUTE_ERROR_MANY_TO_ONE_ROUTE_FAILURE for "37255".
[2025-08-24 19:46:05] info: 	zh:ember: [CONCENTRATOR] Started source route discovery. 1249ms until next broadcast.
[2025-08-24 19:46:05] info: 	z2m: zigbee-herdsman started (resumed)
[2025-08-24 19:46:05] info: 	z2m: Coordinator firmware version: '{"meta":{"build":0,"ezsp":13,"major":7,"minor":4,"patch":5,"revision":"7.4.5 [GA]","special":0,"type":170},"type":"EmberZNet"}'
[2025-08-24 19:46:05] info: 	z2m: Th Bureau (0x28dba7fffe6c5be2): SNZB-02D - SONOFF Temperature and humidity sensor with screen (EndDevice)
[2025-08-24 19:46:05] info: 	z2m: Th Balcon Nord (0x28dba7fffe1b9e55): SNZB-02D - SONOFF Temperature and humidity sensor with screen (EndDevice)
[2025-08-24 19:46:05] info: 	z2m: Inter Bureau (RODRET) (0xd44867fffe136724): E2201 - IKEA RODRET wireless dimmer/power switch (EndDevice)
[2025-08-24 19:46:05] info: 	z2m: Inter (SOMRIG) (0x287681fffe3d3405): E2213 - IKEA SOMRIG shortcut button (EndDevice)
[2025-08-24 19:46:05] info: 	z2m: Poussoir (IKEA TRADFRI) (0x70ac08fffe7c23f5): E1812 - IKEA TRADFRI shortcut button (EndDevice)
[2025-08-24 19:46:05] info: 	z2m: Boutton Bureau (HUE) (0x00178801080381e0): 8718699693985 - Philips Hue smart button (EndDevice)
[2025-08-24 19:46:05] info: 	z2m: prise bureau pc (IKEA) (0xd44867fffe148732): E2206 - IKEA INSPELNING smart plug (Router)
[2025-08-24 19:46:05] info: 	z2m: prise tv chambre (NOUS) (0xa4c138cc2ec0a611): A1Z - Nous Smart plug (with power monitoring) (Router)
[2025-08-24 19:46:05] info: 	z2m: prise salon chargeur (NOUS) (0xa4c13862732d4d37): A1Z - Nous Smart plug (with power monitoring) (Router)
[2025-08-24 19:46:05] info: 	z2m: prise frigo cuisine (NOUS) (0xa4c13819c020cf4a): A1Z - Nous Smart plug (with power monitoring) (Router)
[2025-08-24 19:46:05] info: 	z2m: prise congelateur cuisine (NOUS) (0xa4c138bf157dac0e): A1Z - Nous Smart plug (with power monitoring) (Router)
[2025-08-24 19:46:05] info: 	z2m: lampe bureau 1 (IKEA) (0x881a14fffeebb6ad): LED2201G8 - IKEA TRADFRI bulb E26/27, white spectrum, globe, opal, 1055/1100/1160 lm (Router)
[2025-08-24 19:46:05] info: 	z2m: Clim Salon (NOUS) (0xa4c138d015dca54b): A6Z - Nous Outdoor smart socket (Router)
[2025-08-24 19:46:05] info: 	z2m: lampe bureau 2 (IKEA) (0x881a14fffea7b00f): LED2201G8 - IKEA TRADFRI bulb E26/27, white spectrum, globe, opal, 1055/1100/1160 lm (Router)
[2025-08-24 19:46:05] info: 	z2m: Inter Salon (4) (IKEA) (0x6cfd22fffe5f3511): E2201 - IKEA RODRET wireless dimmer/power switch (EndDevice)
[2025-08-24 19:46:05] info: 	z2m: Clim Chambre (NOUS) (0xa4c138c742b1b280): A6Z - Nous Outdoor smart socket (Router)
[2025-08-24 19:46:05] info: 	z2m: Clim du Bureau (NOUS) (0xa4c1385900eabff5): A6Z - Nous Outdoor smart socket (Router)
[2025-08-24 19:46:05] info: 	z2m: prise box internet (IKEA) (0x8c65a3fffe1035b2): E2206 - IKEA INSPELNING smart plug (Router)
[2025-08-24 19:46:05] info: 	z2m: prise pc's gege (IKEA) (0x8c65a3fffe282786): E2206 - IKEA INSPELNING smart plug (Router)
[2025-08-24 19:46:05] info: 	z2m: prise lave vaisselle (NOUS) (0xa4c138a9441298b7): A1Z - Nous Smart plug (with power monitoring) (Router)
[2025-08-24 19:46:05] info: 	z2m: prise lave linge (NOUS) (0xa4c138d18475f3ab): A1Z - Nous Smart plug (with power monitoring) (Router)
[2025-08-24 19:46:05] info: 	z2m: prise airfryer ninja (NOUS) (0xa4c1388b6f4ffaf5): A1Z - Nous Smart plug (with power monitoring) (Router)
[2025-08-24 19:46:05] info: 	z2m: prise four micro ondes (NOUS) (0xa4c138fc07adca74): A1Z - Nous Smart plug (with power monitoring) (Router)
[2025-08-24 19:46:05] info: 	z2m: prise horloge (IKEA) (0x8c65a3fffe105949): E2206 - IKEA INSPELNING smart plug (Router)
[2025-08-24 19:46:05] info: 	z2m: détecteur de fuite (IKEA) (0xb0c7defffe634f2f): E2202 - IKEA BADRING water leakage sensor (EndDevice)
[2025-08-24 19:46:05] info: 	z2m: contact fenetre bureau (IKEA) (0xd44867fffefc3d9a): E2013 - IKEA PARASOLL door/window sensor (EndDevice)
[2025-08-24 19:46:05] info: 	z2m: Th Salon (0x08ddebfffeee7e56): SNZB-02D - SONOFF Temperature and humidity sensor with screen (EndDevice)
[2025-08-24 19:46:05] info: 	z2m: Th Chambre (0x08ddebfffeef219f): SNZB-02D - SONOFF Temperature and humidity sensor with screen (EndDevice)
[2025-08-24 19:46:05] info: 	z2m: Th Cuisine (0xd44867fffe29fba9): SNZB-02D - SONOFF Temperature and humidity sensor with screen (EndDevice)
[2025-08-24 19:46:05] info: 	z2m: prise tete de lit chambre (0x8c65a3fffe104f42): E2206 - IKEA INSPELNING smart plug (Router)
[2025-08-24 19:46:05] info: 	z2m: Radiateur élec cuisine  (0xa4c138bb5636f0b8): TS0001_power - Tuya Switch with power monitoring (Router)
[2025-08-24 19:46:05] info: 	z2m: qualite air bureau (IKEA) (0x28dba7fffe85fd68): E2112 - IKEA VINDSTYRKA air quality and humidity sensor (Router)
[2025-08-24 19:46:05] info: 	z2m: Four et Plaque de Cuisson (0x30fb10fffecd4e74): SPM01V2 - Tuya Smart energy monitor for 1P+N system (Router)
[2025-08-24 19:46:05] info: 	z2m: Detecteur (VALLHORN) (0x705464fffe816424): E2134 - IKEA VALLHORN wireless motion sensor (EndDevice)
[2025-08-24 19:46:05] info: 	z2m: Th Salle de Bain (0xd44867fffe29c736): SNZB-02D - SONOFF Temperature and humidity sensor with screen (EndDevice)
[2025-08-24 19:46:05] info: 	z2m: qualite air salon (IKEA) (0x8c65a3fffefe4a22): E2112 - IKEA VINDSTYRKA air quality and humidity sensor (Router)
[2025-08-24 19:46:05] info: 	z2m: contact fenetre salon (IKEA) (0x0c2a6ffffe2bb7b2): E2013 - IKEA PARASOLL door/window sensor (EndDevice)
[2025-08-24 19:46:05] info: 	z2m: qualite air chambre (IKEA) (0x8c65a3fffefe4c1d): E2112 - IKEA VINDSTYRKA air quality and humidity sensor (Router)
[2025-08-24 19:46:05] info: 	z2m: Relais Lumière SDB (SONOFF)  (0x1cc089fffe843978): ZBMINIR2 - SONOFF Zigbee smart switch (Router)
[2025-08-24 19:46:05] info: 	z2m: Lampe Salle de Bain (HUE) (0x001788010e67586e): 8719514343320 - Philips Hue white A67 bulb E26 with Bluetooth (1600 Lumen) (Router)
[2025-08-24 19:46:05] info: 	z2m: Boutton Salle de Bain (HUE) (0x001788010ba0e601): 8718699693985 - Philips Hue smart button (EndDevice)
[2025-08-24 19:46:05] info: 	z2m: Prise Radiateur Salle de Bain (NOUS) (0xa4c138ca365a1624): A1Z - Nous Smart plug (with power monitoring) (Router)
[2025-08-24 19:46:05] info: 	z2m: Prise Bureau Fer à Repasser (NOUS) (0xa4c13854c76b66e0): A1Z - Nous Smart plug (with power monitoring) (Router)
[2025-08-24 19:46:05] info: 	z2m: contact fenetre chambre (IKEA) (0x0c2a6ffffe2ca35d): E2013 - IKEA PARASOLL door/window sensor (EndDevice)
[2025-08-24 19:46:05] info: 	z2m: contact fenetre cuisine (IKEA) (0xd44867fffefe401e): E2013 - IKEA PARASOLL door/window sensor (EndDevice)
[2025-08-24 19:46:05] info: 	z2m: Hue smart éco. PC Bureau (0x001788010b58bd16): 9290030509 - Philips Hue smart plug - EU (Router)
[2025-08-24 19:46:05] info: 	z2m: prise mini pc (IKEA) (0x94a081fffe5d83fe): E2206 - IKEA INSPELNING smart plug (Router)
[2025-08-24 19:46:05] info: 	z2m: Th Cellier (0xb43522fffed5eb04): SNZB-02D - SONOFF Temperature and humidity sensor with screen (EndDevice)
[2025-08-24 19:46:05] info: 	z2m: Currently 48 devices are joined.
[2025-08-24 19:46:05] info: 	z2m: Connecting to MQTT server at mqtt://192.168.1.96:1883
[2025-08-24 19:46:05] info: 	z2m: Connected to MQTT server
[2025-08-24 19:46:05] info: 	z2m:mqtt: MQTT publish: topic 'zigbee2mqtt/bridge/state', payload '{"state":"online"}'
[2025-08-24 19:46:05] info: 	zh:ember:ezsp: Received network/route error ROUTE_ERROR_MANY_TO_ONE_ROUTE_FAILURE for "21754".
[2025-08-24 19:46:05] info: 	z2m:mqtt: MQTT publish: topic 'zigbee2mqtt/Th Bureau/availability', payload '{"state":"online"}'
[2025-08-24 19:46:05] info: 	z2m:mqtt: MQTT publish: topic 'zigbee2mqtt/Th Balcon Nord/availability', payload '{"state":"online"}'
[2025-08-24 19:46:05] info: 	z2m:mqtt: MQTT publish: topic 'zigbee2mqtt/Inter Bureau (RODRET)/availability', payload '{"state":"online"}'
[2025-08-24 19:46:05] info: 	z2m:mqtt: MQTT publish: topic 'zigbee2mqtt/Inter (SOMRIG)/availability', payload '{"state":"online"}'
[2025-08-24 19:46:05] info: 	z2m:mqtt: MQTT publish: topic 'zigbee2mqtt/Four et Plaque de Cuisson/availability', payload '{"state":"online"}'
[2025-08-24 19:46:05] info: 	z2m:mqtt: MQTT publish: topic 'zigbee2mqtt/Four et Plaque de Cuisson', payload '{"ac_frequency":49.92,"current":0,"data_report_duration":60,"energy":60,"last_seen":"2025-08-24T17:46:05.930Z","linkquality":168,"power":0,"power_factor":100,"produced_energy":0,"voltage":230}'
[2025-08-24 19:46:05] info: 	z2m:mqtt: MQTT publish: topic 'zigbee2mqtt/Poussoir (IKEA TRADFRI)/availability', payload '{"state":"online"}'
[2025-08-24 19:46:05] info: 	z2m:mqtt: MQTT publish: topic 'zigbee2mqtt/Boutton Bureau (HUE)/availability', payload '{"state":"online"}'
[2025-08-24 19:46:06] info: 	z2m:mqtt: MQTT publish: topic 'zigbee2mqtt/prise bureau pc (IKEA)/availability', payload '{"state":"online"}'
[2025-08-24 19:46:06] info: 	z2m:mqtt: MQTT publish: topic 'zigbee2mqtt/prise tv chambre (NOUS)/availability', payload '{"state":"online"}'
[2025-08-24 19:46:06] info: 	z2m:mqtt: MQTT publish: topic 'zigbee2mqtt/prise salon chargeur (NOUS)/availability', payload '{"state":"online"}'
[2025-08-24 19:46:06] info: 	z2m:mqtt: MQTT publish: topic 'zigbee2mqtt/prise frigo cuisine (NOUS)/availability', payload '{"state":"online"}'
[2025-08-24 19:46:06] info: 	z2m:mqtt: MQTT publish: topic 'zigbee2mqtt/prise congelateur cuisine (NOUS)/availability', payload '{"state":"online"}'
[2025-08-24 19:46:06] info: 	z2m:mqtt: MQTT publish: topic 'zigbee2mqtt/lampe bureau 1 (IKEA)/availability', payload '{"state":"online"}'
[2025-08-24 19:46:06] info: 	z2m:mqtt: MQTT publish: topic 'zigbee2mqtt/Clim Salon (NOUS)/availability', payload '{"state":"online"}'
[2025-08-24 19:46:06] info: 	z2m:mqtt: MQTT publish: topic 'zigbee2mqtt/lampe bureau 2 (IKEA)/availability', payload '{"state":"online"}'
[2025-08-24 19:46:06] info: 	z2m:mqtt: MQTT publish: topic 'zigbee2mqtt/Inter Salon (4) (IKEA)/availability', payload '{"state":"online"}'
[2025-08-24 19:46:06] info: 	z2m:mqtt: MQTT publish: topic 'zigbee2mqtt/Clim Chambre (NOUS)/availability', payload '{"state":"online"}'
[2025-08-24 19:46:06] info: 	z2m:mqtt: MQTT publish: topic 'zigbee2mqtt/Clim du Bureau (NOUS)/availability', payload '{"state":"online"}'
[2025-08-24 19:46:06] info: 	z2m:mqtt: MQTT publish: topic 'zigbee2mqtt/prise box internet (IKEA)/availability', payload '{"state":"online"}'
[2025-08-24 19:46:06] info: 	z2m:mqtt: MQTT publish: topic 'zigbee2mqtt/prise pc's gege (IKEA)/availability', payload '{"state":"online"}'
[2025-08-24 19:46:06] info: 	z2m:mqtt: MQTT publish: topic 'zigbee2mqtt/prise lave vaisselle (NOUS)/availability', payload '{"state":"online"}'
[2025-08-24 19:46:06] info: 	z2m:mqtt: MQTT publish: topic 'zigbee2mqtt/prise lave linge (NOUS)/availability', payload '{"state":"online"}'
[2025-08-24 19:46:06] info: 	z2m:mqtt: MQTT publish: topic 'zigbee2mqtt/prise airfryer ninja (NOUS)/availability', payload '{"state":"online"}'
[2025-08-24 19:46:06] info: 	z2m:mqtt: MQTT publish: topic 'zigbee2mqtt/prise four micro ondes (NOUS)/availability', payload '{"state":"online"}'
[2025-08-24 19:46:06] info: 	z2m:mqtt: MQTT publish: topic 'zigbee2mqtt/prise horloge (IKEA)/availability', payload '{"state":"online"}'
[2025-08-24 19:46:06] info: 	z2m:mqtt: MQTT publish: topic 'zigbee2mqtt/détecteur de fuite (IKEA)/availability', payload '{"state":"online"}'
[2025-08-24 19:46:06] info: 	z2m:mqtt: MQTT publish: topic 'zigbee2mqtt/contact fenetre bureau (IKEA)/availability', payload '{"state":"online"}'
[2025-08-24 19:46:06] info: 	z2m:mqtt: MQTT publish: topic 'zigbee2mqtt/Th Salon/availability', payload '{"state":"online"}'
[2025-08-24 19:46:06] info: 	z2m:mqtt: MQTT publish: topic 'zigbee2mqtt/Th Chambre/availability', payload '{"state":"online"}'
[2025-08-24 19:46:06] info: 	z2m:mqtt: MQTT publish: topic 'zigbee2mqtt/Th Cuisine/availability', payload '{"state":"online"}'
[2025-08-24 19:46:07] info: 	z2m:mqtt: MQTT publish: topic 'zigbee2mqtt/prise tete de lit chambre/availability', payload '{"state":"online"}'
[2025-08-24 19:46:07] info: 	z2m:mqtt: MQTT publish: topic 'zigbee2mqtt/Radiateur élec cuisine /availability', payload '{"state":"online"}'
[2025-08-24 19:46:07] info: 	z2m:mqtt: MQTT publish: topic 'zigbee2mqtt/qualite air bureau (IKEA)/availability', payload '{"state":"online"}'
[2025-08-24 19:46:07] info: 	z2m:mqtt: MQTT publish: topic 'zigbee2mqtt/Detecteur (VALLHORN)/availability', payload '{"state":"online"}'
[2025-08-24 19:46:07] info: 	z2m:mqtt: MQTT publish: topic 'zigbee2mqtt/Th Salle de Bain/availability', payload '{"state":"online"}'
[2025-08-24 19:46:07] info: 	z2m:mqtt: MQTT publish: topic 'zigbee2mqtt/prise mini pc (IKEA)/availability', payload '{"state":"online"}'
[2025-08-24 19:46:07] info: 	z2m:mqtt: MQTT publish: topic 'zigbee2mqtt/prise mini pc (IKEA)', payload '{"current":0.19,"energy":5.86,"last_seen":"2025-08-24T17:46:07.202Z","linkquality":255,"power":14.8,"power_on_behavior":"previous","state":"ON","update":{"installed_version":33816645,"latest_version":33816645,"state":"idle"},"voltage":226.3}'
[2025-08-24 19:46:07] info: 	z2m:mqtt: MQTT publish: topic 'zigbee2mqtt/qualite air salon (IKEA)/availability', payload '{"state":"online"}'
[2025-08-24 19:46:07] info: 	z2m:mqtt: MQTT publish: topic 'zigbee2mqtt/contact fenetre salon (IKEA)/availability', payload '{"state":"online"}'
[2025-08-24 19:46:07] info: 	z2m:mqtt: MQTT publish: topic 'zigbee2mqtt/qualite air chambre (IKEA)/availability', payload '{"state":"online"}'
[2025-08-24 19:46:07] info: 	z2m:mqtt: MQTT publish: topic 'zigbee2mqtt/Relais Lumière SDB (SONOFF) /availability', payload '{"state":"online"}'
[2025-08-24 19:46:07] info: 	z2m:mqtt: MQTT publish: topic 'zigbee2mqtt/Lampe Salle de Bain (HUE)/availability', payload '{"state":"online"}'
[2025-08-24 19:46:07] info: 	z2m:mqtt: MQTT publish: topic 'zigbee2mqtt/Boutton Salle de Bain (HUE)/availability', payload '{"state":"online"}'
[2025-08-24 19:46:07] info: 	z2m:mqtt: MQTT publish: topic 'zigbee2mqtt/Prise Radiateur Salle de Bain (NOUS)/availability', payload '{"state":"online"}'
[2025-08-24 19:46:07] info: 	z2m:mqtt: MQTT publish: topic 'zigbee2mqtt/Prise Bureau Fer à Repasser (NOUS)/availability', payload '{"state":"online"}'
[2025-08-24 19:46:07] info: 	z2m:mqtt: MQTT publish: topic 'zigbee2mqtt/contact fenetre chambre (IKEA)/availability', payload '{"state":"online"}'
[2025-08-24 19:46:07] info: 	z2m:mqtt: MQTT publish: topic 'zigbee2mqtt/contact fenetre cuisine (IKEA)/availability', payload '{"state":"online"}'
[2025-08-24 19:46:07] info: 	z2m:mqtt: MQTT publish: topic 'zigbee2mqtt/Hue smart éco. PC Bureau/availability', payload '{"state":"online"}'
[2025-08-24 19:46:07] info: 	z2m:mqtt: MQTT publish: topic 'zigbee2mqtt/prise mini pc (IKEA)', payload '{"current":0.19,"energy":5.86,"last_seen":"2025-08-24T17:46:07.662Z","linkquality":255,"power":22.8,"power_on_behavior":"previous","state":"ON","update":{"installed_version":33816645,"latest_version":33816645,"state":"idle"},"voltage":226.3}'
[2025-08-24 19:46:07] info: 	z2m:mqtt: MQTT publish: topic 'zigbee2mqtt/Th Cellier/availability', payload '{"state":"online"}'
[2025-08-24 19:46:07] info: 	z2m:mqtt: MQTT publish: topic 'zigbee2mqtt/Bureau z2m/availability', payload '{"state":"online"}'
[2025-08-24 19:46:07] info: 	z2m:mqtt: MQTT publish: topic 'zigbee2mqtt/Salle de Bain Z2M/availability', payload '{"state":"online"}'
[2025-08-24 19:46:07] info: 	z2m: Started frontend on port 8099
[2025-08-24 19:46:07] info: 	z2m:mqtt: MQTT publish: topic 'zigbee2mqtt/Coordinator', payload '{"last_seen":"2025-08-21T09:30:53.808Z"}'
[2025-08-24 19:46:07] info: 	z2m:mqtt: MQTT publish: topic 'zigbee2mqtt/Th Bureau', payload '{"battery":25,"comfort_humidity_max":55,"comfort_humidity_min":40,"comfort_temperature_max":25,"comfort_temperature_min":21,"humidity":59.6,"humidity_calibration":0,"last_seen":"2025-08-24T17:34:29.938Z","linkquality":255,"temperature":27.2,"temperature_calibration":0,"temperature_units":"celsius","update":{"installed_version":8960,"latest_version":8960,"state":"idle"}}'
[2025-08-24 19:46:07] info: 	z2m:mqtt: MQTT publish: topic 'zigbee2mqtt/Th Balcon Nord', payload '{"battery":100,"comfort_humidity_max":55,"comfort_humidity_min":40,"comfort_temperature_max":25,"comfort_temperature_min":21,"humidity":63.9,"humidity_calibration":0,"last_seen":"2025-08-24T17:40:29.719Z","linkquality":232,"temperature":25.9,"temperature_calibration":0,"temperature_units":"celsius","update":{"installed_version":8960,"latest_version":8960,"state":"idle"}}'
[2025-08-24 19:46:07] info: 	z2m:mqtt: MQTT publish: topic 'zigbee2mqtt/Inter Bureau (RODRET)', payload '{"battery":100,"identify":null,"last_seen":"2025-08-24T14:30:28.329Z","linkquality":255,"update":{"installed_version":16777303,"latest_version":16777303,"state":"idle"},"voltage":1400}'
[2025-08-24 19:46:07] info: 	z2m:mqtt: MQTT publish: topic 'zigbee2mqtt/Inter (SOMRIG)', payload '{"battery":100,"identify":null,"last_seen":"2025-08-24T14:59:35.179Z","linkquality":160,"update":{"installed_version":16777249,"latest_version":16777249,"state":"idle"},"voltage":1400}'
[2025-08-24 19:46:07] info: 	z2m:mqtt: MQTT publish: topic 'zigbee2mqtt/Poussoir (IKEA TRADFRI)', payload '{"battery":90,"identify":null,"last_seen":"2025-08-24T10:37:28.163Z","linkquality":232,"update":{"installed_version":604241926,"latest_version":604241926,"state":"idle"}}'
[2025-08-24 19:46:07] info: 	z2m:mqtt: MQTT publish: topic 'zigbee2mqtt/Boutton Bureau (HUE)', payload '{"battery":87,"last_seen":"2025-08-24T16:11:41.627Z","linkquality":255,"update":{"installed_version":33574183,"latest_version":33574183,"state":"idle"}}'
[2025-08-24 19:46:07] info: 	z2m:mqtt: MQTT publish: topic 'zigbee2mqtt/prise bureau pc (IKEA)', payload '{"current":1.06,"energy":615.26,"identify":null,"last_seen":"2025-08-24T17:43:00.528Z","linkquality":255,"power":186.7,"power_on_behavior":"previous","state":"ON","update":{"installed_version":33816645,"latest_version":33816645,"state":"idle"},"voltage":228.6}'
[2025-08-24 19:46:07] info: 	z2m:mqtt: MQTT publish: topic 'zigbee2mqtt/prise tv chambre (NOUS)', payload '{"child_lock":"LOCK","countdown":0,"current":0,"energy":164.71,"indicator_mode":"off","last_seen":"2025-08-24T17:42:49.281Z","linkquality":148,"power":0,"power_outage_memory":"on","state":"ON","update":{"installed_version":192,"latest_version":192,"state":"idle"},"voltage":226}'
[2025-08-24 19:46:07] info: 	z2m:mqtt: MQTT publish: topic 'zigbee2mqtt/prise salon chargeur (NOUS)', payload '{"child_lock":"UNLOCK","countdown":0,"current":0.05,"energy":37.11,"indicator_mode":"off","last_seen":"2025-08-24T17:42:32.277Z","linkquality":168,"power":5,"power_outage_memory":"on","state":"ON","update":{"installed_version":192,"latest_version":192,"state":"idle"},"voltage":227}'
[2025-08-24 19:46:07] info: 	z2m:mqtt: MQTT publish: topic 'zigbee2mqtt/prise frigo cuisine (NOUS)', payload '{"child_lock":"LOCK","countdown":0,"current":0,"energy":106.05,"indicator_mode":"on/off","last_seen":"2025-08-24T17:46:05.695Z","linkquality":255,"power":0,"power_outage_memory":"on","state":"ON","update":{"installed_version":192,"latest_version":192,"state":"idle"},"voltage":226}'
[2025-08-24 19:46:07] info: 	z2m:mqtt: MQTT publish: topic 'zigbee2mqtt/prise congelateur cuisine (NOUS)', payload '{"child_lock":"LOCK","countdown":0,"current":0.21,"energy":186.78,"indicator_mode":"on","last_seen":"2025-08-24T17:40:47.320Z","linkquality":128,"power":30,"power_outage_memory":"on","state":"ON","update":{"installed_version":192,"latest_version":192,"state":"idle"},"voltage":226}'
[2025-08-24 19:46:07] info: 	z2m:mqtt: MQTT publish: topic 'zigbee2mqtt/lampe bureau 1 (IKEA)', payload '{"brightness":254,"color_mode":"color_temp","color_options":{"execute_if_off":true},"color_temp":250,"color_temp_startup":250,"effect":null,"identify":null,"last_seen":"2025-08-24T17:40:57.043Z","level_config":{"current_level_startup":250,"execute_if_off":true,"on_level":"previous","on_off_transition_time":5},"linkquality":232,"power_on_behavior":"previous","state":"OFF","update":{"installed_version":50331683,"latest_version":50331683,"state":"idle"}}'
[2025-08-24 19:46:07] info: 	z2m:mqtt: MQTT publish: topic 'zigbee2mqtt/Clim Salon (NOUS)', payload '{"child_lock":"LOCK","countdown":0,"current":0,"energy":414.52,"indicator_mode":"on","last_seen":"2025-08-24T17:42:35.394Z","linkquality":128,"power":0,"power_outage_memory":"restore","state":"OFF","update":{"installed_version":192,"latest_version":192,"state":"idle"},"voltage":228}'
[2025-08-24 19:46:07] info: 	z2m:mqtt: MQTT publish: topic 'zigbee2mqtt/lampe bureau 2 (IKEA)', payload '{"brightness":254,"color_mode":"color_temp","color_options":{"execute_if_off":true},"color_temp":250,"color_temp_startup":250,"effect":null,"identify":null,"last_seen":"2025-08-24T17:41:08.884Z","level_config":{"current_level_startup":250,"execute_if_off":true,"on_level":"previous","on_off_transition_time":5},"linkquality":212,"power_on_behavior":"previous","state":"OFF","update":{"installed_version":50331683,"latest_version":50331683,"state":"idle"}}'
[2025-08-24 19:46:07] info: 	z2m:mqtt: MQTT publish: topic 'zigbee2mqtt/Inter Salon (4) (IKEA)', payload '{"battery":100,"identify":null,"last_seen":"2025-08-24T14:33:22.906Z","linkquality":172,"update":{"installed_version":16777303,"latest_version":16777303,"state":"idle"},"voltage":1400}'
[2025-08-24 19:46:07] info: 	z2m:mqtt: MQTT publish: topic 'zigbee2mqtt/Clim Chambre (NOUS)', payload '{"child_lock":"LOCK","countdown":0,"current":0,"energy":392.86,"indicator_mode":"on","last_seen":"2025-08-24T17:41:59.758Z","linkquality":160,"power":0,"power_outage_memory":"restore","state":"OFF","update":{"installed_version":192,"latest_version":192,"state":"idle"},"voltage":227}'
[2025-08-24 19:46:07] info: 	z2m:mqtt: MQTT publish: topic 'zigbee2mqtt/Clim du Bureau (NOUS)', payload '{"child_lock":"LOCK","countdown":0,"current":0,"energy":332.61,"indicator_mode":"off/on","last_seen":"2025-08-24T17:42:41.035Z","linkquality":176,"power":0,"power_outage_memory":"restore","state":"OFF","update":{"installed_version":192,"latest_version":192,"state":"idle"},"voltage":226}'
[2025-08-24 19:46:07] info: 	z2m:mqtt: MQTT publish: topic 'zigbee2mqtt/prise box internet (IKEA)', payload '{"current":0.12,"energy":86.62,"identify":null,"last_seen":"2025-08-24T17:42:15.150Z","linkquality":156,"power":13.4,"power_on_behavior":"previous","state":"ON","update":{"installed_version":33816645,"latest_version":33816645,"state":"idle"},"voltage":228.1}'
[2025-08-24 19:46:07] info: 	z2m:mqtt: MQTT publish: topic 'zigbee2mqtt/prise pc's gege (IKEA)', payload '{"current":0.67,"energy":310.05,"identify":null,"last_seen":"2025-08-24T17:42:58.846Z","linkquality":168,"power":122.3,"power_on_behavior":"on","state":"ON","update":{"installed_version":33816645,"latest_version":33816645,"state":"idle"},"voltage":228.5}'
[2025-08-24 19:46:07] info: 	z2m:mqtt: MQTT publish: topic 'zigbee2mqtt/prise lave vaisselle (NOUS)', payload '{"child_lock":"LOCK","countdown":0,"current":0,"energy":115.82,"indicator_mode":"on","last_seen":"2025-08-24T17:42:54.419Z","linkquality":152,"power":0,"power_outage_memory":"on","state":"ON","update":{"installed_version":192,"latest_version":192,"state":"idle"},"voltage":228}'
[2025-08-24 19:46:07] info: 	z2m:mqtt: MQTT publish: topic 'zigbee2mqtt/prise lave linge (NOUS)', payload '{"child_lock":"LOCK","countdown":0,"current":0,"energy":100.64,"indicator_mode":"on","last_seen":"2025-08-24T17:41:46.441Z","linkquality":188,"power":0,"power_outage_memory":"on","state":"ON","update":{"installed_version":192,"latest_version":192,"state":"idle"},"voltage":228}'
[2025-08-24 19:46:07] info: 	z2m:mqtt: MQTT publish: topic 'zigbee2mqtt/prise airfryer ninja (NOUS)', payload '{"child_lock":"UNLOCK","countdown":0,"current":0,"energy":72.19,"indicator_mode":"on","last_seen":"2025-08-24T17:42:58.060Z","linkquality":220,"power":0,"power_outage_memory":"restore","state":"ON","update":{"installed_version":192,"latest_version":192,"state":"idle"},"voltage":227}'
[2025-08-24 19:46:07] info: 	z2m:mqtt: MQTT publish: topic 'zigbee2mqtt/prise four micro ondes (NOUS)', payload '{"child_lock":"UNLOCK","countdown":0,"current":0.03,"energy":57.38,"indicator_mode":"off/on","last_seen":"2025-08-24T17:42:52.791Z","linkquality":255,"power":0,"power_outage_memory":"restore","state":"ON","update":{"installed_version":192,"latest_version":192,"state":"idle"},"voltage":228}'
[2025-08-24 19:46:07] info: 	z2m:mqtt: MQTT publish: topic 'zigbee2mqtt/prise horloge (IKEA)', payload '{"current":0.005,"energy":1.24,"identify":null,"last_seen":"2025-08-24T17:43:03.844Z","linkquality":255,"power":0.2,"power_on_behavior":"previous","state":"ON","update":{"installed_version":33816645,"latest_version":33816645,"state":"idle"},"voltage":234.8}'
[2025-08-24 19:46:07] info: 	z2m:mqtt: MQTT publish: topic 'zigbee2mqtt/détecteur de fuite (IKEA)', payload '{"battery":100,"identify":null,"last_seen":"2025-08-24T17:36:44.892Z","linkquality":164,"update":{"installed_version":16777223,"latest_version":16777223,"state":"idle"},"voltage":1500,"water_leak":false}'
[2025-08-24 19:46:07] info: 	z2m:mqtt: MQTT publish: topic 'zigbee2mqtt/contact fenetre bureau (IKEA)', payload '{"battery":100,"contact":false,"identify":null,"last_seen":"2025-08-24T16:48:17.072Z","linkquality":232,"update":{"installed_version":16777241,"latest_version":16777241,"state":"idle"},"voltage":1500}'
[2025-08-24 19:46:07] info: 	z2m:mqtt: MQTT publish: topic 'zigbee2mqtt/Th Salon', payload '{"battery":40,"comfort_humidity_max":55,"comfort_humidity_min":40,"comfort_temperature_max":25,"comfort_temperature_min":21,"humidity":59.6,"humidity_calibration":0,"last_seen":"2025-08-24T17:38:57.919Z","linkquality":168,"temperature":26.5,"temperature_calibration":0,"temperature_units":"celsius","update":{"installed_version":8960,"latest_version":8960,"state":"idle"}}'
[2025-08-24 19:46:07] info: 	z2m:mqtt: MQTT publish: topic 'zigbee2mqtt/Th Chambre', payload '{"battery":24,"comfort_humidity_max":55,"comfort_humidity_min":40,"comfort_temperature_max":25,"comfort_temperature_min":21,"humidity":62.1,"humidity_calibration":0,"last_seen":"2025-08-24T17:32:51.228Z","linkquality":160,"temperature":26.3,"temperature_calibration":0,"temperature_units":"celsius","update":{"installed_version":8960,"latest_version":8960,"state":"idle"}}'
[2025-08-24 19:46:07] info: 	z2m:mqtt: MQTT publish: topic 'zigbee2mqtt/Th Cuisine', payload '{"battery":22,"comfort_humidity_max":55,"comfort_humidity_min":40,"comfort_temperature_max":25,"comfort_temperature_min":21,"humidity":65.9,"humidity_calibration":0,"last_seen":"2025-08-24T17:42:36.166Z","linkquality":228,"temperature":26.8,"temperature_calibration":0,"temperature_units":"celsius","update":{"installed_version":8960,"latest_version":8960,"state":"idle"}}'
[2025-08-24 19:46:07] info: 	z2m:mqtt: MQTT publish: topic 'zigbee2mqtt/prise tete de lit chambre', payload '{"current":0.05,"energy":25.58,"identify":null,"last_seen":"2025-08-24T17:43:00.434Z","linkquality":196,"power":3.8,"power_on_behavior":"on","state":"ON","update":{"installed_version":33816645,"latest_version":33816645,"state":"idle"},"voltage":235.6}'
[2025-08-24 19:46:07] info: 	z2m:mqtt: MQTT publish: topic 'zigbee2mqtt/Radiateur élec cuisine ', payload '{"current":0,"energy":98.99,"last_seen":"2025-08-24T17:42:17.756Z","linkquality":192,"power":0,"power_outage_memory":"restore","state":"OFF","switch_type":"state","update":{"installed_version":72,"latest_version":72,"state":"idle"},"voltage":229}'
[2025-08-24 19:46:07] info: 	z2m:mqtt: MQTT publish: topic 'zigbee2mqtt/qualite air bureau (IKEA)', payload '{"humidity":65,"identify":null,"last_seen":"2025-08-24T17:42:41.194Z","linkquality":228,"pm25":45,"temperature":27,"update":{"installed_version":16777233,"latest_version":16777233,"state":"idle"},"voc_index":346}'
[2025-08-24 19:46:07] info: 	z2m:mqtt: MQTT publish: topic 'zigbee2mqtt/Four et Plaque de Cuisson', payload '{"ac_frequency":49.92,"current":0,"data_report_duration":60,"energy":60,"last_seen":"2025-08-24T17:46:05.930Z","linkquality":168,"power":0,"power_factor":100,"produced_energy":0,"voltage":230}'
[2025-08-24 19:46:07] info: 	z2m:mqtt: MQTT publish: topic 'zigbee2mqtt/Detecteur (VALLHORN)', payload '{"battery":100,"identify":null,"illuminance":1,"last_seen":"2025-08-24T17:41:35.659Z","linkquality":176,"occupancy":false,"update":{"installed_version":16777316,"latest_version":16777316,"state":"idle"},"voltage":2800}'
[2025-08-24 19:46:07] info: 	z2m:mqtt: MQTT publish: topic 'zigbee2mqtt/Th Salle de Bain', payload '{"battery":20,"comfort_humidity_max":55,"comfort_humidity_min":40,"comfort_temperature_max":25,"comfort_temperature_min":21,"humidity":62.5,"humidity_calibration":0,"last_seen":"2025-08-24T17:39:44.063Z","linkquality":176,"temperature":26.2,"temperature_calibration":0,"temperature_units":"celsius","update":{"installed_version":8960,"latest_version":8960,"state":"idle"}}'
[2025-08-24 19:46:07] info: 	z2m:mqtt: MQTT publish: topic 'zigbee2mqtt/qualite air salon (IKEA)', payload '{"humidity":64,"identify":null,"last_seen":"2025-08-24T17:43:01.653Z","linkquality":168,"pm25":28,"temperature":27,"update":{"installed_version":16777233,"latest_version":16777233,"state":"idle"},"voc_index":230}'
[2025-08-24 19:46:07] info: 	z2m:mqtt: MQTT publish: topic 'zigbee2mqtt/contact fenetre salon (IKEA)', payload '{"battery":100,"contact":false,"identify":null,"last_seen":"2025-08-24T16:54:28.171Z","linkquality":172,"update":{"installed_version":16777241,"latest_version":16777241,"state":"idle"},"voltage":1400}'
[2025-08-24 19:46:07] info: 	z2m:mqtt: MQTT publish: topic 'zigbee2mqtt/qualite air chambre (IKEA)', payload '{"humidity":64,"identify":null,"last_seen":"2025-08-24T17:42:23.592Z","linkquality":200,"pm25":52,"temperature":27,"update":{"installed_version":16777233,"latest_version":16777233,"state":"idle"},"voc_index":271}'
[2025-08-24 19:46:07] info: 	z2m:mqtt: MQTT publish: topic 'zigbee2mqtt/Relais Lumière SDB (SONOFF) ', payload '{"delayed_power_on_state":false,"delayed_power_on_time":29.5,"detach_relay_mode":false,"external_trigger_mode":"edge","inching_control_set":{"inching_control":"DISABLE","inching_mode":"OFF","inching_time":1882.5},"last_seen":"2025-08-24T17:38:57.465Z","linkquality":252,"network_indicator":true,"power_on_behavior":"previous","state":"OFF","turbo_mode":true,"update":{"installed_version":4100,"latest_version":4100,"state":"idle"}}'
[2025-08-24 19:46:07] info: 	z2m:mqtt: MQTT publish: topic 'zigbee2mqtt/Lampe Salle de Bain (HUE)', payload '{"brightness":254,"effect":null,"last_seen":"2025-08-24T17:40:07.300Z","linkquality":172,"power_on_behavior":null,"state":"OFF","update":{"installed_version":16787202,"latest_version":16787202,"state":"idle"}}'
[2025-08-24 19:46:07] info: 	z2m:mqtt: MQTT publish: topic 'zigbee2mqtt/Boutton Salle de Bain (HUE)', payload '{"battery":100,"last_seen":"2025-08-24T17:04:38.894Z","linkquality":248,"update":{"installed_version":33574183,"latest_version":33574183,"state":"idle"}}'
[2025-08-24 19:46:07] info: 	z2m:mqtt: MQTT publish: topic 'zigbee2mqtt/Prise Radiateur Salle de Bain (NOUS)', payload '{"child_lock":"LOCK","countdown":0,"current":0,"energy":0.27,"indicator_mode":"off/on","last_seen":"2025-08-24T17:43:00.575Z","linkquality":156,"power":0,"power_outage_memory":"restore","state":"OFF","update":{"installed_version":192,"latest_version":192,"state":"idle"},"voltage":228}'
[2025-08-24 19:46:07] info: 	z2m:mqtt: MQTT publish: topic 'zigbee2mqtt/Prise Bureau Fer à Repasser (NOUS)', payload '{"child_lock":"UNLOCK","countdown":0,"current":0,"energy":1.99,"indicator_mode":"off/on","last_seen":"2025-08-24T17:43:04.627Z","linkquality":136,"power":0,"power_outage_memory":"on","state":"ON","update":{"installed_version":192,"latest_version":192,"state":"idle"},"voltage":229}'
[2025-08-24 19:46:07] info: 	z2m:mqtt: MQTT publish: topic 'zigbee2mqtt/contact fenetre chambre (IKEA)', payload '{"battery":100,"contact":false,"identify":null,"last_seen":"2025-08-24T12:26:43.999Z","linkquality":172,"update":{"installed_version":16777241,"latest_version":16777241,"state":"idle"},"voltage":1500}'
[2025-08-24 19:46:07] info: 	z2m:mqtt: MQTT publish: topic 'zigbee2mqtt/contact fenetre cuisine (IKEA)', payload '{"battery":100,"contact":false,"identify":null,"last_seen":"2025-08-24T12:17:48.311Z","linkquality":224,"update":{"installed_version":16777241,"latest_version":16777241,"state":"idle"},"voltage":1500}'
[2025-08-24 19:46:07] info: 	z2m:mqtt: MQTT publish: topic 'zigbee2mqtt/Hue smart éco. PC Bureau', payload '{"last_seen":"2025-08-24T17:37:50.332Z","linkquality":255,"state":"ON","update":{"installed_version":16781314,"latest_version":16781314,"state":"idle"}}'
[2025-08-24 19:46:07] info: 	z2m:mqtt: MQTT publish: topic 'zigbee2mqtt/prise mini pc (IKEA)', payload '{"current":0.19,"energy":5.86,"identify":null,"last_seen":"2025-08-24T17:46:07.662Z","linkquality":255,"power":22.8,"power_on_behavior":"previous","state":"ON","update":{"installed_version":33816645,"latest_version":33816645,"state":"idle"},"voltage":226.3}'
[2025-08-24 19:46:07] info: 	z2m:mqtt: MQTT publish: topic 'zigbee2mqtt/Th Cellier', payload '{"battery":100,"comfort_humidity_max":60,"comfort_humidity_min":40,"comfort_temperature_max":27,"comfort_temperature_min":19,"humidity":60.2,"humidity_calibration":0,"last_seen":"2025-08-24T17:37:44.723Z","linkquality":255,"temperature":26.6,"temperature_calibration":0,"temperature_units":"celsius","update":{"installed_version":8960,"latest_version":8960,"state":"idle"}}'
[2025-08-24 19:46:07] info: 	z2m:mqtt: MQTT publish: topic 'zigbee2mqtt/Bureau z2m', payload '{"brightness":254,"color_mode":"color_temp","color_temp":250,"state":"OFF"}'
[2025-08-24 19:46:07] info: 	z2m:mqtt: MQTT publish: topic 'zigbee2mqtt/Salle de Bain Z2M', payload '{"brightness":254,"state":"OFF"}'
[2025-08-24 19:46:07] info: 	z2m: Zigbee2MQTT started!
[2025-08-24 19:46:09] info: 	z2m:mqtt: MQTT publish: topic 'zigbee2mqtt/qualite air bureau (IKEA)', payload '{"humidity":64,"identify":null,"last_seen":"2025-08-24T17:46:09.062Z","linkquality":224,"pm25":45,"temperature":27,"update":{"installed_version":16777233,"latest_version":16777233,"state":"idle"},"voc_index":346}'
[2025-08-24 19:46:10] info: 	z2m:mqtt: MQTT publish: topic 'zigbee2mqtt/prise bureau pc (IKEA)', payload '{"current":1.06,"energy":615.26,"identify":null,"last_seen":"2025-08-24T17:46:10.096Z","linkquality":255,"power":189.6,"power_on_behavior":"previous","state":"ON","update":{"installed_version":33816645,"latest_version":33816645,"state":"idle"},"voltage":228.6}'
[2025-08-24 19:46:10] info: 	z2m:mqtt: MQTT publish: topic 'zigbee2mqtt/Four et Plaque de Cuisson', payload '{"ac_frequency":49.92,"current":0,"data_report_duration":60,"energy":60,"last_seen":"2025-08-24T17:46:10.750Z","linkquality":168,"power":0,"power_factor":100,"produced_energy":0,"voltage":230}'
[2025-08-24 19:46:12] info: 	z2m:mqtt: MQTT publish: topic 'homeassistant/binary_sensor/1221051039810110150109113116116_0x4c5bb3fffe932c2d/connection_state/config', payload '{"device":{"hw_version":"EmberZNet 7.4.5 [GA]","identifiers":["zigbee2mqtt_bridge_0x4c5bb3fffe932c2d"],"manufacturer":"Zigbee2MQTT","model":"Bridge","name":"Zigbee2MQTT Bridge","sw_version":"2.6.0"},"device_class":"connectivity","entity_category":"diagnostic","name":"Connection state","object_id":"zigbee2mqtt_bridge_connection_state","origin":{"name":"Zigbee2MQTT","sw":"2.6.0","url":"https://www.zigbee2mqtt.io"},"payload_off":"offline","payload_on":"online","state_topic":"zigbee2mqtt/bridge/state","unique_id":"bridge_0x4c5bb3fffe932c2d_connection_state_zigbee2mqtt","value_template":"{{ value_json.state }}"}'
[2025-08-24 19:46:13] info: 	z2m:mqtt: MQTT publish: topic 'zigbee2mqtt/prise bureau pc (IKEA)', payload '{"current":1.02,"energy":615.26,"identify":null,"last_seen":"2025-08-24T17:46:13.858Z","linkquality":255,"power":189.6,"power_on_behavior":"previous","state":"ON","update":{"installed_version":33816645,"latest_version":33816645,"state":"idle"},"voltage":228.6}'
[2025-08-24 19:46:14] info: 	z2m:mqtt: MQTT publish: topic 'zigbee2mqtt/prise frigo cuisine (NOUS)', payload '{"child_lock":"LOCK","countdown":0,"current":0,"energy":106.05,"indicator_mode":"on/off","last_seen":"2025-08-24T17:46:14.617Z","linkquality":192,"power":0,"power_outage_memory":"on","state":"ON","update":{"installed_version":192,"latest_version":192,"state":"idle"},"voltage":228}'
[2025-08-24 19:46:14] info: 	z2m:mqtt: MQTT publish: topic 'zigbee2mqtt/qualite air salon (IKEA)', payload '{"humidity":64,"identify":null,"last_seen":"2025-08-24T17:46:14.652Z","linkquality":168,"pm25":28,"temperature":27,"update":{"installed_version":16777233,"latest_version":16777233,"state":"idle"},"voc_index":230}'
[2025-08-24 19:46:14] info: 	z2m:mqtt: MQTT publish: topic 'zigbee2mqtt/prise frigo cuisine (NOUS)', payload '{"child_lock":"LOCK","countdown":0,"current":0,"energy":106.05,"indicator_mode":"on/off","last_seen":"2025-08-24T17:46:14.674Z","linkquality":196,"power":0,"power_outage_memory":"on","state":"ON","update":{"installed_version":192,"latest_version":192,"state":"idle"},"voltage":228}'
[2025-08-24 19:46:16] info: 	z2m:mqtt: MQTT publish: topic 'zigbee2mqtt/Four et Plaque de Cuisson', payload '{"ac_frequency":49.92,"current":0,"data_report_duration":60,"energy":60,"last_seen":"2025-08-24T17:46:16.473Z","linkquality":216,"power":0,"power_factor":100,"produced_energy":0,"voltage":230}'
[2025-08-24 19:46:16] info: 	z2m:mqtt: MQTT publish: topic 'zigbee2mqtt/Four et Plaque de Cuisson', payload '{"ac_frequency":49.92,"current":0,"data_report_duration":60,"energy":60,"last_seen":"2025-08-24T17:46:16.524Z","linkquality":216,"power":0,"power_factor":100,"produced_energy":0,"voltage":230}'
[2025-08-24 19:46:16] info: 	z2m:mqtt: MQTT publish: topic 'zigbee2mqtt/Four et Plaque de Cuisson', payload '{"ac_frequency":49.92,"current":0,"data_report_duration":60,"energy":60,"last_seen":"2025-08-24T17:46:16.574Z","linkquality":216,"power":0,"power_factor":100,"produced_energy":0,"voltage":230}'
[2025-08-24 19:46:16] info: 	z2m:mqtt: MQTT publish: topic 'zigbee2mqtt/Four et Plaque de Cuisson', payload '{"ac_frequency":49.92,"current":0,"data_report_duration":60,"energy":60,"last_seen":"2025-08-24T17:46:16.624Z","linkquality":216,"power":0,"power_factor":100,"produced_energy":0,"voltage":230}'
[2025-08-24 19:46:16] info: 	z2m:mqtt: MQTT publish: topic 'zigbee2mqtt/Four et Plaque de Cuisson', payload '{"ac_frequency":49.96,"current":0,"data_report_duration":60,"energy":60,"last_seen":"2025-08-24T17:46:16.672Z","linkquality":216,"power":0,"power_factor":100,"produced_energy":0,"voltage":230}'
[2025-08-24 19:46:16] info: 	z2m:mqtt: MQTT publish: topic 'zigbee2mqtt/Four et Plaque de Cuisson', payload '{"ac_frequency":49.96,"current":0,"data_report_duration":60,"energy":60,"last_seen":"2025-08-24T17:46:16.724Z","linkquality":216,"power":0,"power_factor":100,"produced_energy":0,"voltage":231}'
[2025-08-24 19:46:16] info: 	z2m:mqtt: MQTT publish: topic 'zigbee2mqtt/Four et Plaque de Cuisson', payload '{"ac_frequency":49.96,"current":0,"data_report_duration":60,"energy":60,"last_seen":"2025-08-24T17:46:16.774Z","linkquality":216,"power":0,"power_factor":100,"produced_energy":0,"voltage":231}'
[2025-08-24 19:46:16] info: 	z2m:mqtt: MQTT publish: topic 'zigbee2mqtt/Four et Plaque de Cuisson', payload '{"ac_frequency":49.96,"current":0,"data_report_duration":60,"energy":60,"last_seen":"2025-08-24T17:46:16.823Z","linkquality":216,"power":0,"power_factor":100,"produced_energy":0,"voltage":231}'
[2025-08-24 19:46:17] info: 	z2m:mqtt: MQTT publish: topic 'zigbee2mqtt/prise mini pc (IKEA)', payload '{"current":0.07,"energy":5.86,"identify":null,"last_seen":"2025-08-24T17:46:17.216Z","linkquality":255,"power":22.8,"power_on_behavior":"previous","state":"ON","update":{"installed_version":33816645,"latest_version":33816645,"state":"idle"},"voltage":226.3}'
[2025-08-24 19:46:17] info: 	z2m:mqtt: MQTT publish: topic 'zigbee2mqtt/prise mini pc (IKEA)', payload '{"current":0.07,"energy":5.86,"identify":null,"last_seen":"2025-08-24T17:46:17.628Z","linkquality":255,"power":9.3,"power_on_behavior":"previous","state":"ON","update":{"installed_version":33816645,"latest_version":33816645,"state":"idle"},"voltage":226.3}'
[2025-08-24 19:46:18] info: 	z2m:mqtt: MQTT publish: topic 'zigbee2mqtt/Hue smart éco. PC Bureau', payload '{"last_seen":"2025-08-24T17:46:18.021Z","linkquality":255,"state":"ON","update":{"installed_version":16781314,"latest_version":16781314,"state":"idle"}}'
[2025-08-24 19:46:18] info: 	z2m:mqtt: MQTT publish: topic 'zigbee2mqtt/Hue smart éco. PC Bureau', payload '{"last_seen":"2025-08-24T17:46:18.021Z","linkquality":255,"state":"ON","update":{"installed_version":16781314,"latest_version":16781314,"state":"idle"}}'
[2025-08-24 19:46:18] info: 	z2m:mqtt: MQTT publish: topic 'zigbee2mqtt/prise horloge (IKEA)', payload '{"current":0.005,"energy":1.24,"identify":null,"last_seen":"2025-08-24T17:46:18.074Z","linkquality":255,"power":0.2,"power_on_behavior":"previous","state":"ON","update":{"installed_version":33816645,"latest_version":33816645,"state":"idle"},"voltage":234.8}'
[2025-08-24 19:46:18] info: 	z2m:mqtt: MQTT publish: topic 'zigbee2mqtt/prise horloge (IKEA)', payload '{"current":0.005,"energy":1.24,"identify":null,"last_seen":"2025-08-24T17:46:18.074Z","linkquality":255,"power":0.2,"power_on_behavior":"previous","state":"ON","update":{"installed_version":33816645,"latest_version":33816645,"state":"idle"},"voltage":234.8}'
[2025-08-24 19:46:18] info: 	z2m:mqtt: MQTT publish: topic 'zigbee2mqtt/prise tete de lit chambre', payload '{"current":0.05,"energy":25.58,"identify":null,"last_seen":"2025-08-24T17:46:18.087Z","linkquality":192,"power":3.8,"power_on_behavior":"on","state":"OFF","update":{"installed_version":33816645,"latest_version":33816645,"state":"idle"},"voltage":235.6}'
[2025-08-24 19:46:18] info: 	z2m:mqtt: MQTT publish: topic 'zigbee2mqtt/prise tete de lit chambre', payload '{"current":0.05,"energy":25.58,"identify":null,"last_seen":"2025-08-24T17:46:18.094Z","linkquality":192,"power":3.8,"power_on_behavior":"on","state":"OFF","update":{"installed_version":33816645,"latest_version":33816645,"state":"idle"},"voltage":235.6}'
[2025-08-24 19:46:18] info: 	z2m:mqtt: MQTT publish: topic 'zigbee2mqtt/prise tete de lit chambre', payload '{"current":0.05,"energy":25.58,"identify":null,"last_seen":"2025-08-24T17:46:18.094Z","linkquality":192,"power":3.8,"power_on_behavior":"on","state":"OFF","update":{"installed_version":33816645,"latest_version":33816645,"state":"idle"},"voltage":235.6}'
[2025-08-24 19:46:19] info: 	z2m:mqtt: MQTT publish: topic 'zigbee2mqtt/qualite air bureau (IKEA)', payload '{"humidity":64,"identify":null,"last_seen":"2025-08-24T17:46:19.098Z","linkquality":224,"pm25":45,"temperature":27,"update":{"installed_version":16777233,"latest_version":16777233,"state":"idle"},"voc_index":346}'
[2025-08-24 19:46:19] info: 	z2m:mqtt: MQTT publish: topic 'zigbee2mqtt/prise tete de lit chambre', payload '{"current":0.05,"energy":25.58,"identify":null,"last_seen":"2025-08-24T17:46:19.832Z","linkquality":192,"power":0,"power_on_behavior":"on","state":"OFF","update":{"installed_version":33816645,"latest_version":33816645,"state":"idle"},"voltage":235.6}'
[2025-08-24 19:46:20] info: 	z2m:mqtt: MQTT publish: topic 'zigbee2mqtt/prise bureau pc (IKEA)', payload '{"current":1.02,"energy":615.26,"identify":null,"last_seen":"2025-08-24T17:46:20.062Z","linkquality":255,"power":182.4,"power_on_behavior":"previous","state":"ON","update":{"installed_version":33816645,"latest_version":33816645,"state":"idle"},"voltage":228.6}'
[2025-08-24 19:46:21] info: 	z2m:mqtt: MQTT publish: topic 'zigbee2mqtt/prise congelateur cuisine (NOUS)', payload '{"child_lock":"LOCK","countdown":0,"current":0.21,"energy":186.78,"indicator_mode":"on","last_seen":"2025-08-24T17:46:21.237Z","linkquality":128,"power":30,"power_outage_memory":"on","state":"ON","update":{"installed_version":192,"latest_version":192,"state":"idle"},"voltage":226}'
[2025-08-24 19:46:22] info: 	z2m:mqtt: MQTT publish: topic 'zigbee2mqtt/qualite air chambre (IKEA)', payload '{"humidity":64,"identify":null,"last_seen":"2025-08-24T17:46:22.801Z","linkquality":200,"pm25":59,"temperature":27,"update":{"installed_version":16777233,"latest_version":16777233,"state":"idle"},"voc_index":271}'
[2025-08-24 19:46:22] info: 	z2m:mqtt: MQTT publish: topic 'zigbee2mqtt/qualite air chambre (IKEA)', payload '{"humidity":64,"identify":null,"last_seen":"2025-08-24T17:46:22.843Z","linkquality":200,"pm25":59,"temperature":27,"update":{"installed_version":16777233,"latest_version":16777233,"state":"idle"},"voc_index":314}'
[2025-08-24 19:46:24] info: 	z2m:mqtt: MQTT publish: topic 'zigbee2mqtt/prise bureau pc (IKEA)', payload '{"current":1.09,"energy":615.26,"identify":null,"last_seen":"2025-08-24T17:46:24.169Z","linkquality":255,"power":182.4,"power_on_behavior":"previous","state":"ON","update":{"installed_version":33816645,"latest_version":33816645,"state":"idle"},"voltage":228.6}'
[2025-08-24 19:46:24] info: 	z2m:mqtt: MQTT publish: topic 'zigbee2mqtt/qualite air salon (IKEA)', payload '{"humidity":64,"identify":null,"last_seen":"2025-08-24T17:46:24.535Z","linkquality":168,"pm25":28,"temperature":27,"update":{"installed_version":16777233,"latest_version":16777233,"state":"idle"},"voc_index":230}'
[2025-08-24 19:46:27] info: 	z2m:mqtt: MQTT publish: topic 'zigbee2mqtt/prise mini pc (IKEA)', payload '{"current":0.15,"energy":5.86,"identify":null,"last_seen":"2025-08-24T17:46:27.129Z","linkquality":255,"power":9.3,"power_on_behavior":"previous","state":"ON","update":{"installed_version":33816645,"latest_version":33816645,"state":"idle"},"voltage":226.3}'
[2025-08-24 19:46:27] info: 	z2m:mqtt: MQTT publish: topic 'zigbee2mqtt/prise mini pc (IKEA)', payload '{"current":0.15,"energy":5.86,"identify":null,"last_seen":"2025-08-24T17:46:27.591Z","linkquality":255,"power":15.4,"power_on_behavior":"previous","state":"ON","update":{"installed_version":33816645,"latest_version":33816645,"state":"idle"},"voltage":226.3}'
[2025-08-24 19:46:29] info: 	z2m:mqtt: MQTT publish: topic 'zigbee2mqtt/qualite air bureau (IKEA)', payload '{"humidity":63,"identify":null,"last_seen":"2025-08-24T17:46:29.030Z","linkquality":224,"pm25":45,"temperature":27,"update":{"installed_version":16777233,"latest_version":16777233,"state":"idle"},"voc_index":346}'
[2025-08-24 19:46:30] info: 	z2m:mqtt: MQTT publish: topic 'zigbee2mqtt/prise bureau pc (IKEA)', payload '{"current":1.09,"energy":615.26,"identify":null,"last_seen":"2025-08-24T17:46:30.023Z","linkquality":255,"power":190.2,"power_on_behavior":"previous","state":"ON","update":{"installed_version":33816645,"latest_version":33816645,"state":"idle"},"voltage":228.6}'
[2025-08-24 19:46:30] info: 	z2m:mqtt: MQTT publish: topic 'zigbee2mqtt/prise bureau pc (IKEA)', payload '{"current":1.09,"energy":615.26,"identify":null,"last_seen":"2025-08-24T17:46:30.231Z","linkquality":255,"power":190.2,"power_on_behavior":"previous","state":"ON","update":{"installed_version":33816645,"latest_version":33816645,"state":"idle"},"voltage":230.1}'
[2025-08-24 19:46:30] info: 	z2m:mqtt: MQTT publish: topic 'zigbee2mqtt/Radiateur élec cuisine ', payload '{"current":0,"energy":98.99,"last_seen":"2025-08-24T17:46:30.583Z","linkquality":196,"power":0,"power_outage_memory":"restore","state":"OFF","switch_type":"state","update":{"installed_version":72,"latest_version":72,"state":"idle"},"voltage":231}'
[2025-08-24 19:46:30] info: 	z2m:mqtt: MQTT publish: topic 'zigbee2mqtt/Radiateur élec cuisine ', payload '{"current":0,"energy":98.99,"last_seen":"2025-08-24T17:46:30.624Z","linkquality":196,"power":0,"power_outage_memory":"restore","state":"OFF","switch_type":"state","update":{"installed_version":72,"latest_version":72,"state":"idle"},"voltage":231}'
[2025-08-24 19:46:31] info: 	z2m:mqtt: MQTT publish: topic 'zigbee2mqtt/prise box internet (IKEA)', payload '{"current":0.12,"energy":86.62,"identify":null,"last_seen":"2025-08-24T17:46:31.690Z","linkquality":148,"power":13.4,"power_on_behavior":"previous","state":"ON","update":{"installed_version":33816645,"latest_version":33816645,"state":"idle"},"voltage":229.5}'
[2025-08-24 19:46:31] info: 	z2m:mqtt: MQTT publish: topic 'zigbee2mqtt/prise pc's gege (IKEA)', payload '{"current":0.67,"energy":310.05,"identify":null,"last_seen":"2025-08-24T17:46:31.705Z","linkquality":148,"power":122.3,"power_on_behavior":"on","state":"ON","update":{"installed_version":33816645,"latest_version":33816645,"state":"idle"},"voltage":230}'
[2025-08-24 19:46:32] info: 	z2m:mqtt: MQTT publish: topic 'zigbee2mqtt/prise horloge (IKEA)', payload '{"current":0.005,"energy":1.24,"identify":null,"last_seen":"2025-08-24T17:46:32.093Z","linkquality":255,"power":0.2,"power_on_behavior":"previous","state":"ON","update":{"installed_version":33816645,"latest_version":33816645,"state":"idle"},"voltage":236.5}'
[2025-08-24 19:46:32] info: 	z2m:mqtt: MQTT publish: topic 'zigbee2mqtt/prise tete de lit chambre', payload '{"current":0.05,"energy":25.58,"identify":null,"last_seen":"2025-08-24T17:46:32.830Z","linkquality":196,"power":0,"power_on_behavior":"on","state":"OFF","update":{"installed_version":33816645,"latest_version":33816645,"state":"idle"},"voltage":237.4}'
[2025-08-24 19:46:34] info: 	z2m:mqtt: MQTT publish: topic 'zigbee2mqtt/prise bureau pc (IKEA)', payload '{"current":1.08,"energy":615.26,"identify":null,"last_seen":"2025-08-24T17:46:34.133Z","linkquality":255,"power":190.2,"power_on_behavior":"previous","state":"ON","update":{"installed_version":33816645,"latest_version":33816645,"state":"idle"},"voltage":230.1}'
[2025-08-24 19:46:35] info: 	z2m:mqtt: MQTT publish: topic 'zigbee2mqtt/prise frigo cuisine (NOUS)', payload '{"child_lock":"LOCK","countdown":0,"current":0,"energy":106.05,"indicator_mode":"on/off","last_seen":"2025-08-24T17:46:14.674Z","linkquality":196,"power":0,"power_outage_memory":"on","state":"ON","update":{"installed_version":192,"latest_version":192,"state":"idle"},"voltage":228}'
[2025-08-24 19:46:35] info: 	z2m:mqtt: MQTT publish: topic 'zigbee2mqtt/prise frigo cuisine (NOUS)', payload '{"child_lock":"LOCK","countdown":0,"current":0,"energy":106.05,"indicator_mode":"on/off","last_seen":"2025-08-24T17:46:14.674Z","linkquality":196,"power":0,"power_outage_memory":"on","state":"ON","update":{"installed_version":192,"latest_version":192,"state":"idle"},"voltage":228}'
[2025-08-24 19:46:37] info: 	z2m:mqtt: MQTT publish: topic 'zigbee2mqtt/prise mini pc (IKEA)', payload '{"current":0.07,"energy":5.86,"identify":null,"last_seen":"2025-08-24T17:46:37.094Z","linkquality":255,"power":15.4,"power_on_behavior":"previous","state":"ON","update":{"installed_version":33816645,"latest_version":33816645,"state":"idle"},"voltage":226.3}'
[2025-08-24 19:46:37] info: 	z2m:mqtt: MQTT publish: topic 'zigbee2mqtt/prise lave vaisselle (NOUS)', payload '{"child_lock":"LOCK","countdown":0,"current":0,"energy":115.82,"indicator_mode":"on","last_seen":"2025-08-24T17:46:37.340Z","linkquality":148,"power":0,"power_outage_memory":"on","state":"ON","update":{"installed_version":192,"latest_version":192,"state":"idle"},"voltage":230}'
[2025-08-24 19:46:37] info: 	z2m:mqtt: MQTT publish: topic 'zigbee2mqtt/prise mini pc (IKEA)', payload '{"current":0.07,"energy":5.86,"identify":null,"last_seen":"2025-08-24T17:46:37.554Z","linkquality":255,"power":7.7,"power_on_behavior":"previous","state":"ON","update":{"installed_version":33816645,"latest_version":33816645,"state":"idle"},"voltage":226.3}'
[2025-08-24 19:46:37] info: 	z2m:mqtt: MQTT publish: topic 'zigbee2mqtt/prise lave linge (NOUS)', payload '{"child_lock":"LOCK","countdown":0,"current":0,"energy":100.64,"indicator_mode":"on","last_seen":"2025-08-24T17:46:37.759Z","linkquality":188,"power":0,"power_outage_memory":"on","state":"ON","update":{"installed_version":192,"latest_version":192,"state":"idle"},"voltage":228}'
[2025-08-24 19:46:38] info: 	z2m:mqtt: MQTT publish: topic 'zigbee2mqtt/prise tv chambre (NOUS)', payload '{"child_lock":"LOCK","countdown":0,"current":0,"energy":164.71,"indicator_mode":"off","last_seen":"2025-08-24T17:46:38.317Z","linkquality":168,"power":0,"power_outage_memory":"on","state":"ON","update":{"installed_version":192,"latest_version":192,"state":"idle"},"voltage":228}'
[2025-08-24 19:46:39] info: 	z2m:mqtt: MQTT publish: topic 'zigbee2mqtt/Radiateur élec cuisine ', payload '{"current":0,"energy":98.99,"last_seen":"2025-08-24T17:46:39.110Z","linkquality":196,"power":0,"power_outage_memory":"restore","state":"OFF","switch_type":"state","update":{"installed_version":72,"latest_version":72,"state":"idle"},"voltage":231}'
[2025-08-24 19:46:39] info: 	z2m:mqtt: MQTT publish: topic 'zigbee2mqtt/qualite air bureau (IKEA)', payload '{"humidity":64,"identify":null,"last_seen":"2025-08-24T17:46:39.667Z","linkquality":228,"pm25":45,"temperature":27,"update":{"installed_version":16777233,"latest_version":16777233,"state":"idle"},"voc_index":346}'
[2025-08-24 19:46:39] info: 	z2m:mqtt: MQTT publish: topic 'zigbee2mqtt/prise bureau pc (IKEA)', payload '{"current":1.08,"energy":615.26,"identify":null,"last_seen":"2025-08-24T17:46:39.997Z","linkquality":255,"power":180.4,"power_on_behavior":"previous","state":"ON","update":{"installed_version":33816645,"latest_version":33816645,"state":"idle"},"voltage":230.1}'
[2025-08-24 19:46:40] info: 	z2m:mqtt: MQTT publish: topic 'zigbee2mqtt/qualite air bureau (IKEA)', payload '{"humidity":64,"identify":null,"last_seen":"2025-08-24T17:46:40.676Z","linkquality":224,"pm25":40,"temperature":27,"update":{"installed_version":16777233,"latest_version":16777233,"state":"idle"},"voc_index":346}'
[2025-08-24 19:46:40] info: 	z2m:mqtt: MQTT publish: topic 'zigbee2mqtt/qualite air bureau (IKEA)', payload '{"humidity":64,"identify":null,"last_seen":"2025-08-24T17:46:40.766Z","linkquality":224,"pm25":40,"temperature":27,"update":{"installed_version":16777233,"latest_version":16777233,"state":"idle"},"voc_index":347}'
[2025-08-24 19:46:42] info: 	z2m:mqtt: MQTT publish: topic 'zigbee2mqtt/détecteur de fuite (IKEA)', payload '{"battery":100,"identify":null,"last_seen":"2025-08-24T17:46:42.904Z","linkquality":144,"update":{"installed_version":16777223,"latest_version":16777223,"state":"idle"},"voltage":1500,"water_leak":false}'
[2025-08-24 19:46:44] info: 	z2m:mqtt: MQTT publish: topic 'zigbee2mqtt/prise bureau pc (IKEA)', payload '{"current":1.01,"energy":615.26,"identify":null,"last_seen":"2025-08-24T17:46:44.096Z","linkquality":255,"power":180.4,"power_on_behavior":"previous","state":"ON","update":{"installed_version":33816645,"latest_version":33816645,"state":"idle"},"voltage":230.1}'
[2025-08-24 19:46:46] info: 	z2m:mqtt: MQTT publish: topic 'zigbee2mqtt/prise pc's gege (IKEA)', payload '{"current":0.67,"energy":310.05,"identify":null,"last_seen":"2025-08-24T17:46:46.851Z","linkquality":148,"power":124.4,"power_on_behavior":"on","state":"ON","update":{"installed_version":33816645,"latest_version":33816645,"state":"idle"},"voltage":230}'
[2025-08-24 19:46:47] info: 	z2m:mqtt: MQTT publish: topic 'zigbee2mqtt/prise mini pc (IKEA)', payload '{"current":0.12,"energy":5.86,"identify":null,"last_seen":"2025-08-24T17:46:47.055Z","linkquality":255,"power":7.7,"power_on_behavior":"previous","state":"ON","update":{"installed_version":33816645,"latest_version":33816645,"state":"idle"},"voltage":226.3}'
[2025-08-24 19:46:47] info: 	z2m:mqtt: MQTT publish: topic 'zigbee2mqtt/prise mini pc (IKEA)', payload '{"current":0.12,"energy":5.86,"identify":null,"last_seen":"2025-08-24T17:46:47.543Z","linkquality":255,"power":15.1,"power_on_behavior":"previous","state":"ON","update":{"installed_version":33816645,"latest_version":33816645,"state":"idle"},"voltage":226.3}'
[2025-08-24 19:46:49] info: 	z2m:mqtt: MQTT publish: topic 'zigbee2mqtt/prise bureau pc (IKEA)', payload '{"current":1.01,"energy":615.26,"identify":null,"last_seen":"2025-08-24T17:46:49.951Z","linkquality":255,"power":189.6,"power_on_behavior":"previous","state":"ON","update":{"installed_version":33816645,"latest_version":33816645,"state":"idle"},"voltage":230.1}'
[2025-08-24 19:46:50] info: 	z2m:mqtt: MQTT publish: topic 'zigbee2mqtt/qualite air chambre (IKEA)', payload '{"humidity":64,"identify":null,"last_seen":"2025-08-24T17:46:50.357Z","linkquality":200,"pm25":59,"temperature":27,"update":{"installed_version":16777233,"latest_version":16777233,"state":"idle"},"voc_index":314}'
[2025-08-24 19:46:50] info: 	z2m:mqtt: MQTT publish: topic 'zigbee2mqtt/prise tete de lit chambre', payload '{"current":0.05,"energy":25.58,"identify":null,"last_seen":"2025-08-24T17:46:50.617Z","linkquality":192,"power":0,"power_on_behavior":"on","state":"OFF","update":{"installed_version":33816645,"latest_version":33816645,"state":"idle"},"voltage":236.9}'
[2025-08-24 19:46:50] info: 	z2m:mqtt: MQTT publish: topic 'zigbee2mqtt/prise box internet (IKEA)', payload '{"current":0.12,"energy":86.62,"identify":null,"last_seen":"2025-08-24T17:46:50.875Z","linkquality":148,"power":13.4,"power_on_behavior":"previous","state":"ON","update":{"installed_version":33816645,"latest_version":33816645,"state":"idle"},"voltage":229}'
[2025-08-24 19:46:51] info: 	z2m:mqtt: MQTT publish: topic 'zigbee2mqtt/prise pc's gege (IKEA)', payload '{"current":0.67,"energy":310.05,"identify":null,"last_seen":"2025-08-24T17:46:51.018Z","linkquality":148,"power":124.4,"power_on_behavior":"on","state":"ON","update":{"installed_version":33816645,"latest_version":33816645,"state":"idle"},"voltage":229.5}'
[2025-08-24 19:46:51] info: 	z2m:mqtt: MQTT publish: topic 'zigbee2mqtt/prise horloge (IKEA)', payload '{"current":0.005,"energy":1.24,"identify":null,"last_seen":"2025-08-24T17:46:51.339Z","linkquality":255,"power":0.2,"power_on_behavior":"previous","state":"ON","update":{"installed_version":33816645,"latest_version":33816645,"state":"idle"},"voltage":235.9}'
[2025-08-24 19:46:52] info: 	z2m:mqtt: MQTT publish: topic 'zigbee2mqtt/prise bureau pc (IKEA)', payload '{"current":1.01,"energy":615.26,"identify":null,"last_seen":"2025-08-24T17:46:52.440Z","linkquality":255,"power":189.6,"power_on_behavior":"previous","state":"ON","update":{"installed_version":33816645,"latest_version":33816645,"state":"idle"},"voltage":229.6}'
[2025-08-24 19:46:54] info: 	z2m:mqtt: MQTT publish: topic 'zigbee2mqtt/prise bureau pc (IKEA)', payload '{"current":1.09,"energy":615.26,"identify":null,"last_seen":"2025-08-24T17:46:54.060Z","linkquality":255,"power":189.6,"power_on_behavior":"previous","state":"ON","update":{"installed_version":33816645,"latest_version":33816645,"state":"idle"},"voltage":229.6}'
[2025-08-24 19:46:56] info: 	z2m:mqtt: MQTT publish: topic 'zigbee2mqtt/prise pc's gege (IKEA)', payload '{"current":0.67,"energy":310.05,"identify":null,"last_seen":"2025-08-24T17:46:56.874Z","linkquality":148,"power":119.7,"power_on_behavior":"on","state":"ON","update":{"installed_version":33816645,"latest_version":33816645,"state":"idle"},"voltage":229.5}'
[2025-08-24 19:46:57] info: 	z2m:mqtt: MQTT publish: topic 'zigbee2mqtt/prise mini pc (IKEA)', payload '{"current":0.12,"energy":5.86,"identify":null,"last_seen":"2025-08-24T17:46:57.506Z","linkquality":255,"power":19,"power_on_behavior":"previous","state":"ON","update":{"installed_version":33816645,"latest_version":33816645,"state":"idle"},"voltage":226.3}'
[2025-08-24 19:46:59] info: 	z2m:mqtt: MQTT publish: topic 'zigbee2mqtt/prise bureau pc (IKEA)', payload '{"current":1.09,"energy":615.26,"identify":null,"last_seen":"2025-08-24T17:46:59.914Z","linkquality":255,"power":190.3,"power_on_behavior":"previous","state":"ON","update":{"installed_version":33816645,"latest_version":33816645,"state":"idle"},"voltage":229.6}'
[2025-08-24 19:47:00] info: 	z2m:mqtt: MQTT publish: topic 'zigbee2mqtt/qualite air chambre (IKEA)', payload '{"humidity":65,"identify":null,"last_seen":"2025-08-24T17:47:00.318Z","linkquality":200,"pm25":59,"temperature":27,"update":{"installed_version":16777233,"latest_version":16777233,"state":"idle"},"voc_index":314}'
[2025-08-24 19:47:00] info: 	z2m:mqtt: MQTT publish: topic 'zigbee2mqtt/qualite air salon (IKEA)', payload '{"humidity":64,"identify":null,"last_seen":"2025-08-24T17:47:00.960Z","linkquality":164,"pm25":21,"temperature":27,"update":{"installed_version":16777233,"latest_version":16777233,"state":"idle"},"voc_index":230}'
[2025-08-24 19:47:01] info: 	z2m:mqtt: MQTT publish: topic 'zigbee2mqtt/qualite air salon (IKEA)', payload '{"humidity":64,"identify":null,"last_seen":"2025-08-24T17:47:01.019Z","linkquality":164,"pm25":21,"temperature":27,"update":{"installed_version":16777233,"latest_version":16777233,"state":"idle"},"voc_index":250}'
[2025-08-24 19:47:03] info: 	z2m:mqtt: MQTT publish: topic 'zigbee2mqtt/prise tete de lit chambre', payload '{"current":0.05,"energy":25.58,"identify":null,"last_seen":"2025-08-24T17:47:03.955Z","linkquality":192,"power":0,"power_on_behavior":"on","state":"OFF","update":{"installed_version":33816645,"latest_version":33816645,"state":"idle"},"voltage":236.4}'
[2025-08-24 19:47:04] info: 	z2m:mqtt: MQTT publish: topic 'zigbee2mqtt/prise box internet (IKEA)', payload '{"current":0.12,"energy":86.62,"identify":null,"last_seen":"2025-08-24T17:47:04.282Z","linkquality":148,"power":13.4,"power_on_behavior":"previous","state":"ON","update":{"installed_version":33816645,"latest_version":33816645,"state":"idle"},"voltage":228.5}'
[2025-08-24 19:47:04] info: 	z2m:mqtt: MQTT publish: topic 'zigbee2mqtt/prise horloge (IKEA)', payload '{"current":0.005,"energy":1.24,"identify":null,"last_seen":"2025-08-24T17:47:04.804Z","linkquality":255,"power":0.2,"power_on_behavior":"previous","state":"ON","update":{"installed_version":33816645,"latest_version":33816645,"state":"idle"},"voltage":235.4}'
[2025-08-24 19:47:05] info: 	z2m:mqtt: MQTT publish: topic 'zigbee2mqtt/prise bureau pc (IKEA)', payload '{"current":1.09,"energy":615.26,"identify":null,"last_seen":"2025-08-24T17:47:05.783Z","linkquality":255,"power":190.3,"power_on_behavior":"previous","state":"ON","update":{"installed_version":33816645,"latest_version":33816645,"state":"idle"},"voltage":229.1}'
[2025-08-24 19:47:05] info: 	z2m:mqtt: MQTT publish: topic 'zigbee2mqtt/prise pc's gege (IKEA)', payload '{"current":0.67,"energy":310.05,"identify":null,"last_seen":"2025-08-24T17:47:05.845Z","linkquality":148,"power":119.7,"power_on_behavior":"on","state":"ON","update":{"installed_version":33816645,"latest_version":33816645,"state":"idle"},"voltage":228.9}'
[2025-08-24 19:47:06] info: 	z2m:mqtt: MQTT publish: topic 'zigbee2mqtt/prise mini pc (IKEA)', payload '{"current":0.17,"energy":5.86,"identify":null,"last_seen":"2025-08-24T17:47:06.848Z","linkquality":255,"power":19,"power_on_behavior":"previous","state":"ON","update":{"installed_version":33816645,"latest_version":33816645,"state":"idle"},"voltage":226.3}'
[2025-08-24 19:47:06] info: 	z2m:mqtt: MQTT publish: topic 'zigbee2mqtt/prise pc's gege (IKEA)', payload '{"current":0.67,"energy":310.05,"identify":null,"last_seen":"2025-08-24T17:47:06.870Z","linkquality":148,"power":122,"power_on_behavior":"on","state":"ON","update":{"installed_version":33816645,"latest_version":33816645,"state":"idle"},"voltage":228.9}'
[2025-08-24 19:47:08] info: 	z2m:mqtt: MQTT publish: topic 'zigbee2mqtt/prise lave linge (NOUS)', payload '{"child_lock":"LOCK","countdown":0,"current":0,"energy":100.64,"indicator_mode":"on","last_seen":"2025-08-24T17:47:08.577Z","linkquality":188,"power":0,"power_outage_memory":"on","state":"ON","update":{"installed_version":192,"latest_version":192,"state":"idle"},"voltage":229}'
[2025-08-24 19:47:08] info: 	z2m:mqtt: MQTT publish: topic 'zigbee2mqtt/prise lave linge (NOUS)', payload '{"child_lock":"LOCK","countdown":0,"current":0,"energy":100.64,"indicator_mode":"on","last_seen":"2025-08-24T17:47:08.616Z","linkquality":188,"power":0,"power_outage_memory":"on","state":"ON","update":{"installed_version":192,"latest_version":192,"state":"idle"},"voltage":229}'
[2025-08-24 19:47:08] info: 	z2m:mqtt: MQTT publish: topic 'zigbee2mqtt/prise lave vaisselle (NOUS)', payload '{"child_lock":"LOCK","countdown":0,"current":0,"energy":115.82,"indicator_mode":"on","last_seen":"2025-08-24T17:47:08.736Z","linkquality":148,"power":0,"power_outage_memory":"on","state":"ON","update":{"installed_version":192,"latest_version":192,"state":"idle"},"voltage":228}'
[2025-08-24 19:47:08] info: 	z2m:mqtt: MQTT publish: topic 'zigbee2mqtt/prise lave vaisselle (NOUS)', payload '{"child_lock":"LOCK","countdown":0,"current":0,"energy":115.82,"indicator_mode":"on","last_seen":"2025-08-24T17:47:08.776Z","linkquality":148,"power":0,"power_outage_memory":"on","state":"ON","update":{"installed_version":192,"latest_version":192,"state":"idle"},"voltage":228}'
[2025-08-24 19:47:09] info: 	z2m:mqtt: MQTT publish: topic 'zigbee2mqtt/prise bureau pc (IKEA)', payload '{"current":1.09,"energy":615.26,"identify":null,"last_seen":"2025-08-24T17:47:09.877Z","linkquality":255,"power":191,"power_on_behavior":"previous","state":"ON","update":{"installed_version":33816645,"latest_version":33816645,"state":"idle"},"voltage":229.1}'
[2025-08-24 19:47:16] info: 	z2m:mqtt: MQTT publish: topic 'zigbee2mqtt/Four et Plaque de Cuisson', payload '{"ac_frequency":49.96,"current":0,"data_report_duration":60,"energy":60,"last_seen":"2025-08-24T17:47:16.362Z","linkquality":216,"power":0,"power_factor":100,"produced_energy":0,"voltage":231}'
[2025-08-24 19:47:16] info: 	z2m:mqtt: MQTT publish: topic 'zigbee2mqtt/Four et Plaque de Cuisson', payload '{"ac_frequency":49.96,"current":0,"data_report_duration":60,"energy":60,"last_seen":"2025-08-24T17:47:16.407Z","linkquality":216,"power":0,"power_factor":100,"produced_energy":0,"voltage":231}'
[2025-08-24 19:47:16] info: 	z2m:mqtt: MQTT publish: topic 'zigbee2mqtt/Four et Plaque de Cuisson', payload '{"ac_frequency":49.96,"current":0,"data_report_duration":60,"energy":60,"last_seen":"2025-08-24T17:47:16.451Z","linkquality":216,"power":0,"power_factor":100,"produced_energy":0,"voltage":231}'
[2025-08-24 19:47:16] info: 	z2m:mqtt: MQTT publish: topic 'zigbee2mqtt/Four et Plaque de Cuisson', payload '{"ac_frequency":49.96,"current":0,"data_report_duration":60,"energy":60,"last_seen":"2025-08-24T17:47:16.495Z","linkquality":216,"power":0,"power_factor":100,"produced_energy":0,"voltage":231}'
[2025-08-24 19:47:16] info: 	z2m:mqtt: MQTT publish: topic 'zigbee2mqtt/Four et Plaque de Cuisson', payload '{"ac_frequency":49.98,"current":0,"data_report_duration":60,"energy":60,"last_seen":"2025-08-24T17:47:16.548Z","linkquality":216,"power":0,"power_factor":100,"produced_energy":0,"voltage":231}'
[2025-08-24 19:47:16] info: 	z2m:mqtt: MQTT publish: topic 'zigbee2mqtt/Four et Plaque de Cuisson', payload '{"ac_frequency":49.98,"current":0,"data_report_duration":60,"energy":60,"last_seen":"2025-08-24T17:47:16.594Z","linkquality":212,"power":0,"power_factor":100,"produced_energy":0,"voltage":231}'
[2025-08-24 19:47:16] info: 	z2m:mqtt: MQTT publish: topic 'zigbee2mqtt/Four et Plaque de Cuisson', payload '{"ac_frequency":49.98,"current":0,"data_report_duration":60,"energy":60,"last_seen":"2025-08-24T17:47:16.641Z","linkquality":216,"power":0,"power_factor":100,"produced_energy":0,"voltage":231}'
[2025-08-24 19:47:16] info: 	z2m:mqtt: MQTT publish: topic 'zigbee2mqtt/Four et Plaque de Cuisson', payload '{"ac_frequency":49.98,"current":0,"data_report_duration":60,"energy":60,"last_seen":"2025-08-24T17:47:16.684Z","linkquality":216,"power":0,"power_factor":100,"produced_energy":0,"voltage":231}'
[2025-08-24 19:47:16] info: 	z2m:mqtt: MQTT publish: topic 'zigbee2mqtt/prise pc's gege (IKEA)', payload '{"current":0.67,"energy":310.05,"identify":null,"last_seen":"2025-08-24T17:47:16.868Z","linkquality":176,"power":120.2,"power_on_behavior":"on","state":"ON","update":{"installed_version":33816645,"latest_version":33816645,"state":"idle"},"voltage":228.9}'
[2025-08-24 19:47:17] info: 	z2m:mqtt: MQTT publish: topic 'zigbee2mqtt/Clim Salon (NOUS)', payload '{"child_lock":"LOCK","countdown":0,"current":0,"energy":414.52,"indicator_mode":"on","last_seen":"2025-08-24T17:47:17.882Z","linkquality":148,"power":0,"power_outage_memory":"restore","state":"OFF","update":{"installed_version":192,"latest_version":192,"state":"idle"},"voltage":228}'
[2025-08-24 19:47:18] info: 	z2m:mqtt: MQTT publish: topic 'zigbee2mqtt/Clim Salon (NOUS)', payload '{"child_lock":"LOCK","countdown":0,"current":0,"energy":414.52,"indicator_mode":"on","last_seen":"2025-08-24T17:47:18.027Z","linkquality":144,"power":0,"power_outage_memory":"restore","state":"OFF","update":{"installed_version":192,"latest_version":192,"state":"idle"},"voltage":228}'
[2025-08-24 19:47:20] info: 	z2m:mqtt: MQTT publish: topic 'zigbee2mqtt/prise tete de lit chambre', payload '{"current":0.05,"energy":25.58,"identify":null,"last_seen":"2025-08-24T17:47:20.348Z","linkquality":192,"power":0,"power_on_behavior":"on","state":"OFF","update":{"installed_version":33816645,"latest_version":33816645,"state":"idle"},"voltage":235.9}'
[2025-08-24 19:47:20] info: 	z2m:mqtt: MQTT publish: topic 'zigbee2mqtt/prise box internet (IKEA)', payload '{"current":0.12,"energy":86.62,"identify":null,"last_seen":"2025-08-24T17:47:20.710Z","linkquality":148,"power":13.4,"power_on_behavior":"previous","state":"ON","update":{"installed_version":33816645,"latest_version":33816645,"state":"idle"},"voltage":228}'
[2025-08-24 19:47:21] info: 	z2m:mqtt: MQTT publish: topic 'zigbee2mqtt/prise horloge (IKEA)', payload '{"current":0.005,"energy":1.24,"identify":null,"last_seen":"2025-08-24T17:47:21.320Z","linkquality":255,"power":0.2,"power_on_behavior":"previous","state":"ON","update":{"installed_version":33816645,"latest_version":33816645,"state":"idle"},"voltage":234.9}'
[2025-08-24 19:47:24] info: 	z2m:mqtt: MQTT publish: topic 'zigbee2mqtt/prise tv chambre (NOUS)', payload '{"child_lock":"LOCK","countdown":0,"current":0,"energy":164.71,"indicator_mode":"off","last_seen":"2025-08-24T17:47:24.411Z","linkquality":164,"power":0,"power_outage_memory":"on","state":"ON","update":{"installed_version":192,"latest_version":192,"state":"idle"},"voltage":226}'
[2025-08-24 19:47:24] info: 	z2m:mqtt: MQTT publish: topic 'zigbee2mqtt/prise tv chambre (NOUS)', payload '{"child_lock":"LOCK","countdown":0,"current":0,"energy":164.71,"indicator_mode":"off","last_seen":"2025-08-24T17:47:24.455Z","linkquality":164,"power":0,"power_outage_memory":"on","state":"ON","update":{"installed_version":192,"latest_version":192,"state":"idle"},"voltage":226}'
[2025-08-24 19:47:25] info: 	z2m:mqtt: MQTT publish: topic 'zigbee2mqtt/prise bureau pc (IKEA)', payload '{"current":1.09,"energy":615.26,"identify":null,"last_seen":"2025-08-24T17:47:25.174Z","linkquality":255,"power":191,"power_on_behavior":"previous","state":"ON","update":{"installed_version":33816645,"latest_version":33816645,"state":"idle"},"voltage":228.6}'
[2025-08-24 19:47:26] info: 	z2m:mqtt: MQTT publish: topic 'zigbee2mqtt/prise pc's gege (IKEA)', payload '{"current":0.67,"energy":310.05,"identify":null,"last_seen":"2025-08-24T17:47:26.566Z","linkquality":172,"power":120.2,"power_on_behavior":"on","state":"ON","update":{"installed_version":33816645,"latest_version":33816645,"state":"idle"},"voltage":228.3}'
[2025-08-24 19:47:27] info: 	z2m:mqtt: MQTT publish: topic 'zigbee2mqtt/Clim Chambre (NOUS)', payload '{"child_lock":"LOCK","countdown":0,"current":0,"energy":392.86,"indicator_mode":"on","last_seen":"2025-08-24T17:47:27.075Z","linkquality":160,"power":0,"power_outage_memory":"restore","state":"OFF","update":{"installed_version":192,"latest_version":192,"state":"idle"},"voltage":227}'
[2025-08-24 19:47:28] info: 	z2m:mqtt: MQTT publish: topic 'zigbee2mqtt/prise bureau pc (IKEA)', payload '{"current":1.09,"energy":615.26,"identify":null,"last_seen":"2025-08-24T17:47:28.402Z","linkquality":255,"power":188.4,"power_on_behavior":"previous","state":"ON","update":{"installed_version":33816645,"latest_version":33816645,"state":"idle"},"voltage":228.6}'
[2025-08-24 19:47:29] info: 	z2m:mqtt: MQTT publish: topic 'zigbee2mqtt/Clim Salon (NOUS)', payload '{"child_lock":"LOCK","countdown":0,"current":0,"energy":414.52,"indicator_mode":"on","last_seen":"2025-08-24T17:47:18.027Z","linkquality":144,"power":0,"power_outage_memory":"restore","state":"OFF","update":{"installed_version":192,"latest_version":192,"state":"idle"},"voltage":228}'
[2025-08-24 19:47:29] info: 	z2m:mqtt: MQTT publish: topic 'zigbee2mqtt/Clim Salon (NOUS)', payload '{"child_lock":"LOCK","countdown":0,"current":0,"energy":414.52,"indicator_mode":"on","last_seen":"2025-08-24T17:47:18.027Z","linkquality":144,"power":0,"power_outage_memory":"restore","state":"OFF","update":{"installed_version":192,"latest_version":192,"state":"idle"},"voltage":228}'
[2025-08-24 19:47:29] info: 	z2m:mqtt: MQTT publish: topic 'zigbee2mqtt/prise bureau pc (IKEA)', payload '{"current":1.02,"energy":615.26,"identify":null,"last_seen":"2025-08-24T17:47:29.430Z","linkquality":255,"power":188.4,"power_on_behavior":"previous","state":"ON","update":{"installed_version":33816645,"latest_version":33816645,"state":"idle"},"voltage":228.6}'
[2025-08-24 19:47:29] info: 	z2m:mqtt: MQTT publish: topic 'zigbee2mqtt/prise mini pc (IKEA)', payload '{"current":0.17,"energy":5.86,"identify":null,"last_seen":"2025-08-24T17:47:29.543Z","linkquality":255,"power":9.1,"power_on_behavior":"previous","state":"ON","update":{"installed_version":33816645,"latest_version":33816645,"state":"idle"},"voltage":226.3}'
[2025-08-24 19:47:29] info: 	z2m:mqtt: MQTT publish: topic 'zigbee2mqtt/prise lave linge (NOUS)', payload '{"child_lock":"LOCK","countdown":0,"current":0,"energy":100.64,"indicator_mode":"on","last_seen":"2025-08-24T17:47:08.616Z","linkquality":188,"power":0,"power_outage_memory":"on","state":"ON","update":{"installed_version":192,"latest_version":192,"state":"idle"},"voltage":229}'
[2025-08-24 19:47:29] info: 	z2m:mqtt: MQTT publish: topic 'zigbee2mqtt/prise lave linge (NOUS)', payload '{"child_lock":"LOCK","countdown":0,"current":0,"energy":100.64,"indicator_mode":"on","last_seen":"2025-08-24T17:47:08.616Z","linkquality":188,"power":0,"power_outage_memory":"on","state":"ON","update":{"installed_version":192,"latest_version":192,"state":"idle"},"voltage":229}'
[2025-08-24 19:47:29] info: 	z2m:mqtt: MQTT publish: topic 'zigbee2mqtt/prise lave vaisselle (NOUS)', payload '{"child_lock":"LOCK","countdown":0,"current":0,"energy":115.82,"indicator_mode":"on","last_seen":"2025-08-24T17:47:08.776Z","linkquality":148,"power":0,"power_outage_memory":"on","state":"ON","update":{"installed_version":192,"latest_version":192,"state":"idle"},"voltage":228}'
[2025-08-24 19:47:29] info: 	z2m:mqtt: MQTT publish: topic 'zigbee2mqtt/prise lave vaisselle (NOUS)', payload '{"child_lock":"LOCK","countdown":0,"current":0,"energy":115.82,"indicator_mode":"on","last_seen":"2025-08-24T17:47:08.776Z","linkquality":148,"power":0,"power_outage_memory":"on","state":"ON","update":{"installed_version":192,"latest_version":192,"state":"idle"},"voltage":228}'
[2025-08-24 19:47:30] info: 	z2m:mqtt: MQTT publish: topic 'zigbee2mqtt/prise tete de lit chambre', payload '{"current":0.05,"energy":25.58,"identify":null,"last_seen":"2025-08-24T17:47:30.258Z","linkquality":196,"power":0,"power_on_behavior":"on","state":"OFF","update":{"installed_version":33816645,"latest_version":33816645,"state":"idle"},"voltage":235.3}'
[2025-08-24 19:47:30] info: 	z2m:mqtt: MQTT publish: topic 'zigbee2mqtt/prise mini pc (IKEA)', payload '{"current":0.09,"energy":5.86,"identify":null,"last_seen":"2025-08-24T17:47:30.519Z","linkquality":255,"power":9.1,"power_on_behavior":"previous","state":"ON","update":{"installed_version":33816645,"latest_version":33816645,"state":"idle"},"voltage":226.3}'
[2025-08-24 19:47:30] info: 	z2m:mqtt: MQTT publish: topic 'zigbee2mqtt/prise box internet (IKEA)', payload '{"current":0.12,"energy":86.62,"identify":null,"last_seen":"2025-08-24T17:47:30.617Z","linkquality":148,"power":13.4,"power_on_behavior":"previous","state":"ON","update":{"installed_version":33816645,"latest_version":33816645,"state":"idle"},"voltage":227.5}'
[2025-08-24 19:47:31] info: 	z2m:mqtt: MQTT publish: topic 'zigbee2mqtt/prise horloge (IKEA)', payload '{"current":0.005,"energy":1.24,"identify":null,"last_seen":"2025-08-24T17:47:31.240Z","linkquality":255,"power":0.2,"power_on_behavior":"previous","state":"ON","update":{"installed_version":33816645,"latest_version":33816645,"state":"idle"},"voltage":234.5}'
[2025-08-24 19:47:38] info: 	z2m:mqtt: MQTT publish: topic 'zigbee2mqtt/prise bureau pc (IKEA)', payload '{"current":1.02,"energy":615.26,"identify":null,"last_seen":"2025-08-24T17:47:38.405Z","linkquality":255,"power":188.1,"power_on_behavior":"previous","state":"ON","update":{"installed_version":33816645,"latest_version":33816645,"state":"idle"},"voltage":228.6}'
[2025-08-24 19:47:39] info: 	z2m:mqtt: MQTT publish: topic 'zigbee2mqtt/prise bureau pc (IKEA)', payload '{"current":1.08,"energy":615.26,"identify":null,"last_seen":"2025-08-24T17:47:39.391Z","linkquality":255,"power":188.1,"power_on_behavior":"previous","state":"ON","update":{"installed_version":33816645,"latest_version":33816645,"state":"idle"},"voltage":228.6}'
[2025-08-24 19:47:39] info: 	z2m:mqtt: MQTT publish: topic 'zigbee2mqtt/prise mini pc (IKEA)', payload '{"current":0.09,"energy":5.86,"identify":null,"last_seen":"2025-08-24T17:47:39.464Z","linkquality":255,"power":18.3,"power_on_behavior":"previous","state":"ON","update":{"installed_version":33816645,"latest_version":33816645,"state":"idle"},"voltage":226.3}'
[2025-08-24 19:47:40] info: 	z2m:mqtt: MQTT publish: topic 'zigbee2mqtt/prise mini pc (IKEA)', payload '{"current":0.15,"energy":5.86,"identify":null,"last_seen":"2025-08-24T17:47:40.482Z","linkquality":255,"power":18.3,"power_on_behavior":"previous","state":"ON","update":{"installed_version":33816645,"latest_version":33816645,"state":"idle"},"voltage":226.3}'
[2025-08-24 19:47:41] info: 	z2m:mqtt: MQTT publish: topic 'zigbee2mqtt/qualite air chambre (IKEA)', payload '{"humidity":64,"identify":null,"last_seen":"2025-08-24T17:47:41.334Z","linkquality":200,"pm25":59,"temperature":27,"update":{"installed_version":16777233,"latest_version":16777233,"state":"idle"},"voc_index":314}'
[2025-08-24 19:47:43] info: 	z2m:mqtt: MQTT publish: topic 'zigbee2mqtt/prise tete de lit chambre', payload '{"current":0.05,"energy":25.58,"identify":null,"last_seen":"2025-08-24T17:47:43.981Z","linkquality":192,"power":0,"power_on_behavior":"on","state":"OFF","update":{"installed_version":33816645,"latest_version":33816645,"state":"idle"},"voltage":235.8}'
[2025-08-24 19:47:44] info: 	z2m:mqtt: MQTT publish: topic 'zigbee2mqtt/Prise Bureau Fer à Repasser (NOUS)', payload '{"child_lock":"UNLOCK","countdown":0,"current":0,"energy":1.99,"indicator_mode":"off/on","last_seen":"2025-08-24T17:47:44.242Z","linkquality":192,"power":0,"power_outage_memory":"on","state":"ON","update":{"installed_version":192,"latest_version":192,"state":"idle"},"voltage":229}'
[2025-08-24 19:47:44] info: 	z2m:mqtt: MQTT publish: topic 'zigbee2mqtt/Prise Bureau Fer à Repasser (NOUS)', payload '{"child_lock":"UNLOCK","countdown":0,"current":0,"energy":1.99,"indicator_mode":"off/on","last_seen":"2025-08-24T17:47:44.283Z","linkquality":192,"power":0,"power_outage_memory":"on","state":"ON","update":{"installed_version":192,"latest_version":192,"state":"idle"},"voltage":229}'
[2025-08-24 19:47:45] info: 	z2m:mqtt: MQTT publish: topic 'zigbee2mqtt/prise tv chambre (NOUS)', payload '{"child_lock":"LOCK","countdown":0,"current":0,"energy":164.71,"indicator_mode":"off","last_seen":"2025-08-24T17:47:24.455Z","linkquality":164,"power":0,"power_outage_memory":"on","state":"ON","update":{"installed_version":192,"latest_version":192,"state":"idle"},"voltage":226}'
[2025-08-24 19:47:45] info: 	z2m:mqtt: MQTT publish: topic 'zigbee2mqtt/prise tv chambre (NOUS)', payload '{"child_lock":"LOCK","countdown":0,"current":0,"energy":164.71,"indicator_mode":"off","last_seen":"2025-08-24T17:47:24.455Z","linkquality":164,"power":0,"power_outage_memory":"on","state":"ON","update":{"installed_version":192,"latest_version":192,"state":"idle"},"voltage":226}'
[2025-08-24 19:47:45] info: 	z2m:mqtt: MQTT publish: topic 'zigbee2mqtt/Prise Radiateur Salle de Bain (NOUS)', payload '{"child_lock":"LOCK","countdown":0,"current":0,"energy":0.27,"indicator_mode":"off/on","last_seen":"2025-08-24T17:47:45.834Z","linkquality":160,"power":0,"power_outage_memory":"restore","state":"OFF","update":{"installed_version":192,"latest_version":192,"state":"idle"},"voltage":228}'
[2025-08-24 19:47:46] info: 	z2m:mqtt: MQTT publish: topic 'zigbee2mqtt/Clim du Bureau (NOUS)', payload '{"child_lock":"LOCK","countdown":0,"current":0,"energy":332.61,"indicator_mode":"off/on","last_seen":"2025-08-24T17:47:46.816Z","linkquality":168,"power":0,"power_outage_memory":"restore","state":"OFF","update":{"installed_version":192,"latest_version":192,"state":"idle"},"voltage":226}'
[2025-08-24 19:47:48] info: 	z2m:mqtt: MQTT publish: topic 'zigbee2mqtt/prise bureau pc (IKEA)', payload '{"current":1.08,"energy":615.26,"identify":null,"last_seen":"2025-08-24T17:47:48.369Z","linkquality":255,"power":186.7,"power_on_behavior":"previous","state":"ON","update":{"installed_version":33816645,"latest_version":33816645,"state":"idle"},"voltage":228.6}'
[2025-08-24 19:47:51] info: 	z2m:mqtt: MQTT publish: topic 'zigbee2mqtt/qualite air chambre (IKEA)', payload '{"humidity":64,"identify":null,"last_seen":"2025-08-24T17:47:51.261Z","linkquality":200,"pm25":59,"temperature":27,"update":{"installed_version":16777233,"latest_version":16777233,"state":"idle"},"voc_index":314}'
[2025-08-24 19:47:53] info: 	z2m:mqtt: MQTT publish: topic 'zigbee2mqtt/prise tete de lit chambre', payload '{"current":0.05,"energy":25.58,"identify":null,"last_seen":"2025-08-24T17:47:53.959Z","linkquality":192,"power":0,"power_on_behavior":"on","state":"OFF","update":{"installed_version":33816645,"latest_version":33816645,"state":"idle"},"voltage":235.4}'
[2025-08-24 19:47:55] info: 	z2m:mqtt: MQTT publish: topic 'zigbee2mqtt/Prise Bureau Fer à Repasser (NOUS)', payload '{"child_lock":"UNLOCK","countdown":0,"current":0,"energy":1.99,"indicator_mode":"off/on","last_seen":"2025-08-24T17:47:44.283Z","linkquality":192,"power":0,"power_outage_memory":"on","state":"ON","update":{"installed_version":192,"latest_version":192,"state":"idle"},"voltage":229}'
[2025-08-24 19:47:55] info: 	z2m:mqtt: MQTT publish: topic 'zigbee2mqtt/Prise Bureau Fer à Repasser (NOUS)', payload '{"child_lock":"UNLOCK","countdown":0,"current":0,"energy":1.99,"indicator_mode":"off/on","last_seen":"2025-08-24T17:47:44.283Z","linkquality":192,"power":0,"power_outage_memory":"on","state":"ON","update":{"installed_version":192,"latest_version":192,"state":"idle"},"voltage":229}'
[2025-08-24 19:47:59] info: 	z2m:mqtt: MQTT publish: topic 'zigbee2mqtt/prise tv chambre (NOUS)', payload '{"child_lock":"LOCK","countdown":0,"current":0,"energy":164.71,"indicator_mode":"off","last_seen":"2025-08-24T17:47:59.688Z","linkquality":164,"power":0,"power_outage_memory":"on","state":"ON","update":{"installed_version":192,"latest_version":192,"state":"idle"},"voltage":226}'
[2025-08-24 19:48:00] info: 	z2m:mqtt: MQTT publish: topic 'zigbee2mqtt/prise salon chargeur (NOUS)', payload '{"child_lock":"UNLOCK","countdown":0,"current":0.05,"energy":37.11,"indicator_mode":"off","last_seen":"2025-08-24T17:48:00.810Z","linkquality":148,"power":5,"power_outage_memory":"on","state":"ON","update":{"installed_version":192,"latest_version":192,"state":"idle"},"voltage":226}'
[2025-08-24 19:48:00] info: 	z2m:mqtt: MQTT publish: topic 'zigbee2mqtt/prise salon chargeur (NOUS)', payload '{"child_lock":"UNLOCK","countdown":0,"current":0.05,"energy":37.11,"indicator_mode":"off","last_seen":"2025-08-24T17:48:00.993Z","linkquality":148,"power":5,"power_outage_memory":"on","state":"ON","update":{"installed_version":192,"latest_version":192,"state":"idle"},"voltage":226}'
[2025-08-24 19:48:01] info: 	z2m:mqtt: MQTT publish: topic 'zigbee2mqtt/qualite air chambre (IKEA)', payload '{"humidity":65,"identify":null,"last_seen":"2025-08-24T17:48:01.231Z","linkquality":200,"pm25":59,"temperature":27,"update":{"installed_version":16777233,"latest_version":16777233,"state":"idle"},"voc_index":314}'
[2025-08-24 19:48:01] info: 	z2m:mqtt: MQTT publish: topic 'zigbee2mqtt/qualite air bureau (IKEA)', payload '{"humidity":63,"identify":null,"last_seen":"2025-08-24T17:48:01.329Z","linkquality":224,"pm25":40,"temperature":27,"update":{"installed_version":16777233,"latest_version":16777233,"state":"idle"},"voc_index":347}'
[2025-08-24 19:48:02] info: 	z2m:mqtt: MQTT publish: topic 'zigbee2mqtt/prise box internet (IKEA)', payload '{"current":0.12,"energy":86.62,"identify":null,"last_seen":"2025-08-24T17:48:02.160Z","linkquality":148,"power":13.4,"power_on_behavior":"previous","state":"ON","update":{"installed_version":33816645,"latest_version":33816645,"state":"idle"},"voltage":228}'
[2025-08-24 19:48:04] info: 	z2m:mqtt: MQTT publish: topic 'zigbee2mqtt/prise pc's gege (IKEA)', payload '{"current":0.67,"energy":310.05,"identify":null,"last_seen":"2025-08-24T17:48:04.010Z","linkquality":176,"power":126.6,"power_on_behavior":"on","state":"ON","update":{"installed_version":33816645,"latest_version":33816645,"state":"idle"},"voltage":228.3}'
[2025-08-24 19:48:05] info: 	z2m:mqtt: MQTT publish: topic 'zigbee2mqtt/Clim Salon (NOUS)', payload '{"child_lock":"LOCK","countdown":0,"current":0,"energy":414.52,"indicator_mode":"on","last_seen":"2025-08-24T17:48:05.165Z","linkquality":124,"power":0,"power_outage_memory":"restore","state":"OFF","update":{"installed_version":192,"latest_version":192,"state":"idle"},"voltage":228}'
[2025-08-24 19:48:06] info: 	z2m:mqtt: MQTT publish: topic 'zigbee2mqtt/prise tete de lit chambre', payload '{"current":0.05,"energy":25.58,"identify":null,"last_seen":"2025-08-24T17:48:06.170Z","linkquality":192,"power":0,"power_on_behavior":"on","state":"OFF","update":{"installed_version":33816645,"latest_version":33816645,"state":"idle"},"voltage":236}'
[2025-08-24 19:48:06] info: 	z2m:mqtt: MQTT publish: topic 'zigbee2mqtt/prise pc's gege (IKEA)', payload '{"current":0.67,"energy":310.05,"identify":null,"last_seen":"2025-08-24T17:48:06.652Z","linkquality":176,"power":126.6,"power_on_behavior":"on","state":"ON","update":{"installed_version":33816645,"latest_version":33816645,"state":"idle"},"voltage":228.9}'
[2025-08-24 19:48:07] info: 	z2m:mqtt: MQTT publish: topic 'zigbee2mqtt/prise horloge (IKEA)', payload '{"current":0.005,"energy":1.24,"identify":null,"last_seen":"2025-08-24T17:48:07.163Z","linkquality":255,"power":0.2,"power_on_behavior":"previous","state":"ON","update":{"installed_version":33816645,"latest_version":33816645,"state":"idle"},"voltage":235.2}'
[2025-08-24 19:48:08] info: 	z2m:mqtt: MQTT publish: topic 'zigbee2mqtt/Prise Radiateur Salle de Bain (NOUS)', payload '{"child_lock":"LOCK","countdown":0,"current":0,"energy":0.27,"indicator_mode":"off/on","last_seen":"2025-08-24T17:48:08.483Z","linkquality":156,"power":0,"power_outage_memory":"restore","state":"OFF","update":{"installed_version":192,"latest_version":192,"state":"idle"},"voltage":228}'
[2025-08-24 19:48:08] info: 	z2m:mqtt: MQTT publish: topic 'zigbee2mqtt/Prise Radiateur Salle de Bain (NOUS)', payload '{"child_lock":"LOCK","countdown":0,"current":0,"energy":0.27,"indicator_mode":"off/on","last_seen":"2025-08-24T17:48:08.538Z","linkquality":164,"power":0,"power_outage_memory":"restore","state":"OFF","update":{"installed_version":192,"latest_version":192,"state":"idle"},"voltage":228}'
[2025-08-24 19:48:10] info: 	z2m:mqtt: MQTT publish: topic 'zigbee2mqtt/prise mini pc (IKEA)', payload '{"current":0.08,"energy":5.86,"identify":null,"last_seen":"2025-08-24T17:48:10.426Z","linkquality":255,"power":18.3,"power_on_behavior":"previous","state":"ON","update":{"installed_version":33816645,"latest_version":33816645,"state":"idle"},"voltage":226.3}'
[2025-08-24 19:48:10] info: 	z2m:mqtt: MQTT publish: topic 'zigbee2mqtt/prise mini pc (IKEA)', payload '{"current":0.08,"energy":5.86,"identify":null,"last_seen":"2025-08-24T17:48:10.947Z","linkquality":255,"power":8.7,"power_on_behavior":"previous","state":"ON","update":{"installed_version":33816645,"latest_version":33816645,"state":"idle"},"voltage":226.3}'
[2025-08-24 19:48:11] info: 	z2m:mqtt: MQTT publish: topic 'zigbee2mqtt/prise bureau pc (IKEA)', payload '{"current":1.01,"energy":615.26,"identify":null,"last_seen":"2025-08-24T17:48:11.024Z","linkquality":255,"power":186.7,"power_on_behavior":"previous","state":"ON","update":{"installed_version":33816645,"latest_version":33816645,"state":"idle"},"voltage":228.6}'
[2025-08-24 19:48:11] info: 	z2m:mqtt: MQTT publish: topic 'zigbee2mqtt/qualite air bureau (IKEA)', payload '{"humidity":64,"identify":null,"last_seen":"2025-08-24T17:48:11.321Z","linkquality":224,"pm25":40,"temperature":27,"update":{"installed_version":16777233,"latest_version":16777233,"state":"idle"},"voc_index":347}'
[2025-08-24 19:48:11] info: 	z2m:mqtt: MQTT publish: topic 'zigbee2mqtt/prise bureau pc (IKEA)', payload '{"current":1.01,"energy":615.26,"identify":null,"last_seen":"2025-08-24T17:48:11.484Z","linkquality":255,"power":176.3,"power_on_behavior":"previous","state":"ON","update":{"installed_version":33816645,"latest_version":33816645,"state":"idle"},"voltage":228.6}'
[2025-08-24 19:48:12] info: 	z2m:mqtt: MQTT publish: topic 'zigbee2mqtt/prise four micro ondes (NOUS)', payload '{"child_lock":"UNLOCK","countdown":0,"current":0.03,"energy":57.38,"indicator_mode":"off/on","last_seen":"2025-08-24T17:48:12.179Z","linkquality":255,"power":0,"power_outage_memory":"restore","state":"ON","update":{"installed_version":192,"latest_version":192,"state":"idle"},"voltage":228}'
[2025-08-24 19:48:14] info: 	z2m:mqtt: MQTT publish: topic 'zigbee2mqtt/prise pc's gege (IKEA)', payload '{"current":0.67,"energy":310.05,"identify":null,"last_seen":"2025-08-24T17:48:14.116Z","linkquality":176,"power":119.7,"power_on_behavior":"on","state":"ON","update":{"installed_version":33816645,"latest_version":33816645,"state":"idle"},"voltage":228.9}'
[2025-08-24 19:48:16] info: 	z2m:mqtt: MQTT publish: topic 'zigbee2mqtt/prise horloge (IKEA)', payload '{"current":0.005,"energy":1.24,"identify":null,"last_seen":"2025-08-24T17:48:15.999Z","linkquality":255,"power":0.2,"power_on_behavior":"previous","state":"ON","update":{"installed_version":33816645,"latest_version":33816645,"state":"idle"},"voltage":235.2}'
[2025-08-24 19:48:16] info: 	z2m:mqtt: MQTT publish: topic 'zigbee2mqtt/Four et Plaque de Cuisson', payload '{"ac_frequency":49.98,"current":0,"data_report_duration":60,"energy":60,"last_seen":"2025-08-24T17:48:16.227Z","linkquality":216,"power":0,"power_factor":100,"produced_energy":0,"voltage":231}'
[2025-08-24 19:48:16] info: 	z2m:mqtt: MQTT publish: topic 'zigbee2mqtt/Four et Plaque de Cuisson', payload '{"ac_frequency":49.98,"current":0,"data_report_duration":60,"energy":60,"last_seen":"2025-08-24T17:48:16.281Z","linkquality":216,"power":0,"power_factor":100,"produced_energy":0,"voltage":231}'
[2025-08-24 19:48:16] info: 	z2m:mqtt: MQTT publish: topic 'zigbee2mqtt/Four et Plaque de Cuisson', payload '{"ac_frequency":49.98,"current":0,"data_report_duration":60,"energy":60,"last_seen":"2025-08-24T17:48:16.331Z","linkquality":216,"power":0,"power_factor":100,"produced_energy":0,"voltage":231}'
[2025-08-24 19:48:16] info: 	z2m:mqtt: MQTT publish: topic 'zigbee2mqtt/Four et Plaque de Cuisson', payload '{"ac_frequency":49.98,"current":0,"data_report_duration":60,"energy":60,"last_seen":"2025-08-24T17:48:16.380Z","linkquality":212,"power":0,"power_factor":100,"produced_energy":0,"voltage":231}'
[2025-08-24 19:48:16] info: 	z2m:mqtt: MQTT publish: topic 'zigbee2mqtt/Four et Plaque de Cuisson', payload '{"ac_frequency":49.98,"current":0,"data_report_duration":60,"energy":60,"last_seen":"2025-08-24T17:48:16.428Z","linkquality":212,"power":0,"power_factor":100,"produced_energy":0,"voltage":231}'
[2025-08-24 19:48:16] info: 	z2m:mqtt: MQTT publish: topic 'zigbee2mqtt/Four et Plaque de Cuisson', payload '{"ac_frequency":49.98,"current":0,"data_report_duration":60,"energy":60,"last_seen":"2025-08-24T17:48:16.476Z","linkquality":212,"power":0,"power_factor":100,"produced_energy":0,"voltage":230}'
[2025-08-24 19:48:16] info: 	z2m:mqtt: MQTT publish: topic 'zigbee2mqtt/Four et Plaque de Cuisson', payload '{"ac_frequency":49.98,"current":0,"data_report_duration":60,"energy":60,"last_seen":"2025-08-24T17:48:16.522Z","linkquality":212,"power":0,"power_factor":100,"produced_energy":0,"voltage":230}'
[2025-08-24 19:48:16] info: 	z2m:mqtt: MQTT publish: topic 'zigbee2mqtt/Four et Plaque de Cuisson', payload '{"ac_frequency":49.98,"current":0,"data_report_duration":60,"energy":60,"last_seen":"2025-08-24T17:48:16.571Z","linkquality":216,"power":0,"power_factor":100,"produced_energy":0,"voltage":230}'
[2025-08-24 19:48:17] info: 	z2m:mqtt: MQTT publish: topic 'zigbee2mqtt/prise airfryer ninja (NOUS)', payload '{"child_lock":"UNLOCK","countdown":0,"current":0,"energy":72.19,"indicator_mode":"on","last_seen":"2025-08-24T17:48:17.196Z","linkquality":232,"power":0,"power_outage_memory":"restore","state":"ON","update":{"installed_version":192,"latest_version":192,"state":"idle"},"voltage":227}'
[2025-08-24 19:48:18] info: 	z2m:mqtt: MQTT publish: topic 'zigbee2mqtt/prise bureau pc (IKEA)', payload '{"current":1.01,"energy":615.26,"identify":null,"last_seen":"2025-08-24T17:48:18.590Z","linkquality":255,"power":176.3,"power_on_behavior":"previous","state":"ON","update":{"installed_version":33816645,"latest_version":33816645,"state":"idle"},"voltage":229.1}'
[2025-08-24 19:48:19] info: 	z2m:mqtt: MQTT publish: topic 'zigbee2mqtt/Prise Radiateur Salle de Bain (NOUS)', payload '{"child_lock":"LOCK","countdown":0,"current":0,"energy":0.27,"indicator_mode":"off/on","last_seen":"2025-08-24T17:48:08.538Z","linkquality":164,"power":0,"power_outage_memory":"restore","state":"OFF","update":{"installed_version":192,"latest_version":192,"state":"idle"},"voltage":228}'
[2025-08-24 19:48:19] info: 	z2m:mqtt: MQTT publish: topic 'zigbee2mqtt/Prise Radiateur Salle de Bain (NOUS)', payload '{"child_lock":"LOCK","countdown":0,"current":0,"energy":0.27,"indicator_mode":"off/on","last_seen":"2025-08-24T17:48:08.538Z","linkquality":164,"power":0,"power_outage_memory":"restore","state":"OFF","update":{"installed_version":192,"latest_version":192,"state":"idle"},"voltage":228}'
[2025-08-24 19:48:21] info: 	z2m:mqtt: MQTT publish: topic 'zigbee2mqtt/prise box internet (IKEA)', payload '{"current":0.12,"energy":86.62,"identify":null,"last_seen":"2025-08-24T17:48:21.526Z","linkquality":148,"power":13.4,"power_on_behavior":"previous","state":"ON","update":{"installed_version":33816645,"latest_version":33816645,"state":"idle"},"voltage":228.5}'
[2025-08-24 19:48:22] info: 	z2m:mqtt: MQTT publish: topic 'zigbee2mqtt/qualite air chambre (IKEA)', payload '{"humidity":65,"identify":null,"last_seen":"2025-08-24T17:48:22.433Z","linkquality":200,"pm25":58,"temperature":27,"update":{"installed_version":16777233,"latest_version":16777233,"state":"idle"},"voc_index":314}'
[2025-08-24 19:48:22] info: 	z2m:mqtt: MQTT publish: topic 'zigbee2mqtt/qualite air chambre (IKEA)', payload '{"humidity":65,"identify":null,"last_seen":"2025-08-24T17:48:22.479Z","linkquality":196,"pm25":58,"temperature":27,"update":{"installed_version":16777233,"latest_version":16777233,"state":"idle"},"voc_index":325}'
[2025-08-24 19:48:25] info: 	z2m:mqtt: MQTT publish: topic 'zigbee2mqtt/Th Balcon Nord', payload '{"battery":100,"comfort_humidity_max":55,"comfort_humidity_min":40,"comfort_temperature_max":25,"comfort_temperature_min":21,"humidity":63.9,"humidity_calibration":0,"last_seen":"2025-08-24T17:48:25.252Z","linkquality":236,"temperature":25.7,"temperature_calibration":0,"temperature_units":"celsius","update":{"installed_version":8960,"latest_version":8960,"state":"idle"}}'
[2025-08-24 19:48:25] info: 	z2m:mqtt: MQTT publish: topic 'zigbee2mqtt/prise tete de lit chambre', payload '{"current":0.05,"energy":25.58,"identify":null,"last_seen":"2025-08-24T17:48:25.492Z","linkquality":192,"power":0,"power_on_behavior":"on","state":"OFF","update":{"installed_version":33816645,"latest_version":33816645,"state":"idle"},"voltage":236.5}'
[2025-08-24 19:48:26] info: 	z2m:mqtt: MQTT publish: topic 'zigbee2mqtt/prise airfryer ninja (NOUS)', payload '{"child_lock":"UNLOCK","countdown":0,"current":0,"energy":72.19,"indicator_mode":"on","last_seen":"2025-08-24T17:48:26.068Z","linkquality":232,"power":0,"power_outage_memory":"restore","state":"ON","update":{"installed_version":192,"latest_version":192,"state":"idle"},"voltage":229}'
[2025-08-24 19:48:26] info: 	z2m:mqtt: MQTT publish: topic 'zigbee2mqtt/prise airfryer ninja (NOUS)', payload '{"child_lock":"UNLOCK","countdown":0,"current":0,"energy":72.19,"indicator_mode":"on","last_seen":"2025-08-24T17:48:26.111Z","linkquality":232,"power":0,"power_outage_memory":"restore","state":"ON","update":{"installed_version":192,"latest_version":192,"state":"idle"},"voltage":229}'
[2025-08-24 19:48:26] info: 	z2m:mqtt: MQTT publish: topic 'zigbee2mqtt/prise horloge (IKEA)', payload '{"current":0.004,"energy":1.24,"identify":null,"last_seen":"2025-08-24T17:48:26.919Z","linkquality":255,"power":0.2,"power_on_behavior":"previous","state":"ON","update":{"installed_version":33816645,"latest_version":33816645,"state":"idle"},"voltage":235.2}'
[2025-08-24 19:48:29] info: 	z2m:mqtt: MQTT publish: topic 'zigbee2mqtt/prise lave vaisselle (NOUS)', payload '{"child_lock":"LOCK","countdown":0,"current":0,"energy":115.82,"indicator_mode":"on","last_seen":"2025-08-24T17:48:29.154Z","linkquality":152,"power":0,"power_outage_memory":"on","state":"ON","update":{"installed_version":192,"latest_version":192,"state":"idle"},"voltage":228}'
[2025-08-24 19:48:30] info: 	z2m:mqtt: MQTT publish: topic 'zigbee2mqtt/prise horloge (IKEA)', payload '{"current":0.004,"energy":1.24,"identify":null,"last_seen":"2025-08-24T17:48:30.895Z","linkquality":255,"power":0.2,"power_on_behavior":"previous","state":"ON","update":{"installed_version":33816645,"latest_version":33816645,"state":"idle"},"voltage":235.7}'
[2025-08-24 19:48:31] info: 	z2m:mqtt: MQTT publish: topic 'zigbee2mqtt/prise tv chambre (NOUS)', payload '{"child_lock":"LOCK","countdown":0,"current":0,"energy":164.71,"indicator_mode":"off","last_seen":"2025-08-24T17:48:31.748Z","linkquality":168,"power":0,"power_outage_memory":"on","state":"ON","update":{"installed_version":192,"latest_version":192,"state":"idle"},"voltage":226}'
[2025-08-24 19:48:31] info: 	z2m:mqtt: MQTT publish: topic 'zigbee2mqtt/Prise Bureau Fer à Repasser (NOUS)', payload '{"child_lock":"UNLOCK","countdown":0,"current":0,"energy":1.99,"indicator_mode":"off/on","last_seen":"2025-08-24T17:48:31.762Z","linkquality":196,"power":0,"power_outage_memory":"on","state":"ON","update":{"installed_version":192,"latest_version":192,"state":"idle"},"voltage":229}'
[2025-08-24 19:48:33] info: 	z2m:mqtt: MQTT publish: topic 'zigbee2mqtt/prise pc's gege (IKEA)', payload '{"current":0.67,"energy":310.05,"identify":null,"last_seen":"2025-08-24T17:48:33.737Z","linkquality":176,"power":122.3,"power_on_behavior":"on","state":"ON","update":{"installed_version":33816645,"latest_version":33816645,"state":"idle"},"voltage":228.9}'
[2025-08-24 19:48:34] info: 	z2m:mqtt: MQTT publish: topic 'zigbee2mqtt/Four et Plaque de Cuisson', payload '{"ac_frequency":49.98,"current":0,"data_report_duration":60,"energy":60,"last_seen":"2025-08-24T17:48:34.192Z","linkquality":216,"power":0,"power_factor":100,"produced_energy":0,"voltage":230}'
[2025-08-24 19:48:34] info: 	z2m:mqtt: MQTT publish: topic 'zigbee2mqtt/prise tete de lit chambre', payload '{"current":0,"energy":25.58,"identify":null,"last_seen":"2025-08-24T17:48:34.379Z","linkquality":192,"power":0,"power_on_behavior":"on","state":"OFF","update":{"installed_version":33816645,"latest_version":33816645,"state":"idle"},"voltage":236.5}'
[2025-08-24 19:48:36] info: 	z2m:mqtt: MQTT publish: topic 'zigbee2mqtt/prise pc's gege (IKEA)', payload '{"current":0.67,"energy":310.05,"identify":null,"last_seen":"2025-08-24T17:48:36.387Z","linkquality":176,"power":122.3,"power_on_behavior":"on","state":"ON","update":{"installed_version":33816645,"latest_version":33816645,"state":"idle"},"voltage":229.4}'
[2025-08-24 19:48:36] info: 	z2m:mqtt: MQTT publish: topic 'zigbee2mqtt/prise bureau pc (IKEA)', payload '{"current":1.01,"energy":615.26,"identify":null,"last_seen":"2025-08-24T17:48:36.616Z","linkquality":255,"power":187,"power_on_behavior":"previous","state":"ON","update":{"installed_version":33816645,"latest_version":33816645,"state":"idle"},"voltage":229.1}'
[2025-08-24 19:48:37] info: 	z2m:mqtt: MQTT publish: topic 'zigbee2mqtt/prise mini pc (IKEA)', payload '{"current":0.13,"energy":5.86,"identify":null,"last_seen":"2025-08-24T17:48:37.123Z","linkquality":255,"power":8.7,"power_on_behavior":"previous","state":"ON","update":{"installed_version":33816645,"latest_version":33816645,"state":"idle"},"voltage":226.3}'
[2025-08-24 19:48:37] info: 	z2m:mqtt: MQTT publish: topic 'zigbee2mqtt/prise mini pc (IKEA)', payload '{"current":0.13,"energy":5.86,"identify":null,"last_seen":"2025-08-24T17:48:37.524Z","linkquality":255,"power":14,"power_on_behavior":"previous","state":"ON","update":{"installed_version":33816645,"latest_version":33816645,"state":"idle"},"voltage":226.3}'
[2025-08-24 19:48:37] info: 	z2m:mqtt: MQTT publish: topic 'zigbee2mqtt/qualite air salon (IKEA)', payload '{"humidity":65,"identify":null,"last_seen":"2025-08-24T17:48:37.546Z","linkquality":168,"pm25":21,"temperature":27,"update":{"installed_version":16777233,"latest_version":16777233,"state":"idle"},"voc_index":250}'
[2025-08-24 19:48:38] info: 	z2m:mqtt: MQTT publish: topic 'zigbee2mqtt/prise frigo cuisine (NOUS)', payload '{"child_lock":"LOCK","countdown":0,"current":0,"energy":106.05,"indicator_mode":"on/off","last_seen":"2025-08-24T17:48:38.355Z","linkquality":192,"power":0,"power_outage_memory":"on","state":"ON","update":{"installed_version":192,"latest_version":192,"state":"idle"},"voltage":228}'
[2025-08-24 19:48:40] info: 	z2m:mqtt: MQTT publish: topic 'zigbee2mqtt/qualite air bureau (IKEA)', payload '{"humidity":64,"identify":null,"last_seen":"2025-08-24T17:48:40.518Z","linkquality":228,"pm25":30,"temperature":27,"update":{"installed_version":16777233,"latest_version":16777233,"state":"idle"},"voc_index":347}'
[2025-08-24 19:48:40] info: 	z2m:mqtt: MQTT publish: topic 'zigbee2mqtt/qualite air bureau (IKEA)', payload '{"humidity":64,"identify":null,"last_seen":"2025-08-24T17:48:40.563Z","linkquality":228,"pm25":30,"temperature":27,"update":{"installed_version":16777233,"latest_version":16777233,"state":"idle"},"voc_index":328}'
[2025-08-24 19:48:43] info: 	z2m:mqtt: MQTT publish: topic 'zigbee2mqtt/prise pc's gege (IKEA)', payload '{"current":0.67,"energy":310.05,"identify":null,"last_seen":"2025-08-24T17:48:43.744Z","linkquality":176,"power":119.3,"power_on_behavior":"on","state":"ON","update":{"installed_version":33816645,"latest_version":33816645,"state":"idle"},"voltage":229.4}'
[2025-08-24 19:48:46] info: 	z2m:mqtt: MQTT publish: topic 'zigbee2mqtt/prise bureau pc (IKEA)', payload '{"current":1.01,"energy":615.26,"identify":null,"last_seen":"2025-08-24T17:48:46.580Z","linkquality":255,"power":177.5,"power_on_behavior":"previous","state":"ON","update":{"installed_version":33816645,"latest_version":33816645,"state":"idle"},"voltage":229.1}'
[2025-08-24 19:48:47] info: 	z2m:mqtt: MQTT publish: topic 'zigbee2mqtt/prise mini pc (IKEA)', payload '{"current":0.07,"energy":5.86,"identify":null,"last_seen":"2025-08-24T17:48:47.016Z","linkquality":255,"power":14,"power_on_behavior":"previous","state":"ON","update":{"installed_version":33816645,"latest_version":33816645,"state":"idle"},"voltage":226.3}'
[2025-08-24 19:48:47] info: 	z2m:mqtt: MQTT publish: topic 'zigbee2mqtt/prise airfryer ninja (NOUS)', payload '{"child_lock":"UNLOCK","countdown":0,"current":0,"energy":72.19,"indicator_mode":"on","last_seen":"2025-08-24T17:48:26.111Z","linkquality":232,"power":0,"power_outage_memory":"restore","state":"ON","update":{"installed_version":192,"latest_version":192,"state":"idle"},"voltage":229}'
[2025-08-24 19:48:47] info: 	z2m:mqtt: MQTT publish: topic 'zigbee2mqtt/prise airfryer ninja (NOUS)', payload '{"child_lock":"UNLOCK","countdown":0,"current":0,"energy":72.19,"indicator_mode":"on","last_seen":"2025-08-24T17:48:26.111Z","linkquality":232,"power":0,"power_outage_memory":"restore","state":"ON","update":{"installed_version":192,"latest_version":192,"state":"idle"},"voltage":229}'
[2025-08-24 19:48:47] info: 	z2m:mqtt: MQTT publish: topic 'zigbee2mqtt/qualite air salon (IKEA)', payload '{"humidity":64,"identify":null,"last_seen":"2025-08-24T17:48:47.476Z","linkquality":164,"pm25":21,"temperature":27,"update":{"installed_version":16777233,"latest_version":16777233,"state":"idle"},"voc_index":250}'
[2025-08-24 19:48:47] info: 	z2m:mqtt: MQTT publish: topic 'zigbee2mqtt/prise mini pc (IKEA)', payload '{"current":0.07,"energy":5.86,"identify":null,"last_seen":"2025-08-24T17:48:47.492Z","linkquality":255,"power":7.4,"power_on_behavior":"previous","state":"ON","update":{"installed_version":33816645,"latest_version":33816645,"state":"idle"},"voltage":226.3}'
[2025-08-24 19:48:50] info: 	z2m:mqtt: MQTT publish: topic 'zigbee2mqtt/qualite air chambre (IKEA)', payload '{"humidity":64,"identify":null,"last_seen":"2025-08-24T17:48:50.578Z","linkquality":200,"pm25":58,"temperature":27,"update":{"installed_version":16777233,"latest_version":16777233,"state":"idle"},"voc_index":325}'
[2025-08-24 19:48:51] info: 	z2m:mqtt: MQTT publish: topic 'zigbee2mqtt/prise salon chargeur (NOUS)', payload '{"child_lock":"UNLOCK","countdown":0,"current":0.05,"energy":37.11,"indicator_mode":"off","last_seen":"2025-08-24T17:48:51.278Z","linkquality":172,"power":5,"power_outage_memory":"on","state":"ON","update":{"installed_version":192,"latest_version":192,"state":"idle"},"voltage":226}'
[2025-08-24 19:48:51] info: 	z2m:mqtt: MQTT publish: topic 'zigbee2mqtt/prise pc's gege (IKEA)', payload '{"current":0.67,"energy":310.05,"identify":null,"last_seen":"2025-08-24T17:48:51.288Z","linkquality":176,"power":119.3,"power_on_behavior":"on","state":"ON","update":{"installed_version":33816645,"latest_version":33816645,"state":"idle"},"voltage":228.9}'
[2025-08-24 19:48:51] info: 	z2m:mqtt: MQTT publish: topic 'zigbee2mqtt/prise congelateur cuisine (NOUS)', payload '{"child_lock":"LOCK","countdown":0,"current":0.21,"energy":186.78,"indicator_mode":"on","last_seen":"2025-08-24T17:48:51.658Z","linkquality":252,"power":30,"power_outage_memory":"on","state":"ON","update":{"installed_version":192,"latest_version":192,"state":"idle"},"voltage":226}'
[2025-08-24 19:48:53] info: 	z2m:mqtt: MQTT publish: topic 'zigbee2mqtt/prise pc's gege (IKEA)', payload '{"current":0.67,"energy":310.05,"identify":null,"last_seen":"2025-08-24T17:48:53.754Z","linkquality":176,"power":119.5,"power_on_behavior":"on","state":"ON","update":{"installed_version":33816645,"latest_version":33816645,"state":"idle"},"voltage":228.9}'
[2025-08-24 19:48:56] info: 	z2m:mqtt: MQTT publish: topic 'zigbee2mqtt/prise bureau pc (IKEA)', payload '{"current":1.01,"energy":615.26,"identify":null,"last_seen":"2025-08-24T17:48:56.544Z","linkquality":255,"power":176.6,"power_on_behavior":"previous","state":"ON","update":{"installed_version":33816645,"latest_version":33816645,"state":"idle"},"voltage":229.1}'
[2025-08-24 19:48:59] info: 	z2m:mqtt: MQTT publish: topic 'zigbee2mqtt/Radiateur élec cuisine ', payload '{"current":0,"energy":98.99,"last_seen":"2025-08-24T17:48:59.828Z","linkquality":196,"power":0,"power_outage_memory":"restore","state":"OFF","switch_type":"state","update":{"installed_version":72,"latest_version":72,"state":"idle"},"voltage":231}'
[2025-08-24 19:49:00] info: 	z2m:mqtt: MQTT publish: topic 'zigbee2mqtt/Prise Bureau Fer à Repasser (NOUS)', payload '{"child_lock":"UNLOCK","countdown":0,"current":0,"energy":1.99,"indicator_mode":"off/on","last_seen":"2025-08-24T17:49:00.055Z","linkquality":192,"power":0,"power_outage_memory":"on","state":"ON","update":{"installed_version":192,"latest_version":192,"state":"idle"},"voltage":229}'
[2025-08-24 19:49:00] info: 	z2m:mqtt: MQTT publish: topic 'zigbee2mqtt/qualite air chambre (IKEA)', payload '{"humidity":65,"identify":null,"last_seen":"2025-08-24T17:49:00.549Z","linkquality":200,"pm25":58,"temperature":27,"update":{"installed_version":16777233,"latest_version":16777233,"state":"idle"},"voc_index":325}'
[2025-08-24 19:49:00] info: 	z2m:mqtt: MQTT publish: topic 'zigbee2mqtt/prise four micro ondes (NOUS)', payload '{"child_lock":"UNLOCK","countdown":0,"current":0.03,"energy":57.38,"indicator_mode":"off/on","last_seen":"2025-08-24T17:49:00.607Z","linkquality":255,"power":0,"power_outage_memory":"restore","state":"ON","update":{"installed_version":192,"latest_version":192,"state":"idle"},"voltage":228}'
[2025-08-24 19:49:00] info: 	z2m:mqtt: MQTT publish: topic 'zigbee2mqtt/qualite air salon (IKEA)', payload '{"humidity":64,"identify":null,"last_seen":"2025-08-24T17:49:00.652Z","linkquality":164,"pm25":20,"temperature":27,"update":{"installed_version":16777233,"latest_version":16777233,"state":"idle"},"voc_index":250}'
[2025-08-24 19:49:00] info: 	z2m:mqtt: MQTT publish: topic 'zigbee2mqtt/qualite air salon (IKEA)', payload '{"humidity":64,"identify":null,"last_seen":"2025-08-24T17:49:00.711Z","linkquality":164,"pm25":20,"temperature":27,"update":{"installed_version":16777233,"latest_version":16777233,"state":"idle"},"voc_index":283}'
[2025-08-24 19:49:01] info: 	z2m:mqtt: MQTT publish: topic 'zigbee2mqtt/prise pc's gege (IKEA)', payload '{"current":0.67,"energy":310.05,"identify":null,"last_seen":"2025-08-24T17:49:01.297Z","linkquality":176,"power":119.5,"power_on_behavior":"on","state":"ON","update":{"installed_version":33816645,"latest_version":33816645,"state":"idle"},"voltage":229.4}'
[2025-08-24 19:49:02] info: 	z2m:mqtt: MQTT publish: topic 'zigbee2mqtt/prise lave linge (NOUS)', payload '{"child_lock":"LOCK","countdown":0,"current":0,"energy":100.64,"indicator_mode":"on","last_seen":"2025-08-24T17:49:02.188Z","linkquality":188,"power":0,"power_outage_memory":"on","state":"ON","update":{"installed_version":192,"latest_version":192,"state":"idle"},"voltage":229}'
[2025-08-24 19:49:02] info: 	z2m:mqtt: MQTT publish: topic 'zigbee2mqtt/Clim Chambre (NOUS)', payload '{"child_lock":"LOCK","countdown":0,"current":0,"energy":392.86,"indicator_mode":"on","last_seen":"2025-08-24T17:49:02.640Z","linkquality":160,"power":0,"power_outage_memory":"restore","state":"OFF","update":{"installed_version":192,"latest_version":192,"state":"idle"},"voltage":227}'
[2025-08-24 19:49:03] info: 	z2m:mqtt: MQTT publish: topic 'zigbee2mqtt/prise tv chambre (NOUS)', payload '{"child_lock":"LOCK","countdown":0,"current":0,"energy":164.71,"indicator_mode":"off","last_seen":"2025-08-24T17:49:03.348Z","linkquality":168,"power":0,"power_outage_memory":"on","state":"ON","update":{"installed_version":192,"latest_version":192,"state":"idle"},"voltage":226}'
[2025-08-24 19:49:03] info: 	z2m:mqtt: MQTT publish: topic 'zigbee2mqtt/prise pc's gege (IKEA)', payload '{"current":0.67,"energy":310.05,"identify":null,"last_seen":"2025-08-24T17:49:03.762Z","linkquality":176,"power":119.6,"power_on_behavior":"on","state":"ON","update":{"installed_version":33816645,"latest_version":33816645,"state":"idle"},"voltage":229.4}'
[2025-08-24 19:49:05] info: 	z2m:mqtt: MQTT publish: topic 'zigbee2mqtt/prise bureau pc (IKEA)', payload '{"current":1.01,"energy":615.26,"identify":null,"last_seen":"2025-08-24T17:49:05.903Z","linkquality":255,"power":176.6,"power_on_behavior":"previous","state":"ON","update":{"installed_version":33816645,"latest_version":33816645,"state":"idle"},"voltage":229.6}'
[2025-08-24 19:49:06] info: 	z2m:mqtt: MQTT publish: topic 'zigbee2mqtt/qualite air salon (IKEA)', payload '{"humidity":63,"identify":null,"last_seen":"2025-08-24T17:49:06.039Z","linkquality":168,"pm25":20,"temperature":27,"update":{"installed_version":16777233,"latest_version":16777233,"state":"idle"},"voc_index":283}'
[2025-08-24 19:49:06] info: 	z2m:mqtt: MQTT publish: topic 'zigbee2mqtt/prise mini pc (IKEA)', payload '{"current":0.13,"energy":5.86,"identify":null,"last_seen":"2025-08-24T17:49:06.648Z","linkquality":255,"power":7.4,"power_on_behavior":"previous","state":"ON","update":{"installed_version":33816645,"latest_version":33816645,"state":"idle"},"voltage":226.3}'
[2025-08-24 19:49:06] info: 	z2m:mqtt: MQTT publish: topic 'zigbee2mqtt/prise tete de lit chambre', payload '{"current":0,"energy":25.58,"identify":null,"last_seen":"2025-08-24T17:49:06.884Z","linkquality":196,"power":0,"power_on_behavior":"on","state":"OFF","update":{"installed_version":33816645,"latest_version":33816645,"state":"idle"},"voltage":237}'
[2025-08-24 19:49:07] info: 	z2m:mqtt: MQTT publish: topic 'zigbee2mqtt/prise mini pc (IKEA)', payload '{"current":0.13,"energy":5.86,"identify":null,"last_seen":"2025-08-24T17:49:07.117Z","linkquality":255,"power":16.8,"power_on_behavior":"previous","state":"ON","update":{"installed_version":33816645,"latest_version":33816645,"state":"idle"},"voltage":226.3}'
[2025-08-24 19:49:07] info: 	z2m:mqtt: MQTT publish: topic 'zigbee2mqtt/prise bureau pc (IKEA)', payload '{"current":1.07,"energy":615.26,"identify":null,"last_seen":"2025-08-24T17:49:07.322Z","linkquality":255,"power":176.6,"power_on_behavior":"previous","state":"ON","update":{"installed_version":33816645,"latest_version":33816645,"state":"idle"},"voltage":229.6}'
[2025-08-24 19:49:07] info: 	z2m:mqtt: MQTT publish: topic 'zigbee2mqtt/prise box internet (IKEA)', payload '{"current":0.12,"energy":86.62,"identify":null,"last_seen":"2025-08-24T17:49:07.353Z","linkquality":148,"power":13.4,"power_on_behavior":"previous","state":"ON","update":{"installed_version":33816645,"latest_version":33816645,"state":"idle"},"voltage":229.1}'
[2025-08-24 19:49:07] info: 	z2m:mqtt: MQTT publish: topic 'zigbee2mqtt/prise bureau pc (IKEA)', payload '{"current":1.07,"energy":615.26,"identify":null,"last_seen":"2025-08-24T17:49:07.791Z","linkquality":255,"power":182.4,"power_on_behavior":"previous","state":"ON","update":{"installed_version":33816645,"latest_version":33816645,"state":"idle"},"voltage":229.6}'
[2025-08-24 19:49:09] info: 	z2m:mqtt: MQTT publish: topic 'zigbee2mqtt/Prise Radiateur Salle de Bain (NOUS)', payload '{"child_lock":"LOCK","countdown":0,"current":0,"energy":0.27,"indicator_mode":"off/on","last_seen":"2025-08-24T17:49:09.216Z","linkquality":252,"power":0,"power_outage_memory":"restore","state":"OFF","update":{"installed_version":192,"latest_version":192,"state":"idle"},"voltage":228}'
[2025-08-24 19:49:09] info: 	z2m:mqtt: MQTT publish: topic 'zigbee2mqtt/Prise Radiateur Salle de Bain (NOUS)', payload '{"child_lock":"LOCK","countdown":0,"current":0,"energy":0.27,"indicator_mode":"off/on","last_seen":"2025-08-24T17:49:09.223Z","linkquality":248,"power":0,"power_outage_memory":"restore","state":"OFF","update":{"installed_version":192,"latest_version":192,"state":"idle"},"voltage":228}'
[2025-08-24 19:49:09] info: 	z2m:mqtt: MQTT publish: topic 'zigbee2mqtt/Prise Radiateur Salle de Bain (NOUS)', payload '{"child_lock":"LOCK","countdown":0,"current":0,"energy":0.27,"indicator_mode":"off/on","last_seen":"2025-08-24T17:49:09.230Z","linkquality":252,"power":0,"power_outage_memory":"restore","state":"OFF","update":{"installed_version":192,"latest_version":192,"state":"idle"},"voltage":228}'
[2025-08-24 19:49:10] info: 	z2m:mqtt: MQTT publish: topic 'zigbee2mqtt/qualite air chambre (IKEA)', payload '{"humidity":65,"identify":null,"last_seen":"2025-08-24T17:49:10.520Z","linkquality":200,"pm25":58,"temperature":27,"update":{"installed_version":16777233,"latest_version":16777233,"state":"idle"},"voc_index":325}'
[2025-08-24 19:49:11] info: 	z2m:mqtt: MQTT publish: topic 'zigbee2mqtt/Clim du Bureau (NOUS)', payload '{"child_lock":"LOCK","countdown":0,"current":0,"energy":332.61,"indicator_mode":"off/on","last_seen":"2025-08-24T17:49:11.743Z","linkquality":160,"power":0,"power_outage_memory":"restore","state":"OFF","update":{"installed_version":192,"latest_version":192,"state":"idle"},"voltage":226}'
[2025-08-24 19:49:13] info: 	z2m:mqtt: MQTT publish: topic 'zigbee2mqtt/prise pc's gege (IKEA)', payload '{"current":0.67,"energy":310.05,"identify":null,"last_seen":"2025-08-24T17:49:13.920Z","linkquality":176,"power":118.3,"power_on_behavior":"on","state":"ON","update":{"installed_version":33816645,"latest_version":33816645,"state":"idle"},"voltage":229.4}'
[2025-08-24 19:49:14] info: 	z2m:mqtt: MQTT publish: topic 'zigbee2mqtt/prise lave vaisselle (NOUS)', payload '{"child_lock":"LOCK","countdown":0,"current":0,"energy":115.82,"indicator_mode":"on","last_seen":"2025-08-24T17:49:14.379Z","linkquality":156,"power":0,"power_outage_memory":"on","state":"ON","update":{"installed_version":192,"latest_version":192,"state":"idle"},"voltage":228}'
[2025-08-24 19:49:16] info: 	z2m:mqtt: MQTT publish: topic 'zigbee2mqtt/Four et Plaque de Cuisson', payload '{"ac_frequency":49.98,"current":0,"data_report_duration":60,"energy":60,"last_seen":"2025-08-24T17:49:16.120Z","linkquality":204,"power":0,"power_factor":100,"produced_energy":0,"voltage":230}'
[2025-08-24 19:49:16] info: 	z2m:mqtt: MQTT publish: topic 'zigbee2mqtt/Four et Plaque de Cuisson', payload '{"ac_frequency":49.98,"current":0,"data_report_duration":60,"energy":60,"last_seen":"2025-08-24T17:49:16.168Z","linkquality":216,"power":0,"power_factor":100,"produced_energy":0,"voltage":230}'
[2025-08-24 19:49:16] info: 	z2m:mqtt: MQTT publish: topic 'zigbee2mqtt/Four et Plaque de Cuisson', payload '{"ac_frequency":49.98,"current":0,"data_report_duration":60,"energy":60,"last_seen":"2025-08-24T17:49:16.214Z","linkquality":216,"power":0,"power_factor":100,"produced_energy":0,"voltage":230}'
[2025-08-24 19:49:16] info: 	z2m:mqtt: MQTT publish: topic 'zigbee2mqtt/Four et Plaque de Cuisson', payload '{"ac_frequency":49.98,"current":0,"data_report_duration":60,"energy":60,"last_seen":"2025-08-24T17:49:16.263Z","linkquality":212,"power":0,"power_factor":100,"produced_energy":0,"voltage":230}'
[2025-08-24 19:49:16] info: 	z2m:mqtt: MQTT publish: topic 'zigbee2mqtt/Four et Plaque de Cuisson', payload '{"ac_frequency":49.96,"current":0,"data_report_duration":60,"energy":60,"last_seen":"2025-08-24T17:49:16.310Z","linkquality":212,"power":0,"power_factor":100,"produced_energy":0,"voltage":230}'
[2025-08-24 19:49:16] info: 	z2m:mqtt: MQTT publish: topic 'zigbee2mqtt/Four et Plaque de Cuisson', payload '{"ac_frequency":49.96,"current":0,"data_report_duration":60,"energy":60,"last_seen":"2025-08-24T17:49:16.360Z","linkquality":212,"power":0,"power_factor":100,"produced_energy":0,"voltage":231}'
[2025-08-24 19:49:16] info: 	z2m:mqtt: MQTT publish: topic 'zigbee2mqtt/Four et Plaque de Cuisson', payload '{"ac_frequency":49.96,"current":0,"data_report_duration":60,"energy":60,"last_seen":"2025-08-24T17:49:16.408Z","linkquality":212,"power":0,"power_factor":100,"produced_energy":0,"voltage":231}'
[2025-08-24 19:49:16] info: 	z2m:mqtt: MQTT publish: topic 'zigbee2mqtt/Four et Plaque de Cuisson', payload '{"ac_frequency":49.96,"current":0,"data_report_duration":60,"energy":60,"last_seen":"2025-08-24T17:49:16.456Z","linkquality":212,"power":0,"power_factor":100,"produced_energy":0,"voltage":231}'
[2025-08-24 19:49:16] info: 	z2m:mqtt: MQTT publish: topic 'zigbee2mqtt/Radiateur élec cuisine ', payload '{"current":0,"energy":98.99,"last_seen":"2025-08-24T17:49:16.499Z","linkquality":196,"power":0,"power_outage_memory":"restore","state":"OFF","switch_type":"state","update":{"installed_version":72,"latest_version":72,"state":"idle"},"voltage":231}'
[2025-08-24 19:49:16] info: 	z2m:mqtt: MQTT publish: topic 'zigbee2mqtt/prise mini pc (IKEA)', payload '{"current":0.07,"energy":5.86,"identify":null,"last_seen":"2025-08-24T17:49:16.658Z","linkquality":255,"power":16.8,"power_on_behavior":"previous","state":"ON","update":{"installed_version":33816645,"latest_version":33816645,"state":"idle"},"voltage":226.3}'
[2025-08-24 19:49:17] info: 	z2m:mqtt: MQTT publish: topic 'zigbee2mqtt/prise mini pc (IKEA)', payload '{"current":0.07,"energy":5.86,"identify":null,"last_seen":"2025-08-24T17:49:17.111Z","linkquality":255,"power":7.3,"power_on_behavior":"previous","state":"ON","update":{"installed_version":33816645,"latest_version":33816645,"state":"idle"},"voltage":226.3}'
[2025-08-24 19:49:17] info: 	z2m:mqtt: MQTT publish: topic 'zigbee2mqtt/prise bureau pc (IKEA)', payload '{"current":1.01,"energy":615.26,"identify":null,"last_seen":"2025-08-24T17:49:17.326Z","linkquality":255,"power":182.4,"power_on_behavior":"previous","state":"ON","update":{"installed_version":33816645,"latest_version":33816645,"state":"idle"},"voltage":229.6}'
[2025-08-24 19:49:17] info: 	z2m:mqtt: MQTT publish: topic 'zigbee2mqtt/prise salon chargeur (NOUS)', payload '{"child_lock":"UNLOCK","countdown":0,"current":0.05,"energy":37.11,"indicator_mode":"off","last_seen":"2025-08-24T17:49:17.770Z","linkquality":172,"power":5,"power_outage_memory":"on","state":"ON","update":{"installed_version":192,"latest_version":192,"state":"idle"},"voltage":226}'
[2025-08-24 19:49:17] info: 	z2m:mqtt: MQTT publish: topic 'zigbee2mqtt/prise bureau pc (IKEA)', payload '{"current":1.01,"energy":615.26,"identify":null,"last_seen":"2025-08-24T17:49:17.775Z","linkquality":255,"power":178.5,"power_on_behavior":"previous","state":"ON","update":{"installed_version":33816645,"latest_version":33816645,"state":"idle"},"voltage":229.6}'
[2025-08-24 19:49:19] info: 	z2m:mqtt: MQTT publish: topic 'zigbee2mqtt/prise salon chargeur (NOUS)', payload '{"child_lock":"UNLOCK","countdown":0,"current":0.05,"energy":37.11,"indicator_mode":"off","last_seen":"2025-08-24T17:49:19.765Z","linkquality":172,"power":5,"power_outage_memory":"on","state":"ON","update":{"installed_version":192,"latest_version":192,"state":"idle"},"voltage":226}'
[2025-08-24 19:49:20] info: 	z2m:mqtt: MQTT publish: topic 'zigbee2mqtt/Prise Radiateur Salle de Bain (NOUS)', payload '{"child_lock":"LOCK","countdown":0,"current":0,"energy":0.27,"indicator_mode":"off/on","last_seen":"2025-08-24T17:49:09.230Z","linkquality":252,"power":0,"power_outage_memory":"restore","state":"OFF","update":{"installed_version":192,"latest_version":192,"state":"idle"},"voltage":228}'
[2025-08-24 19:49:20] info: 	z2m:mqtt: MQTT publish: topic 'zigbee2mqtt/Prise Radiateur Salle de Bain (NOUS)', payload '{"child_lock":"LOCK","countdown":0,"current":0,"energy":0.27,"indicator_mode":"off/on","last_seen":"2025-08-24T17:49:09.230Z","linkquality":252,"power":0,"power_outage_memory":"restore","state":"OFF","update":{"installed_version":192,"latest_version":192,"state":"idle"},"voltage":228}'
[2025-08-24 19:49:20] info: 	z2m:mqtt: MQTT publish: topic 'zigbee2mqtt/qualite air chambre (IKEA)', payload '{"humidity":65,"identify":null,"last_seen":"2025-08-24T17:49:20.537Z","linkquality":200,"pm25":58,"temperature":27,"update":{"installed_version":16777233,"latest_version":16777233,"state":"idle"},"voc_index":325}'
[2025-08-24 19:49:23] info: 	z2m:mqtt: MQTT publish: topic 'zigbee2mqtt/prise pc's gege (IKEA)', payload '{"current":0.67,"energy":310.05,"identify":null,"last_seen":"2025-08-24T17:49:23.929Z","linkquality":176,"power":123.1,"power_on_behavior":"on","state":"ON","update":{"installed_version":33816645,"latest_version":33816645,"state":"idle"},"voltage":229.4}'
[2025-08-24 19:49:24] info: 	z2m:mqtt: MQTT publish: topic 'zigbee2mqtt/Clim Salon (NOUS)', payload '{"child_lock":"LOCK","countdown":0,"current":0,"energy":414.52,"indicator_mode":"on","last_seen":"2025-08-24T17:49:24.941Z","linkquality":144,"power":0,"power_outage_memory":"restore","state":"OFF","update":{"installed_version":192,"latest_version":192,"state":"idle"},"voltage":228}'
[2025-08-24 19:49:26] info: 	z2m:mqtt: MQTT publish: topic 'zigbee2mqtt/prise tete de lit chambre', payload '{"current":0,"energy":25.58,"identify":null,"last_seen":"2025-08-24T17:49:26.235Z","linkquality":196,"power":0,"power_on_behavior":"on","state":"OFF","update":{"installed_version":33816645,"latest_version":33816645,"state":"idle"},"voltage":236.5}'
[2025-08-24 19:49:26] info: 	z2m:mqtt: MQTT publish: topic 'zigbee2mqtt/qualite air salon (IKEA)', payload '{"humidity":64,"identify":null,"last_seen":"2025-08-24T17:49:26.474Z","linkquality":164,"pm25":20,"temperature":27,"update":{"installed_version":16777233,"latest_version":16777233,"state":"idle"},"voc_index":283}'
[2025-08-24 19:49:29] info: 	z2m:mqtt: MQTT publish: topic 'zigbee2mqtt/prise box internet (IKEA)', payload '{"current":0.12,"energy":86.62,"identify":null,"last_seen":"2025-08-24T17:49:29.646Z","linkquality":148,"power":13.4,"power_on_behavior":"previous","state":"ON","update":{"installed_version":33816645,"latest_version":33816645,"state":"idle"},"voltage":228.5}'
[2025-08-24 19:49:30] info: 	z2m:mqtt: MQTT publish: topic 'zigbee2mqtt/qualite air chambre (IKEA)', payload '{"humidity":65,"identify":null,"last_seen":"2025-08-24T17:49:30.461Z","linkquality":200,"pm25":58,"temperature":27,"update":{"installed_version":16777233,"latest_version":16777233,"state":"idle"},"voc_index":325}'
[2025-08-24 19:49:30] info: 	z2m:mqtt: MQTT publish: topic 'zigbee2mqtt/prise lave linge (NOUS)', payload '{"child_lock":"LOCK","countdown":0,"current":0,"energy":100.64,"indicator_mode":"on","last_seen":"2025-08-24T17:49:30.932Z","linkquality":188,"power":0,"power_outage_memory":"on","state":"ON","update":{"installed_version":192,"latest_version":192,"state":"idle"},"voltage":229}'
[2025-08-24 19:49:31] info: 	z2m:mqtt: MQTT publish: topic 'zigbee2mqtt/prise bureau pc (IKEA)', payload '{"current":1.01,"energy":615.26,"identify":null,"last_seen":"2025-08-24T17:49:31.227Z","linkquality":255,"power":178.5,"power_on_behavior":"previous","state":"ON","update":{"installed_version":33816645,"latest_version":33816645,"state":"idle"},"voltage":229}'
[2025-08-24 19:49:31] info: 	z2m:mqtt: MQTT publish: topic 'zigbee2mqtt/prise pc's gege (IKEA)', payload '{"current":0.67,"energy":310.05,"identify":null,"last_seen":"2025-08-24T17:49:31.359Z","linkquality":176,"power":123.1,"power_on_behavior":"on","state":"ON","update":{"installed_version":33816645,"latest_version":33816645,"state":"idle"},"voltage":228.8}'
[2025-08-24 19:49:31] info: 	z2m:mqtt: MQTT publish: topic 'zigbee2mqtt/prise horloge (IKEA)', payload '{"current":0.004,"energy":1.24,"identify":null,"last_seen":"2025-08-24T17:49:31.729Z","linkquality":255,"power":0.2,"power_on_behavior":"previous","state":"ON","update":{"installed_version":33816645,"latest_version":33816645,"state":"idle"},"voltage":235.2}'
[2025-08-24 19:49:33] info: 	z2m:mqtt: MQTT publish: topic 'zigbee2mqtt/prise airfryer ninja (NOUS)', payload '{"child_lock":"UNLOCK","countdown":0,"current":0,"energy":72.19,"indicator_mode":"on","last_seen":"2025-08-24T17:49:33.157Z","linkquality":232,"power":0,"power_outage_memory":"restore","state":"ON","update":{"installed_version":192,"latest_version":192,"state":"idle"},"voltage":229}'
[2025-08-24 19:49:33] info: 	z2m:mqtt: MQTT publish: topic 'zigbee2mqtt/prise pc's gege (IKEA)', payload '{"current":0.67,"energy":310.05,"identify":null,"last_seen":"2025-08-24T17:49:33.938Z","linkquality":176,"power":118.4,"power_on_behavior":"on","state":"ON","update":{"installed_version":33816645,"latest_version":33816645,"state":"idle"},"voltage":228.8}'
[2025-08-24 19:49:36] info: 	z2m:mqtt: MQTT publish: topic 'zigbee2mqtt/qualite air salon (IKEA)', payload '{"humidity":63,"identify":null,"last_seen":"2025-08-24T17:49:36.403Z","linkquality":168,"pm25":20,"temperature":27,"update":{"installed_version":16777233,"latest_version":16777233,"state":"idle"},"voc_index":283}'
[2025-08-24 19:49:36] info: 	z2m:mqtt: MQTT publish: topic 'zigbee2mqtt/prise tete de lit chambre', payload '{"current":0,"energy":25.58,"identify":null,"last_seen":"2025-08-24T17:49:36.534Z","linkquality":192,"power":0,"power_on_behavior":"on","state":"OFF","update":{"installed_version":33816645,"latest_version":33816645,"state":"idle"},"voltage":236}'
[2025-08-24 19:49:36] info: 	z2m:mqtt: MQTT publish: topic 'zigbee2mqtt/prise mini pc (IKEA)', payload '{"current":0.07,"energy":5.86,"identify":null,"last_seen":"2025-08-24T17:49:36.725Z","linkquality":255,"power":17.3,"power_on_behavior":"previous","state":"ON","update":{"installed_version":33816645,"latest_version":33816645,"state":"idle"},"voltage":226.3}'
[2025-08-24 19:49:37] info: 	z2m:mqtt: MQTT publish: topic 'zigbee2mqtt/prise bureau pc (IKEA)', payload '{"current":1.07,"energy":615.26,"identify":null,"last_seen":"2025-08-24T17:49:37.019Z","linkquality":255,"power":178.5,"power_on_behavior":"previous","state":"ON","update":{"installed_version":33816645,"latest_version":33816645,"state":"idle"},"voltage":229}'
[2025-08-24 19:49:37] info: 	z2m:mqtt: MQTT publish: topic 'zigbee2mqtt/prise frigo cuisine (NOUS)', payload '{"child_lock":"LOCK","countdown":0,"current":0,"energy":106.05,"indicator_mode":"on/off","last_seen":"2025-08-24T17:49:37.086Z","linkquality":196,"power":0,"power_outage_memory":"on","state":"ON","update":{"installed_version":192,"latest_version":192,"state":"idle"},"voltage":228}'
[2025-08-24 19:49:37] info: 	z2m:mqtt: MQTT publish: topic 'zigbee2mqtt/prise congelateur cuisine (NOUS)', payload '{"child_lock":"LOCK","countdown":0,"current":0.21,"energy":186.78,"indicator_mode":"on","last_seen":"2025-08-24T17:49:37.112Z","linkquality":248,"power":30,"power_outage_memory":"on","state":"ON","update":{"installed_version":192,"latest_version":192,"state":"idle"},"voltage":226}'
[2025-08-24 19:49:37] info: 	z2m:mqtt: MQTT publish: topic 'zigbee2mqtt/prise congelateur cuisine (NOUS)', payload '{"child_lock":"LOCK","countdown":0,"current":0.21,"energy":186.78,"indicator_mode":"on","last_seen":"2025-08-24T17:49:37.119Z","linkquality":252,"power":30,"power_outage_memory":"on","state":"ON","update":{"installed_version":192,"latest_version":192,"state":"idle"},"voltage":226}'
[2025-08-24 19:49:37] info: 	z2m:mqtt: MQTT publish: topic 'zigbee2mqtt/prise bureau pc (IKEA)', payload '{"current":1.07,"energy":615.26,"identify":null,"last_seen":"2025-08-24T17:49:37.489Z","linkquality":255,"power":188.8,"power_on_behavior":"previous","state":"ON","update":{"installed_version":33816645,"latest_version":33816645,"state":"idle"},"voltage":229}'
[2025-08-24 19:49:43] info: 	z2m:mqtt: MQTT publish: topic 'zigbee2mqtt/prise pc's gege (IKEA)', payload '{"current":0.67,"energy":310.05,"identify":null,"last_seen":"2025-08-24T17:49:43.946Z","linkquality":176,"power":118.3,"power_on_behavior":"on","state":"ON","update":{"installed_version":33816645,"latest_version":33816645,"state":"idle"},"voltage":228.8}'
[2025-08-24 19:49:45] info: 	z2m:mqtt: MQTT publish: topic 'zigbee2mqtt/Clim Chambre (NOUS)', payload '{"child_lock":"LOCK","countdown":0,"current":0,"energy":392.86,"indicator_mode":"on","last_seen":"2025-08-24T17:49:45.774Z","linkquality":160,"power":0,"power_outage_memory":"restore","state":"OFF","update":{"installed_version":192,"latest_version":192,"state":"idle"},"voltage":227}'
[2025-08-24 19:49:45] info: 	z2m:mqtt: MQTT publish: topic 'zigbee2mqtt/Clim Chambre (NOUS)', payload '{"child_lock":"LOCK","countdown":0,"current":0,"energy":392.86,"indicator_mode":"on","last_seen":"2025-08-24T17:49:45.819Z","linkquality":160,"power":0,"power_outage_memory":"restore","state":"OFF","update":{"installed_version":192,"latest_version":192,"state":"idle"},"voltage":227}'
[2025-08-24 19:49:46] info: 	z2m:mqtt: MQTT publish: topic 'zigbee2mqtt/qualite air salon (IKEA)', payload '{"humidity":64,"identify":null,"last_seen":"2025-08-24T17:49:46.379Z","linkquality":164,"pm25":20,"temperature":27,"update":{"installed_version":16777233,"latest_version":16777233,"state":"idle"},"voc_index":283}'
[2025-08-24 19:49:46] info: 	z2m:mqtt: MQTT publish: topic 'zigbee2mqtt/prise mini pc (IKEA)', payload '{"current":0.07,"energy":5.86,"identify":null,"last_seen":"2025-08-24T17:49:46.729Z","linkquality":255,"power":7.6,"power_on_behavior":"previous","state":"ON","update":{"installed_version":33816645,"latest_version":33816645,"state":"idle"},"voltage":226.3}'
[2025-08-24 19:49:46] info: 	z2m:mqtt: MQTT publish: topic 'zigbee2mqtt/prise bureau pc (IKEA)', payload '{"current":1.01,"energy":615.26,"identify":null,"last_seen":"2025-08-24T17:49:46.984Z","linkquality":255,"power":188.8,"power_on_behavior":"previous","state":"ON","update":{"installed_version":33816645,"latest_version":33816645,"state":"idle"},"voltage":229}'
[2025-08-24 19:49:47] info: 	z2m:mqtt: MQTT publish: topic 'zigbee2mqtt/prise bureau pc (IKEA)', payload '{"current":1.01,"energy":615.26,"identify":null,"last_seen":"2025-08-24T17:49:47.466Z","linkquality":255,"power":177.7,"power_on_behavior":"previous","state":"ON","update":{"installed_version":33816645,"latest_version":33816645,"state":"idle"},"voltage":229}'
[2025-08-24 19:49:51] info: 	z2m:mqtt: MQTT publish: topic 'zigbee2mqtt/qualite air bureau (IKEA)', payload '{"humidity":63,"identify":null,"last_seen":"2025-08-24T17:49:51.516Z","linkquality":228,"pm25":30,"temperature":27,"update":{"installed_version":16777233,"latest_version":16777233,"state":"idle"},"voc_index":328}'
[2025-08-24 19:49:54] info: 	z2m:mqtt: MQTT publish: topic 'zigbee2mqtt/prise pc's gege (IKEA)', payload '{"current":0.67,"energy":310.05,"identify":null,"last_seen":"2025-08-24T17:49:54.027Z","linkquality":172,"power":121,"power_on_behavior":"on","state":"ON","update":{"installed_version":33816645,"latest_version":33816645,"state":"idle"},"voltage":228.8}'
[2025-08-24 19:49:56] info: 	z2m:mqtt: MQTT publish: topic 'zigbee2mqtt/qualite air salon (IKEA)', payload '{"humidity":64,"identify":null,"last_seen":"2025-08-24T17:49:56.356Z","linkquality":164,"pm25":20,"temperature":27,"update":{"installed_version":16777233,"latest_version":16777233,"state":"idle"},"voc_index":283}'
[2025-08-24 19:49:56] info: 	z2m:mqtt: MQTT publish: topic 'zigbee2mqtt/qualite air chambre (IKEA)', payload '{"humidity":64,"identify":null,"last_seen":"2025-08-24T17:49:56.818Z","linkquality":200,"pm25":58,"temperature":27,"update":{"installed_version":16777233,"latest_version":16777233,"state":"idle"},"voc_index":325}'
[2025-08-24 19:49:56] info: 	z2m:mqtt: MQTT publish: topic 'zigbee2mqtt/Clim Chambre (NOUS)', payload '{"child_lock":"LOCK","countdown":0,"current":0,"energy":392.86,"indicator_mode":"on","last_seen":"2025-08-24T17:49:45.819Z","linkquality":160,"power":0,"power_outage_memory":"restore","state":"OFF","update":{"installed_version":192,"latest_version":192,"state":"idle"},"voltage":227}'
[2025-08-24 19:49:56] info: 	z2m:mqtt: MQTT publish: topic 'zigbee2mqtt/Clim Chambre (NOUS)', payload '{"child_lock":"LOCK","countdown":0,"current":0,"energy":392.86,"indicator_mode":"on","last_seen":"2025-08-24T17:49:45.819Z","linkquality":160,"power":0,"power_outage_memory":"restore","state":"OFF","update":{"installed_version":192,"latest_version":192,"state":"idle"},"voltage":227}'
[2025-08-24 19:49:57] info: 	z2m:mqtt: MQTT publish: topic 'zigbee2mqtt/Clim Chambre (NOUS)', payload '{"child_lock":"LOCK","countdown":0,"current":0,"energy":392.86,"indicator_mode":"on","last_seen":"2025-08-24T17:49:57.186Z","linkquality":160,"power":0,"power_outage_memory":"restore","state":"OFF","update":{"installed_version":192,"latest_version":192,"state":"idle"},"voltage":227}'
[2025-08-24 19:49:57] info: 	z2m:mqtt: MQTT publish: topic 'zigbee2mqtt/Th Cuisine', payload '{"battery":22,"comfort_humidity_max":55,"comfort_humidity_min":40,"comfort_temperature_max":25,"comfort_temperature_min":21,"humidity":63.9,"humidity_calibration":0,"last_seen":"2025-08-24T17:49:57.653Z","linkquality":232,"temperature":26.8,"temperature_calibration":0,"temperature_units":"celsius","update":{"installed_version":8960,"latest_version":8960,"state":"idle"}}'
[2025-08-24 19:50:01] info: 	z2m:mqtt: MQTT publish: topic 'zigbee2mqtt/qualite air bureau (IKEA)', payload '{"humidity":64,"identify":null,"last_seen":"2025-08-24T17:50:01.461Z","linkquality":224,"pm25":30,"temperature":27,"update":{"installed_version":16777233,"latest_version":16777233,"state":"idle"},"voc_index":328}'
[2025-08-24 19:50:02] info: 	z2m:mqtt: MQTT publish: topic 'zigbee2mqtt/prise lave linge (NOUS)', payload '{"child_lock":"LOCK","countdown":0,"current":0,"energy":100.64,"indicator_mode":"on","last_seen":"2025-08-24T17:50:02.208Z","linkquality":188,"power":0,"power_outage_memory":"on","state":"ON","update":{"installed_version":192,"latest_version":192,"state":"idle"},"voltage":228}'
[2025-08-24 19:50:02] info: 	z2m:mqtt: MQTT publish: topic 'zigbee2mqtt/prise box internet (IKEA)', payload '{"current":0.12,"energy":86.62,"identify":null,"last_seen":"2025-08-24T17:50:02.250Z","linkquality":148,"power":13.4,"power_on_behavior":"previous","state":"ON","update":{"installed_version":33816645,"latest_version":33816645,"state":"idle"},"voltage":228}'
[2025-08-24 19:50:06] info: 	z2m:mqtt: MQTT publish: topic 'zigbee2mqtt/qualite air salon (IKEA)', payload '{"humidity":65,"identify":null,"last_seen":"2025-08-24T17:50:06.330Z","linkquality":160,"pm25":20,"temperature":27,"update":{"installed_version":16777233,"latest_version":16777233,"state":"idle"},"voc_index":283}'
[2025-08-24 19:50:06] info: 	z2m:mqtt: MQTT publish: topic 'zigbee2mqtt/qualite air chambre (IKEA)', payload '{"humidity":65,"identify":null,"last_seen":"2025-08-24T17:50:06.779Z","linkquality":200,"pm25":58,"temperature":27,"update":{"installed_version":16777233,"latest_version":16777233,"state":"idle"},"voc_index":325}'
[2025-08-24 19:50:06] info: 	z2m:mqtt: MQTT publish: topic 'zigbee2mqtt/prise bureau pc (IKEA)', payload '{"current":1.07,"energy":615.26,"identify":null,"last_seen":"2025-08-24T17:50:06.813Z","linkquality":255,"power":177.7,"power_on_behavior":"previous","state":"ON","update":{"installed_version":33816645,"latest_version":33816645,"state":"idle"},"voltage":229}'
[2025-08-24 19:50:07] info: 	z2m:mqtt: MQTT publish: topic 'zigbee2mqtt/prise bureau pc (IKEA)', payload '{"current":1.07,"energy":615.26,"identify":null,"last_seen":"2025-08-24T17:50:07.282Z","linkquality":255,"power":188.3,"power_on_behavior":"previous","state":"ON","update":{"installed_version":33816645,"latest_version":33816645,"state":"idle"},"voltage":229}'
[2025-08-24 19:50:07] info: 	z2m:mqtt: MQTT publish: topic 'zigbee2mqtt/prise mini pc (IKEA)', payload '{"current":0.13,"energy":5.86,"identify":null,"last_seen":"2025-08-24T17:50:07.304Z","linkquality":255,"power":7.6,"power_on_behavior":"previous","state":"ON","update":{"installed_version":33816645,"latest_version":33816645,"state":"idle"},"voltage":226.3}'
[2025-08-24 19:50:10] info: 	z2m:mqtt: MQTT publish: topic 'zigbee2mqtt/prise pc's gege (IKEA)', payload '{"current":0.67,"energy":310.05,"identify":null,"last_seen":"2025-08-24T17:50:10.416Z","linkquality":176,"power":118.3,"power_on_behavior":"on","state":"ON","update":{"installed_version":33816645,"latest_version":33816645,"state":"idle"},"voltage":228.8}'
[2025-08-24 19:50:15] info: 	z2m:mqtt: MQTT publish: topic 'zigbee2mqtt/prise box internet (IKEA)', payload '{"current":0.12,"energy":86.62,"identify":null,"last_seen":"2025-08-24T17:50:15.676Z","linkquality":148,"power":13.4,"power_on_behavior":"previous","state":"ON","update":{"installed_version":33816645,"latest_version":33816645,"state":"idle"},"voltage":228.6}'
[2025-08-24 19:50:15] info: 	z2m:mqtt: MQTT publish: topic 'zigbee2mqtt/Four et Plaque de Cuisson', payload '{"ac_frequency":49.96,"current":0,"data_report_duration":60,"energy":60,"last_seen":"2025-08-24T17:50:15.988Z","linkquality":212,"power":0,"power_factor":100,"produced_energy":0,"voltage":231}'
[2025-08-24 19:50:16] info: 	z2m:mqtt: MQTT publish: topic 'zigbee2mqtt/Four et Plaque de Cuisson', payload '{"ac_frequency":49.96,"current":0,"data_report_duration":60,"energy":60,"last_seen":"2025-08-24T17:50:16.037Z","linkquality":212,"power":0,"power_factor":100,"produced_energy":0,"voltage":231}'
[2025-08-24 19:50:16] info: 	z2m:mqtt: MQTT publish: topic 'zigbee2mqtt/Four et Plaque de Cuisson', payload '{"ac_frequency":49.96,"current":0,"data_report_duration":60,"energy":60,"last_seen":"2025-08-24T17:50:16.087Z","linkquality":216,"power":0,"power_factor":100,"produced_energy":0,"voltage":231}'
[2025-08-24 19:50:16] info: 	z2m:mqtt: MQTT publish: topic 'zigbee2mqtt/Four et Plaque de Cuisson', payload '{"ac_frequency":49.96,"current":0,"data_report_duration":60,"energy":60,"last_seen":"2025-08-24T17:50:16.134Z","linkquality":216,"power":0,"power_factor":100,"produced_energy":0,"voltage":231}'
[2025-08-24 19:50:16] info: 	z2m:mqtt: MQTT publish: topic 'zigbee2mqtt/Four et Plaque de Cuisson', payload '{"ac_frequency":49.94,"current":0,"data_report_duration":60,"energy":60,"last_seen":"2025-08-24T17:50:16.183Z","linkquality":216,"power":0,"power_factor":100,"produced_energy":0,"voltage":231}'
[2025-08-24 19:50:16] info: 	z2m:mqtt: MQTT publish: topic 'zigbee2mqtt/Four et Plaque de Cuisson', payload '{"ac_frequency":49.94,"current":0,"data_report_duration":60,"energy":60,"last_seen":"2025-08-24T17:50:16.230Z","linkquality":216,"power":0,"power_factor":100,"produced_energy":0,"voltage":231}'
[2025-08-24 19:50:16] info: 	z2m:mqtt: MQTT publish: topic 'zigbee2mqtt/Four et Plaque de Cuisson', payload '{"ac_frequency":49.94,"current":0,"data_report_duration":60,"energy":60,"last_seen":"2025-08-24T17:50:16.281Z","linkquality":212,"power":0,"power_factor":100,"produced_energy":0,"voltage":231}'
[2025-08-24 19:50:16] info: 	z2m:mqtt: MQTT publish: topic 'zigbee2mqtt/Four et Plaque de Cuisson', payload '{"ac_frequency":49.94,"current":0,"data_report_duration":60,"energy":60,"last_seen":"2025-08-24T17:50:16.331Z","linkquality":216,"power":0,"power_factor":100,"produced_energy":0,"voltage":231}'
[2025-08-24 19:50:16] info: 	z2m:mqtt: MQTT publish: topic 'zigbee2mqtt/qualite air salon (IKEA)', payload '{"humidity":64,"identify":null,"last_seen":"2025-08-24T17:50:16.351Z","linkquality":168,"pm25":20,"temperature":27,"update":{"installed_version":16777233,"latest_version":16777233,"state":"idle"},"voc_index":283}'
[2025-08-24 19:50:16] info: 	z2m:mqtt: MQTT publish: topic 'zigbee2mqtt/prise tete de lit chambre', payload '{"current":0,"energy":25.58,"identify":null,"last_seen":"2025-08-24T17:50:16.618Z","linkquality":196,"power":0,"power_on_behavior":"on","state":"OFF","update":{"installed_version":33816645,"latest_version":33816645,"state":"idle"},"voltage":236.6}'
[2025-08-24 19:50:16] info: 	z2m:mqtt: MQTT publish: topic 'zigbee2mqtt/prise bureau pc (IKEA)', payload '{"current":1.01,"energy":615.26,"identify":null,"last_seen":"2025-08-24T17:50:16.822Z","linkquality":255,"power":188.3,"power_on_behavior":"previous","state":"ON","update":{"installed_version":33816645,"latest_version":33816645,"state":"idle"},"voltage":229}'
[2025-08-24 19:50:17] info: 	z2m:mqtt: MQTT publish: topic 'zigbee2mqtt/prise bureau pc (IKEA)', payload '{"current":1.01,"energy":615.26,"identify":null,"last_seen":"2025-08-24T17:50:17.289Z","linkquality":255,"power":177.6,"power_on_behavior":"previous","state":"ON","update":{"installed_version":33816645,"latest_version":33816645,"state":"idle"},"voltage":229}'
[2025-08-24 19:50:17] info: 	z2m:mqtt: MQTT publish: topic 'zigbee2mqtt/prise mini pc (IKEA)', payload '{"current":0.07,"energy":5.86,"identify":null,"last_seen":"2025-08-24T17:50:17.312Z","linkquality":255,"power":7.6,"power_on_behavior":"previous","state":"ON","update":{"installed_version":33816645,"latest_version":33816645,"state":"idle"},"voltage":226.3}'
[2025-08-24 19:50:17] info: 	z2m:mqtt: MQTT publish: topic 'zigbee2mqtt/prise bureau pc (IKEA)', payload '{"current":1.01,"energy":615.26,"identify":null,"last_seen":"2025-08-24T17:50:17.361Z","linkquality":255,"power":177.6,"power_on_behavior":"previous","state":"ON","update":{"installed_version":33816645,"latest_version":33816645,"state":"idle"},"voltage":229.5}'
[2025-08-24 19:50:17] info: 	z2m:mqtt: MQTT publish: topic 'zigbee2mqtt/prise pc's gege (IKEA)', payload '{"current":0.67,"energy":310.05,"identify":null,"last_seen":"2025-08-24T17:50:17.596Z","linkquality":176,"power":118.3,"power_on_behavior":"on","state":"ON","update":{"installed_version":33816645,"latest_version":33816645,"state":"idle"},"voltage":229.5}'
[2025-08-24 19:50:17] info: 	z2m:mqtt: MQTT publish: topic 'zigbee2mqtt/prise horloge (IKEA)', payload '{"current":0.004,"energy":1.24,"identify":null,"last_seen":"2025-08-24T17:50:17.689Z","linkquality":255,"power":0.2,"power_on_behavior":"previous","state":"ON","update":{"installed_version":33816645,"latest_version":33816645,"state":"idle"},"voltage":235.8}'
[2025-08-24 19:50:22] info: 	z2m:mqtt: MQTT publish: topic 'zigbee2mqtt/qualite air chambre (IKEA)', payload '{"humidity":65,"identify":null,"last_seen":"2025-08-24T17:50:22.075Z","linkquality":200,"pm25":56,"temperature":27,"update":{"installed_version":16777233,"latest_version":16777233,"state":"idle"},"voc_index":325}'
[2025-08-24 19:50:22] info: 	z2m:mqtt: MQTT publish: topic 'zigbee2mqtt/qualite air chambre (IKEA)', payload '{"humidity":65,"identify":null,"last_seen":"2025-08-24T17:50:22.120Z","linkquality":200,"pm25":56,"temperature":27,"update":{"installed_version":16777233,"latest_version":16777233,"state":"idle"},"voc_index":333}'
[2025-08-24 19:50:22] info: 	z2m:mqtt: MQTT publish: topic 'zigbee2mqtt/Prise Radiateur Salle de Bain (NOUS)', payload '{"child_lock":"LOCK","countdown":0,"current":0,"energy":0.27,"indicator_mode":"off/on","last_seen":"2025-08-24T17:50:22.591Z","linkquality":156,"power":0,"power_outage_memory":"restore","state":"OFF","update":{"installed_version":192,"latest_version":192,"state":"idle"},"voltage":228}'
[2025-08-24 19:50:25] info: 	z2m:mqtt: MQTT publish: topic 'zigbee2mqtt/prise pc's gege (IKEA)', payload '{"current":0.67,"energy":310.05,"identify":null,"last_seen":"2025-08-24T17:50:25.274Z","linkquality":176,"power":123.6,"power_on_behavior":"on","state":"ON","update":{"installed_version":33816645,"latest_version":33816645,"state":"idle"},"voltage":229.5}'
[2025-08-24 19:50:26] info: 	z2m:mqtt: MQTT publish: topic 'zigbee2mqtt/qualite air salon (IKEA)', payload '{"humidity":64,"identify":null,"last_seen":"2025-08-24T17:50:26.283Z","linkquality":164,"pm25":20,"temperature":27,"update":{"installed_version":16777233,"latest_version":16777233,"state":"idle"},"voc_index":283}'
[2025-08-24 19:50:32] info: 	z2m:mqtt: MQTT publish: topic 'zigbee2mqtt/prise pc's gege (IKEA)', payload '{"current":0.67,"energy":310.05,"identify":null,"last_seen":"2025-08-24T17:50:32.372Z","linkquality":176,"power":123.6,"power_on_behavior":"on","state":"ON","update":{"installed_version":33816645,"latest_version":33816645,"state":"idle"},"voltage":229}'
[2025-08-24 19:50:35] info: 	z2m:mqtt: MQTT publish: topic 'zigbee2mqtt/prise pc's gege (IKEA)', payload '{"current":0.67,"energy":310.05,"identify":null,"last_seen":"2025-08-24T17:50:35.282Z","linkquality":176,"power":120.4,"power_on_behavior":"on","state":"ON","update":{"installed_version":33816645,"latest_version":33816645,"state":"idle"},"voltage":229}'
[2025-08-24 19:50:36] info: 	z2m:mqtt: MQTT publish: topic 'zigbee2mqtt/prise mini pc (IKEA)', payload '{"current":0.14,"energy":5.86,"identify":null,"last_seen":"2025-08-24T17:50:36.898Z","linkquality":255,"power":7.6,"power_on_behavior":"previous","state":"ON","update":{"installed_version":33816645,"latest_version":33816645,"state":"idle"},"voltage":226.3}'
[2025-08-24 19:50:36] info: 	z2m:mqtt: MQTT publish: topic 'zigbee2mqtt/prise bureau pc (IKEA)', payload '{"current":1.01,"energy":615.26,"identify":null,"last_seen":"2025-08-24T17:50:36.952Z","linkquality":255,"power":187.7,"power_on_behavior":"previous","state":"ON","update":{"installed_version":33816645,"latest_version":33816645,"state":"idle"},"voltage":229.5}'
[2025-08-24 19:50:37] info: 	z2m:mqtt: MQTT publish: topic 'zigbee2mqtt/prise mini pc (IKEA)', payload '{"current":0.14,"energy":5.86,"identify":null,"last_seen":"2025-08-24T17:50:37.373Z","linkquality":255,"power":17.6,"power_on_behavior":"previous","state":"ON","update":{"installed_version":33816645,"latest_version":33816645,"state":"idle"},"voltage":226.3}'
[2025-08-24 19:50:40] info: 	z2m:mqtt: MQTT publish: topic 'zigbee2mqtt/qualite air bureau (IKEA)', payload '{"humidity":64,"identify":null,"last_seen":"2025-08-24T17:50:40.326Z","linkquality":224,"pm25":28,"temperature":27,"update":{"installed_version":16777233,"latest_version":16777233,"state":"idle"},"voc_index":328}'
[2025-08-24 19:50:40] info: 	z2m:mqtt: MQTT publish: topic 'zigbee2mqtt/qualite air bureau (IKEA)', payload '{"humidity":64,"identify":null,"last_seen":"2025-08-24T17:50:40.365Z","linkquality":224,"pm25":28,"temperature":27,"update":{"installed_version":16777233,"latest_version":16777233,"state":"idle"},"voc_index":308}'
[2025-08-24 19:50:42] info: 	z2m:mqtt: MQTT publish: topic 'zigbee2mqtt/prise pc's gege (IKEA)', payload '{"current":0.67,"energy":310.05,"identify":null,"last_seen":"2025-08-24T17:50:42.381Z","linkquality":176,"power":120.4,"power_on_behavior":"on","state":"ON","update":{"installed_version":33816645,"latest_version":33816645,"state":"idle"},"voltage":229.5}'
[2025-08-24 19:50:42] info: 	z2m:mqtt: MQTT publish: topic 'zigbee2mqtt/qualite air bureau (IKEA)', payload '{"humidity":63,"identify":null,"last_seen":"2025-08-24T17:50:42.482Z","linkquality":224,"pm25":28,"temperature":27,"update":{"installed_version":16777233,"latest_version":16777233,"state":"idle"},"voc_index":308}'
[2025-08-24 19:50:44] info: 	z2m:mqtt: MQTT publish: topic 'zigbee2mqtt/prise tv chambre (NOUS)', payload '{"child_lock":"LOCK","countdown":0,"current":0,"energy":164.71,"indicator_mode":"off","last_seen":"2025-08-24T17:50:44.731Z","linkquality":168,"power":0,"power_outage_memory":"on","state":"ON","update":{"installed_version":192,"latest_version":192,"state":"idle"},"voltage":226}'
[2025-08-24 19:50:44] info: 	z2m:mqtt: MQTT publish: topic 'zigbee2mqtt/Clim Salon (NOUS)', payload '{"child_lock":"LOCK","countdown":0,"current":0,"energy":414.52,"indicator_mode":"on","last_seen":"2025-08-24T17:50:44.862Z","linkquality":120,"power":0,"power_outage_memory":"restore","state":"OFF","update":{"installed_version":192,"latest_version":192,"state":"idle"},"voltage":228}'
[2025-08-24 19:50:45] info: 	z2m:mqtt: MQTT publish: topic 'zigbee2mqtt/prise box internet (IKEA)', payload '{"current":0.12,"energy":86.62,"identify":null,"last_seen":"2025-08-24T17:50:45.221Z","linkquality":148,"power":13.4,"power_on_behavior":"previous","state":"ON","update":{"installed_version":33816645,"latest_version":33816645,"state":"idle"},"voltage":229.2}'
[2025-08-24 19:50:46] info: 	z2m:mqtt: MQTT publish: topic 'zigbee2mqtt/prise tete de lit chambre', payload '{"current":0,"energy":25.58,"identify":null,"last_seen":"2025-08-24T17:50:46.159Z","linkquality":196,"power":0,"power_on_behavior":"on","state":"OFF","update":{"installed_version":33816645,"latest_version":33816645,"state":"idle"},"voltage":237.1}'
[2025-08-24 19:50:46] info: 	z2m:mqtt: MQTT publish: topic 'zigbee2mqtt/Clim du Bureau (NOUS)', payload '{"child_lock":"LOCK","countdown":0,"current":0,"energy":332.61,"indicator_mode":"off/on","last_seen":"2025-08-24T17:50:46.181Z","linkquality":164,"power":0,"power_outage_memory":"restore","state":"OFF","update":{"installed_version":192,"latest_version":192,"state":"idle"},"voltage":226}'
[2025-08-24 19:50:46] info: 	z2m:mqtt: MQTT publish: topic 'zigbee2mqtt/prise mini pc (IKEA)', payload '{"current":0.07,"energy":5.86,"identify":null,"last_seen":"2025-08-24T17:50:46.864Z","linkquality":255,"power":17.6,"power_on_behavior":"previous","state":"ON","update":{"installed_version":33816645,"latest_version":33816645,"state":"idle"},"voltage":226.3}'
[2025-08-24 19:50:46] info: 	z2m:mqtt: MQTT publish: topic 'zigbee2mqtt/prise bureau pc (IKEA)', payload '{"current":1.01,"energy":615.26,"identify":null,"last_seen":"2025-08-24T17:50:46.922Z","linkquality":255,"power":178.6,"power_on_behavior":"previous","state":"ON","update":{"installed_version":33816645,"latest_version":33816645,"state":"idle"},"voltage":229.5}'
[2025-08-24 19:50:47] info: 	z2m:mqtt: MQTT publish: topic 'zigbee2mqtt/prise mini pc (IKEA)', payload '{"current":0.07,"energy":5.86,"identify":null,"last_seen":"2025-08-24T17:50:47.336Z","linkquality":255,"power":7.4,"power_on_behavior":"previous","state":"ON","update":{"installed_version":33816645,"latest_version":33816645,"state":"idle"},"voltage":226.3}'
[2025-08-24 19:50:52] info: 	z2m:mqtt: MQTT publish: topic 'zigbee2mqtt/qualite air salon (IKEA)', payload '{"humidity":65,"identify":null,"last_seen":"2025-08-24T17:50:52.057Z","linkquality":164,"pm25":20,"temperature":27,"update":{"installed_version":16777233,"latest_version":16777233,"state":"idle"},"voc_index":283}'
[2025-08-24 19:50:55] info: 	z2m:mqtt: MQTT publish: topic 'zigbee2mqtt/prise box internet (IKEA)', payload '{"current":0.12,"energy":86.62,"identify":null,"last_seen":"2025-08-24T17:50:55.198Z","linkquality":148,"power":13.4,"power_on_behavior":"previous","state":"ON","update":{"installed_version":33816645,"latest_version":33816645,"state":"idle"},"voltage":229}'
[2025-08-24 19:50:55] info: 	z2m:mqtt: MQTT publish: topic 'zigbee2mqtt/Clim du Bureau (NOUS)', payload '{"child_lock":"LOCK","countdown":0,"current":0,"energy":332.61,"indicator_mode":"off/on","last_seen":"2025-08-24T17:50:55.971Z","linkquality":164,"power":0,"power_outage_memory":"restore","state":"OFF","update":{"installed_version":192,"latest_version":192,"state":"idle"},"voltage":226}'
[2025-08-24 19:50:56] info: 	z2m:mqtt: MQTT publish: topic 'zigbee2mqtt/Clim du Bureau (NOUS)', payload '{"child_lock":"LOCK","countdown":0,"current":0,"energy":332.61,"indicator_mode":"off/on","last_seen":"2025-08-24T17:50:56.018Z","linkquality":164,"power":0,"power_outage_memory":"restore","state":"OFF","update":{"installed_version":192,"latest_version":192,"state":"idle"},"voltage":227}'
[2025-08-24 19:50:56] info: 	z2m:mqtt: MQTT publish: topic 'zigbee2mqtt/prise tete de lit chambre', payload '{"current":0,"energy":25.58,"identify":null,"last_seen":"2025-08-24T17:50:56.135Z","linkquality":196,"power":0,"power_on_behavior":"on","state":"OFF","update":{"installed_version":33816645,"latest_version":33816645,"state":"idle"},"voltage":236.8}'
[2025-08-24 19:50:56] info: 	z2m:mqtt: MQTT publish: topic 'zigbee2mqtt/prise salon chargeur (NOUS)', payload '{"child_lock":"UNLOCK","countdown":0,"current":0.05,"energy":37.11,"indicator_mode":"off","last_seen":"2025-08-24T17:50:56.796Z","linkquality":176,"power":5,"power_outage_memory":"on","state":"ON","update":{"installed_version":192,"latest_version":192,"state":"idle"},"voltage":228}'
[2025-08-24 19:50:57] info: 	z2m:mqtt: MQTT publish: topic 'zigbee2mqtt/Th Balcon Nord', payload '{"battery":100,"comfort_humidity_max":55,"comfort_humidity_min":40,"comfort_temperature_max":25,"comfort_temperature_min":21,"humidity":64.9,"humidity_calibration":0,"last_seen":"2025-08-24T17:50:57.044Z","linkquality":236,"temperature":25.7,"temperature_calibration":0,"temperature_units":"celsius","update":{"installed_version":8960,"latest_version":8960,"state":"idle"}}'
[2025-08-24 19:50:57] info: 	z2m:mqtt: MQTT publish: topic 'zigbee2mqtt/prise pc's gege (IKEA)', payload '{"current":0.67,"energy":310.05,"identify":null,"last_seen":"2025-08-24T17:50:57.705Z","linkquality":176,"power":120.4,"power_on_behavior":"on","state":"ON","update":{"installed_version":33816645,"latest_version":33816645,"state":"idle"},"voltage":229}'
[2025-08-24 19:51:00] info: 	z2m:mqtt: MQTT publish: topic 'zigbee2mqtt/qualite air salon (IKEA)', payload '{"humidity":65,"identify":null,"last_seen":"2025-08-24T17:51:00.351Z","linkquality":164,"pm25":19,"temperature":27,"update":{"installed_version":16777233,"latest_version":16777233,"state":"idle"},"voc_index":283}'
[2025-08-24 19:51:00] info: 	z2m:mqtt: MQTT publish: topic 'zigbee2mqtt/qualite air salon (IKEA)', payload '{"humidity":65,"identify":null,"last_seen":"2025-08-24T17:51:00.412Z","linkquality":164,"pm25":19,"temperature":27,"update":{"installed_version":16777233,"latest_version":16777233,"state":"idle"},"voc_index":294}'
[2025-08-24 19:51:05] info: 	z2m:mqtt: MQTT publish: topic 'zigbee2mqtt/prise box internet (IKEA)', payload '{"current":0.12,"energy":86.62,"identify":null,"last_seen":"2025-08-24T17:51:05.174Z","linkquality":152,"power":13.4,"power_on_behavior":"previous","state":"ON","update":{"installed_version":33816645,"latest_version":33816645,"state":"idle"},"voltage":228.7}'
[2025-08-24 19:51:05] info: 	z2m:mqtt: MQTT publish: topic 'zigbee2mqtt/prise pc's gege (IKEA)', payload '{"current":0.67,"energy":310.05,"identify":null,"last_seen":"2025-08-24T17:51:05.458Z","linkquality":176,"power":123.5,"power_on_behavior":"on","state":"ON","update":{"installed_version":33816645,"latest_version":33816645,"state":"idle"},"voltage":229}'
[2025-08-24 19:51:05] info: 	z2m:mqtt: MQTT publish: topic 'zigbee2mqtt/prise congelateur cuisine (NOUS)', payload '{"child_lock":"LOCK","countdown":0,"current":0.21,"energy":186.78,"indicator_mode":"on","last_seen":"2025-08-24T17:51:05.637Z","linkquality":248,"power":30,"power_outage_memory":"on","state":"ON","update":{"installed_version":192,"latest_version":192,"state":"idle"},"voltage":227}'
[2025-08-24 19:51:05] info: 	z2m:mqtt: MQTT publish: topic 'zigbee2mqtt/prise congelateur cuisine (NOUS)', payload '{"child_lock":"LOCK","countdown":0,"current":0.21,"energy":186.78,"indicator_mode":"on","last_seen":"2025-08-24T17:51:05.702Z","linkquality":248,"power":30,"power_outage_memory":"on","state":"ON","update":{"installed_version":192,"latest_version":192,"state":"idle"},"voltage":227}'
[2025-08-24 19:51:05] info: 	zh:ember:ezsp: Received network/route error ROUTE_ERROR_SOURCE_ROUTE_FAILURE for "11216".
[2025-08-24 19:51:05] info: 	zh:ember:ezsp: Received network/route error ROUTE_ERROR_SOURCE_ROUTE_FAILURE for "11216".
[2025-08-24 19:51:06] info: 	z2m:mqtt: MQTT publish: topic 'zigbee2mqtt/prise tete de lit chambre', payload '{"current":0,"energy":25.58,"identify":null,"last_seen":"2025-08-24T17:51:06.114Z","linkquality":196,"power":0,"power_on_behavior":"on","state":"OFF","update":{"installed_version":33816645,"latest_version":33816645,"state":"idle"},"voltage":236.6}'
[2025-08-24 19:51:06] info: 	z2m:mqtt: MQTT publish: topic 'zigbee2mqtt/prise mini pc (IKEA)', payload '{"current":0.12,"energy":5.86,"identify":null,"last_seen":"2025-08-24T17:51:06.543Z","linkquality":255,"power":7.4,"power_on_behavior":"previous","state":"ON","update":{"installed_version":33816645,"latest_version":33816645,"state":"idle"},"voltage":226.3}'
[2025-08-24 19:51:06] info: 	z2m:mqtt: MQTT publish: topic 'zigbee2mqtt/prise bureau pc (IKEA)', payload '{"current":1.01,"energy":615.26,"identify":null,"last_seen":"2025-08-24T17:51:06.549Z","linkquality":255,"power":183.3,"power_on_behavior":"previous","state":"ON","update":{"installed_version":33816645,"latest_version":33816645,"state":"idle"},"voltage":229.5}'
[2025-08-24 19:51:07] info: 	z2m:mqtt: MQTT publish: topic 'zigbee2mqtt/prise mini pc (IKEA)', payload '{"current":0.12,"energy":5.86,"identify":null,"last_seen":"2025-08-24T17:51:07.011Z","linkquality":255,"power":16.7,"power_on_behavior":"previous","state":"ON","update":{"installed_version":33816645,"latest_version":33816645,"state":"idle"},"voltage":226.3}'
[2025-08-24 19:51:07] info: 	z2m:mqtt: MQTT publish: topic 'zigbee2mqtt/Clim du Bureau (NOUS)', payload '{"child_lock":"LOCK","countdown":0,"current":0,"energy":332.61,"indicator_mode":"off/on","last_seen":"2025-08-24T17:50:56.018Z","linkquality":164,"power":0,"power_outage_memory":"restore","state":"OFF","update":{"installed_version":192,"latest_version":192,"state":"idle"},"voltage":227}'
[2025-08-24 19:51:07] info: 	z2m:mqtt: MQTT publish: topic 'zigbee2mqtt/Clim du Bureau (NOUS)', payload '{"child_lock":"LOCK","countdown":0,"current":0,"energy":332.61,"indicator_mode":"off/on","last_seen":"2025-08-24T17:50:56.018Z","linkquality":164,"power":0,"power_outage_memory":"restore","state":"OFF","update":{"installed_version":192,"latest_version":192,"state":"idle"},"voltage":227}'
[2025-08-24 19:51:07] info: 	z2m:mqtt: MQTT publish: topic 'zigbee2mqtt/prise four micro ondes (NOUS)', payload '{"child_lock":"UNLOCK","countdown":0,"current":0.03,"energy":57.38,"indicator_mode":"off/on","last_seen":"2025-08-24T17:51:07.642Z","linkquality":255,"power":0,"power_outage_memory":"restore","state":"ON","update":{"installed_version":192,"latest_version":192,"state":"idle"},"voltage":228}'
[2025-08-24 19:51:09] info: 	z2m:mqtt: MQTT publish: topic 'zigbee2mqtt/prise box internet (IKEA)', payload '{"current":0.12,"energy":86.62,"identify":null,"last_seen":"2025-08-24T17:51:09.834Z","linkquality":152,"power":13,"power_on_behavior":"previous","state":"ON","update":{"installed_version":33816645,"latest_version":33816645,"state":"idle"},"voltage":228.7}'
[2025-08-24 19:51:10] info: 	z2m:mqtt: MQTT publish: topic 'zigbee2mqtt/prise airfryer ninja (NOUS)', payload '{"child_lock":"UNLOCK","countdown":0,"current":0,"energy":72.19,"indicator_mode":"on","last_seen":"2025-08-24T17:51:10.167Z","linkquality":232,"power":0,"power_outage_memory":"restore","state":"ON","update":{"installed_version":192,"latest_version":192,"state":"idle"},"voltage":229}'
[2025-08-24 19:51:11] info: 	z2m:mqtt: MQTT publish: topic 'zigbee2mqtt/prise lave vaisselle (NOUS)', payload '{"child_lock":"LOCK","countdown":0,"current":0,"energy":115.82,"indicator_mode":"on","last_seen":"2025-08-24T17:51:11.992Z","linkquality":160,"power":0,"power_outage_memory":"on","state":"ON","update":{"installed_version":192,"latest_version":192,"state":"idle"},"voltage":228}'
[2025-08-24 19:51:12] info: 	z2m:mqtt: MQTT publish: topic 'zigbee2mqtt/prise pc's gege (IKEA)', payload '{"current":0.67,"energy":310.05,"identify":null,"last_seen":"2025-08-24T17:51:12.661Z","linkquality":176,"power":123.5,"power_on_behavior":"on","state":"ON","update":{"installed_version":33816645,"latest_version":33816645,"state":"idle"},"voltage":229.5}'
[2025-08-24 19:51:13] info: 	z2m:mqtt: MQTT publish: topic 'zigbee2mqtt/Four et Plaque de Cuisson', payload '{"ac_frequency":49.94,"current":0,"data_report_duration":60,"energy":60,"last_seen":"2025-08-24T17:51:13.971Z","linkquality":212,"power":0,"power_factor":100,"produced_energy":0,"voltage":231}'
[2025-08-24 19:51:15] info: 	z2m:mqtt: MQTT publish: topic 'zigbee2mqtt/prise pc's gege (IKEA)', payload '{"current":0.67,"energy":310.05,"identify":null,"last_seen":"2025-08-24T17:51:15.494Z","linkquality":180,"power":118.9,"power_on_behavior":"on","state":"ON","update":{"installed_version":33816645,"latest_version":33816645,"state":"idle"},"voltage":229.5}'
[2025-08-24 19:51:15] info: 	z2m:mqtt: MQTT publish: topic 'zigbee2mqtt/Four et Plaque de Cuisson', payload '{"ac_frequency":49.94,"current":0,"data_report_duration":60,"energy":60,"last_seen":"2025-08-24T17:51:15.835Z","linkquality":212,"power":0,"power_factor":100,"produced_energy":0,"voltage":231}'
[2025-08-24 19:51:15] info: 	z2m:mqtt: MQTT publish: topic 'zigbee2mqtt/Four et Plaque de Cuisson', payload '{"ac_frequency":49.94,"current":0,"data_report_duration":60,"energy":60,"last_seen":"2025-08-24T17:51:15.882Z","linkquality":212,"power":0,"power_factor":100,"produced_energy":0,"voltage":231}'
[2025-08-24 19:51:15] info: 	z2m:mqtt: MQTT publish: topic 'zigbee2mqtt/Four et Plaque de Cuisson', payload '{"ac_frequency":49.94,"current":0,"data_report_duration":60,"energy":60,"last_seen":"2025-08-24T17:51:15.931Z","linkquality":216,"power":0,"power_factor":100,"produced_energy":0,"voltage":231}'
[2025-08-24 19:51:15] info: 	z2m:mqtt: MQTT publish: topic 'zigbee2mqtt/Four et Plaque de Cuisson', payload '{"ac_frequency":49.94,"current":0,"data_report_duration":60,"energy":60,"last_seen":"2025-08-24T17:51:15.977Z","linkquality":212,"power":0,"power_factor":100,"produced_energy":0,"voltage":231}'
[2025-08-24 19:51:16] info: 	z2m:mqtt: MQTT publish: topic 'zigbee2mqtt/Four et Plaque de Cuisson', payload '{"ac_frequency":49.94,"current":0,"data_report_duration":60,"energy":60,"last_seen":"2025-08-24T17:51:16.027Z","linkquality":216,"power":0,"power_factor":100,"produced_energy":0,"voltage":231}'
[2025-08-24 19:51:16] info: 	z2m:mqtt: MQTT publish: topic 'zigbee2mqtt/Four et Plaque de Cuisson', payload '{"ac_frequency":49.94,"current":0,"data_report_duration":60,"energy":60,"last_seen":"2025-08-24T17:51:16.073Z","linkquality":212,"power":0,"power_factor":100,"produced_energy":0,"voltage":231}'
[2025-08-24 19:51:16] info: 	z2m:mqtt: MQTT publish: topic 'zigbee2mqtt/Four et Plaque de Cuisson', payload '{"ac_frequency":49.94,"current":0,"data_report_duration":60,"energy":60,"last_seen":"2025-08-24T17:51:16.122Z","linkquality":212,"power":0,"power_factor":100,"produced_energy":0,"voltage":231}'
[2025-08-24 19:51:16] info: 	z2m:mqtt: MQTT publish: topic 'zigbee2mqtt/Four et Plaque de Cuisson', payload '{"ac_frequency":49.94,"current":0,"data_report_duration":60,"energy":60,"last_seen":"2025-08-24T17:51:16.168Z","linkquality":216,"power":0,"power_factor":100,"produced_energy":0,"voltage":231}'
[2025-08-24 19:51:16] info: 	z2m:mqtt: MQTT publish: topic 'zigbee2mqtt/prise mini pc (IKEA)', payload '{"current":0.07,"energy":5.86,"identify":null,"last_seen":"2025-08-24T17:51:16.553Z","linkquality":255,"power":16.7,"power_on_behavior":"previous","state":"ON","update":{"installed_version":33816645,"latest_version":33816645,"state":"idle"},"voltage":226.3}'
[2025-08-24 19:51:16] info: 	z2m:mqtt: MQTT publish: topic 'zigbee2mqtt/Prise Bureau Fer à Repasser (NOUS)', payload '{"child_lock":"UNLOCK","countdown":0,"current":0,"energy":1.99,"indicator_mode":"off/on","last_seen":"2025-08-24T17:51:16.571Z","linkquality":196,"power":0,"power_outage_memory":"on","state":"ON","update":{"installed_version":192,"latest_version":192,"state":"idle"},"voltage":229}'
[2025-08-24 19:51:16] info: 	z2m:mqtt: MQTT publish: topic 'zigbee2mqtt/prise bureau pc (IKEA)', payload '{"current":1.01,"energy":615.26,"identify":null,"last_seen":"2025-08-24T17:51:16.623Z","linkquality":255,"power":175.6,"power_on_behavior":"previous","state":"ON","update":{"installed_version":33816645,"latest_version":33816645,"state":"idle"},"voltage":229.5}'
[2025-08-24 19:51:17] info: 	z2m:mqtt: MQTT publish: topic 'zigbee2mqtt/prise mini pc (IKEA)', payload '{"current":0.07,"energy":5.86,"identify":null,"last_seen":"2025-08-24T17:51:17.000Z","linkquality":255,"power":7.4,"power_on_behavior":"previous","state":"ON","update":{"installed_version":33816645,"latest_version":33816645,"state":"idle"},"voltage":226.3}'
[2025-08-24 19:51:17] info: 	z2m:mqtt: MQTT publish: topic 'zigbee2mqtt/prise four micro ondes (NOUS)', payload '{"child_lock":"UNLOCK","countdown":0,"current":0.03,"energy":57.38,"indicator_mode":"off/on","last_seen":"2025-08-24T17:51:17.947Z","linkquality":255,"power":0,"power_outage_memory":"restore","state":"ON","update":{"installed_version":192,"latest_version":192,"state":"idle"},"voltage":229}'
[2025-08-24 19:51:17] info: 	z2m:mqtt: MQTT publish: topic 'zigbee2mqtt/prise four micro ondes (NOUS)', payload '{"child_lock":"UNLOCK","countdown":0,"current":0.03,"energy":57.38,"indicator_mode":"off/on","last_seen":"2025-08-24T17:51:17.989Z","linkquality":255,"power":0,"power_outage_memory":"restore","state":"ON","update":{"installed_version":192,"latest_version":192,"state":"idle"},"voltage":229}'
[2025-08-24 19:51:20] info: 	z2m:mqtt: MQTT publish: topic 'zigbee2mqtt/prise airfryer ninja (NOUS)', payload '{"child_lock":"UNLOCK","countdown":0,"current":0,"energy":72.19,"indicator_mode":"on","last_seen":"2025-08-24T17:51:20.054Z","linkquality":232,"power":0,"power_outage_memory":"restore","state":"ON","update":{"installed_version":192,"latest_version":192,"state":"idle"},"voltage":229}'
[2025-08-24 19:51:20] info: 	z2m:mqtt: MQTT publish: topic 'zigbee2mqtt/qualite air bureau (IKEA)', payload '{"humidity":64,"identify":null,"last_seen":"2025-08-24T17:51:20.276Z","linkquality":224,"pm25":28,"temperature":27,"update":{"installed_version":16777233,"latest_version":16777233,"state":"idle"},"voc_index":308}'
[2025-08-24 19:51:26] info: 	z2m:mqtt: MQTT publish: topic 'zigbee2mqtt/prise pc's gege (IKEA)', payload '{"current":0.67,"energy":310.05,"identify":null,"last_seen":"2025-08-24T17:51:26.273Z","linkquality":176,"power":121.9,"power_on_behavior":"on","state":"ON","update":{"installed_version":33816645,"latest_version":33816645,"state":"idle"},"voltage":229.5}'
[2025-08-24 19:51:26] info: 	z2m:mqtt: MQTT publish: topic 'zigbee2mqtt/prise bureau pc (IKEA)', payload '{"current":1.01,"energy":615.26,"identify":null,"last_seen":"2025-08-24T17:51:26.518Z","linkquality":255,"power":178.5,"power_on_behavior":"previous","state":"ON","update":{"installed_version":33816645,"latest_version":33816645,"state":"idle"},"voltage":229.5}'
[2025-08-24 19:51:29] info: 	z2m:mqtt: MQTT publish: topic 'zigbee2mqtt/prise tete de lit chambre', payload '{"current":0,"energy":25.58,"identify":null,"last_seen":"2025-08-24T17:51:29.223Z","linkquality":192,"power":0,"power_on_behavior":"on","state":"OFF","update":{"installed_version":33816645,"latest_version":33816645,"state":"idle"},"voltage":237.1}'
[2025-08-24 19:51:29] info: 	z2m:mqtt: MQTT publish: topic 'zigbee2mqtt/prise box internet (IKEA)', payload '{"current":0.12,"energy":86.62,"identify":null,"last_seen":"2025-08-24T17:51:29.753Z","linkquality":152,"power":13,"power_on_behavior":"previous","state":"ON","update":{"installed_version":33816645,"latest_version":33816645,"state":"idle"},"voltage":229.2}'
[2025-08-24 19:51:30] info: 	z2m:mqtt: MQTT publish: topic 'zigbee2mqtt/qualite air bureau (IKEA)', payload '{"humidity":63,"identify":null,"last_seen":"2025-08-24T17:51:30.218Z","linkquality":224,"pm25":28,"temperature":27,"update":{"installed_version":16777233,"latest_version":16777233,"state":"idle"},"voc_index":308}'
[2025-08-24 19:51:31] info: 	z2m:mqtt: MQTT publish: topic 'zigbee2mqtt/prise congelateur cuisine (NOUS)', payload '{"child_lock":"LOCK","countdown":0,"current":0.21,"energy":186.78,"indicator_mode":"on","last_seen":"2025-08-24T17:51:31.522Z","linkquality":248,"power":30,"power_outage_memory":"on","state":"ON","update":{"installed_version":192,"latest_version":192,"state":"idle"},"voltage":227}'
[2025-08-24 19:51:31] info: 	z2m:mqtt: MQTT publish: topic 'zigbee2mqtt/prise frigo cuisine (NOUS)', payload '{"child_lock":"LOCK","countdown":0,"current":0,"energy":106.05,"indicator_mode":"on/off","last_seen":"2025-08-24T17:51:31.697Z","linkquality":88,"power":0,"power_outage_memory":"on","state":"ON","update":{"installed_version":192,"latest_version":192,"state":"idle"},"voltage":228}'
[2025-08-24 19:51:31] info: 	z2m:mqtt: MQTT publish: topic 'zigbee2mqtt/prise frigo cuisine (NOUS)', payload '{"child_lock":"LOCK","countdown":0,"current":0,"energy":106.05,"indicator_mode":"on/off","last_seen":"2025-08-24T17:51:31.742Z","linkquality":88,"power":0,"power_outage_memory":"on","state":"ON","update":{"installed_version":192,"latest_version":192,"state":"idle"},"voltage":228}'
[2025-08-24 19:51:34] info: 	z2m:mqtt: MQTT publish: topic 'zigbee2mqtt/prise bureau pc (IKEA)', payload '{"current":1.01,"energy":615.26,"identify":null,"last_seen":"2025-08-24T17:51:34.416Z","linkquality":255,"power":178.5,"power_on_behavior":"previous","state":"ON","update":{"installed_version":33816645,"latest_version":33816645,"state":"idle"},"voltage":230}'
[2025-08-24 19:51:34] info: 	z2m:mqtt: MQTT publish: topic 'zigbee2mqtt/prise horloge (IKEA)', payload '{"current":0.004,"energy":1.24,"identify":null,"last_seen":"2025-08-24T17:51:34.966Z","linkquality":255,"power":0.2,"power_on_behavior":"previous","state":"ON","update":{"installed_version":33816645,"latest_version":33816645,"state":"idle"},"voltage":236.3}'
[2025-08-24 19:51:35] info: 	z2m:mqtt: MQTT publish: topic 'zigbee2mqtt/Radiateur élec cuisine ', payload '{"current":0,"energy":98.99,"last_seen":"2025-08-24T17:51:35.007Z","linkquality":196,"power":0,"power_outage_memory":"restore","state":"OFF","switch_type":"state","update":{"installed_version":72,"latest_version":72,"state":"idle"},"voltage":231}'
[2025-08-24 19:51:35] info: 	z2m:mqtt: MQTT publish: topic 'zigbee2mqtt/Radiateur élec cuisine ', payload '{"current":0,"energy":98.99,"last_seen":"2025-08-24T17:51:35.051Z","linkquality":196,"power":0,"power_outage_memory":"restore","state":"OFF","switch_type":"state","update":{"installed_version":72,"latest_version":72,"state":"idle"},"voltage":231}'
[2025-08-24 19:51:36] info: 	z2m:mqtt: MQTT publish: topic 'zigbee2mqtt/prise frigo cuisine (NOUS)', payload '{"child_lock":"LOCK","countdown":0,"current":0,"energy":106.05,"indicator_mode":"on/off","last_seen":"2025-08-24T17:51:36.250Z","linkquality":84,"power":0,"power_outage_memory":"on","state":"ON","update":{"installed_version":192,"latest_version":192,"state":"idle"},"voltage":228}'
[2025-08-24 19:51:36] info: 	z2m:mqtt: MQTT publish: topic 'zigbee2mqtt/prise pc's gege (IKEA)', payload '{"current":0.67,"energy":310.05,"identify":null,"last_seen":"2025-08-24T17:51:36.327Z","linkquality":176,"power":118.6,"power_on_behavior":"on","state":"ON","update":{"installed_version":33816645,"latest_version":33816645,"state":"idle"},"voltage":229.5}'
[2025-08-24 19:51:36] info: 	z2m:mqtt: MQTT publish: topic 'zigbee2mqtt/prise mini pc (IKEA)', payload '{"current":0.07,"energy":5.86,"identify":null,"last_seen":"2025-08-24T17:51:36.607Z","linkquality":255,"power":12.7,"power_on_behavior":"previous","state":"ON","update":{"installed_version":33816645,"latest_version":33816645,"state":"idle"},"voltage":226.3}'
[2025-08-24 19:51:37] info: 	z2m:mqtt: MQTT publish: topic 'zigbee2mqtt/prise bureau pc (IKEA)', payload '{"current":1.06,"energy":615.26,"identify":null,"last_seen":"2025-08-24T17:51:37.310Z","linkquality":255,"power":178.5,"power_on_behavior":"previous","state":"ON","update":{"installed_version":33816645,"latest_version":33816645,"state":"idle"},"voltage":230}'
[2025-08-24 19:51:38] info: 	z2m:mqtt: MQTT publish: topic 'zigbee2mqtt/prise four micro ondes (NOUS)', payload '{"child_lock":"UNLOCK","countdown":0,"current":0.03,"energy":57.38,"indicator_mode":"off/on","last_seen":"2025-08-24T17:51:17.989Z","linkquality":255,"power":0,"power_outage_memory":"restore","state":"ON","update":{"installed_version":192,"latest_version":192,"state":"idle"},"voltage":229}'
[2025-08-24 19:51:44] info: 	z2m:mqtt: MQTT publish: topic 'zigbee2mqtt/prise bureau pc (IKEA)', payload '{"current":1.06,"energy":615.26,"identify":null,"last_seen":"2025-08-24T17:51:44.379Z","linkquality":255,"power":178.5,"power_on_behavior":"previous","state":"ON","update":{"installed_version":33816645,"latest_version":33816645,"state":"idle"},"voltage":229.5}'
[2025-08-24 19:51:46] info: 	z2m:mqtt: MQTT publish: topic 'zigbee2mqtt/prise pc's gege (IKEA)', payload '{"current":0.67,"energy":310.05,"identify":null,"last_seen":"2025-08-24T17:51:46.338Z","linkquality":176,"power":120.6,"power_on_behavior":"on","state":"ON","update":{"installed_version":33816645,"latest_version":33816645,"state":"idle"},"voltage":229.5}'
[2025-08-24 19:51:46] info: 	z2m:mqtt: MQTT publish: topic 'zigbee2mqtt/prise mini pc (IKEA)', payload '{"current":0.07,"energy":5.86,"identify":null,"last_seen":"2025-08-24T17:51:46.614Z","linkquality":255,"power":7.5,"power_on_behavior":"previous","state":"ON","update":{"installed_version":33816645,"latest_version":33816645,"state":"idle"},"voltage":226.3}'
[2025-08-24 19:51:47] info: 	z2m:mqtt: MQTT publish: topic 'zigbee2mqtt/prise bureau pc (IKEA)', payload '{"current":1,"energy":615.26,"identify":null,"last_seen":"2025-08-24T17:51:47.275Z","linkquality":255,"power":178.5,"power_on_behavior":"previous","state":"ON","update":{"installed_version":33816645,"latest_version":33816645,"state":"idle"},"voltage":229.5}'
[2025-08-24 19:51:49] info: 	z2m:mqtt: MQTT publish: topic 'zigbee2mqtt/qualite air bureau (IKEA)', payload '{"humidity":62,"identify":null,"last_seen":"2025-08-24T17:51:49.821Z","linkquality":228,"pm25":28,"temperature":27,"update":{"installed_version":16777233,"latest_version":16777233,"state":"idle"},"voc_index":308}'
[2025-08-24 19:51:51] info: 	z2m:mqtt: MQTT publish: topic 'zigbee2mqtt/prise salon chargeur (NOUS)', payload '{"child_lock":"UNLOCK","countdown":0,"current":0.05,"energy":37.11,"indicator_mode":"off","last_seen":"2025-08-24T17:51:51.149Z","linkquality":176,"power":5,"power_outage_memory":"on","state":"ON","update":{"installed_version":192,"latest_version":192,"state":"idle"},"voltage":228}'
[2025-08-24 19:51:51] info: 	z2m:mqtt: MQTT publish: topic 'zigbee2mqtt/prise horloge (IKEA)', payload '{"current":0.004,"energy":1.24,"identify":null,"last_seen":"2025-08-24T17:51:51.249Z","linkquality":255,"power":0.2,"power_on_behavior":"previous","state":"ON","update":{"installed_version":33816645,"latest_version":33816645,"state":"idle"},"voltage":235.8}'
[2025-08-24 19:51:51] info: 	z2m:mqtt: MQTT publish: topic 'zigbee2mqtt/prise salon chargeur (NOUS)', payload '{"child_lock":"UNLOCK","countdown":0,"current":0.05,"energy":37.11,"indicator_mode":"off","last_seen":"2025-08-24T17:51:51.808Z","linkquality":180,"power":5,"power_outage_memory":"on","state":"ON","update":{"installed_version":192,"latest_version":192,"state":"idle"},"voltage":228}'
[2025-08-24 19:51:52] info: 	z2m:mqtt: MQTT publish: topic 'zigbee2mqtt/prise frigo cuisine (NOUS)', payload '{"child_lock":"LOCK","countdown":0,"current":0,"energy":106.05,"indicator_mode":"on/off","last_seen":"2025-08-24T17:51:36.250Z","linkquality":84,"power":0,"power_outage_memory":"on","state":"ON","update":{"installed_version":192,"latest_version":192,"state":"idle"},"voltage":228}'
[2025-08-24 19:51:52] info: 	z2m:mqtt: MQTT publish: topic 'zigbee2mqtt/prise frigo cuisine (NOUS)', payload '{"child_lock":"LOCK","countdown":0,"current":0,"energy":106.05,"indicator_mode":"on/off","last_seen":"2025-08-24T17:51:36.250Z","linkquality":84,"power":0,"power_outage_memory":"on","state":"ON","update":{"installed_version":192,"latest_version":192,"state":"idle"},"voltage":228}'
[2025-08-24 19:51:54] info: 	z2m:mqtt: MQTT publish: topic 'zigbee2mqtt/prise box internet (IKEA)', payload '{"current":0.12,"energy":86.62,"identify":null,"last_seen":"2025-08-24T17:51:54.897Z","linkquality":148,"power":13,"power_on_behavior":"previous","state":"ON","update":{"installed_version":33816645,"latest_version":33816645,"state":"idle"},"voltage":228.7}'
[2025-08-24 19:51:55] info: 	z2m:mqtt: MQTT publish: topic 'zigbee2mqtt/prise tete de lit chambre', payload '{"current":0,"energy":25.58,"identify":null,"last_seen":"2025-08-24T17:51:55.811Z","linkquality":196,"power":0,"power_on_behavior":"on","state":"OFF","update":{"installed_version":33816645,"latest_version":33816645,"state":"idle"},"voltage":236.6}'
[2025-08-24 19:51:57] info: 	z2m:mqtt: MQTT publish: topic 'zigbee2mqtt/prise bureau pc (IKEA)', payload '{"current":1,"energy":615.26,"identify":null,"last_seen":"2025-08-24T17:51:57.038Z","linkquality":255,"power":174.6,"power_on_behavior":"previous","state":"ON","update":{"installed_version":33816645,"latest_version":33816645,"state":"idle"},"voltage":229.5}'
[2025-08-24 19:51:59] info: 	z2m:mqtt: MQTT publish: topic 'zigbee2mqtt/qualite air bureau (IKEA)', payload '{"humidity":63,"identify":null,"last_seen":"2025-08-24T17:51:59.806Z","linkquality":224,"pm25":28,"temperature":27,"update":{"installed_version":16777233,"latest_version":16777233,"state":"idle"},"voc_index":308}'
[2025-08-24 19:52:05] info: 	z2m:mqtt: MQTT publish: topic 'zigbee2mqtt/qualite air chambre (IKEA)', payload '{"humidity":64,"identify":null,"last_seen":"2025-08-24T17:52:05.237Z","linkquality":200,"pm25":56,"temperature":27,"update":{"installed_version":16777233,"latest_version":16777233,"state":"idle"},"voc_index":333}'
[2025-08-24 19:52:06] info: 	z2m:mqtt: MQTT publish: topic 'zigbee2mqtt/prise pc's gege (IKEA)', payload '{"current":0.67,"energy":310.05,"identify":null,"last_seen":"2025-08-24T17:52:06.297Z","linkquality":176,"power":127.9,"power_on_behavior":"on","state":"ON","update":{"installed_version":33816645,"latest_version":33816645,"state":"idle"},"voltage":229.5}'
[2025-08-24 19:52:06] info: 	z2m:mqtt: MQTT publish: topic 'zigbee2mqtt/prise bureau pc (IKEA)', payload '{"current":1.06,"energy":615.26,"identify":null,"last_seen":"2025-08-24T17:52:06.941Z","linkquality":255,"power":174.6,"power_on_behavior":"previous","state":"ON","update":{"installed_version":33816645,"latest_version":33816645,"state":"idle"},"voltage":229.5}'
[2025-08-24 19:52:07] info: 	z2m:mqtt: MQTT publish: topic 'zigbee2mqtt/prise bureau pc (IKEA)', payload '{"current":1.06,"energy":615.26,"identify":null,"last_seen":"2025-08-24T17:52:07.013Z","linkquality":255,"power":175.3,"power_on_behavior":"previous","state":"ON","update":{"installed_version":33816645,"latest_version":33816645,"state":"idle"},"voltage":229.5}'
[2025-08-24 19:52:07] info: 	z2m:mqtt: MQTT publish: topic 'zigbee2mqtt/prise mini pc (IKEA)', payload '{"current":0.14,"energy":5.86,"identify":null,"last_seen":"2025-08-24T17:52:07.158Z","linkquality":255,"power":7.5,"power_on_behavior":"previous","state":"ON","update":{"installed_version":33816645,"latest_version":33816645,"state":"idle"},"voltage":226.3}'
[2025-08-24 19:52:07] info: 	z2m:mqtt: MQTT publish: topic 'zigbee2mqtt/prise mini pc (IKEA)', payload '{"current":0.14,"energy":5.86,"identify":null,"last_seen":"2025-08-24T17:52:07.628Z","linkquality":255,"power":13.9,"power_on_behavior":"previous","state":"ON","update":{"installed_version":33816645,"latest_version":33816645,"state":"idle"},"voltage":226.3}'
[2025-08-24 19:52:09] info: 	z2m:mqtt: MQTT publish: topic 'zigbee2mqtt/qualite air bureau (IKEA)', payload '{"humidity":64,"identify":null,"last_seen":"2025-08-24T17:52:09.791Z","linkquality":228,"pm25":28,"temperature":27,"update":{"installed_version":16777233,"latest_version":16777233,"state":"idle"},"voc_index":308}'
[2025-08-24 19:52:10] info: 	z2m:mqtt: MQTT publish: topic 'zigbee2mqtt/Radiateur élec cuisine ', payload '{"current":0,"energy":98.99,"last_seen":"2025-08-24T17:52:10.645Z","linkquality":196,"power":0,"power_outage_memory":"restore","state":"OFF","switch_type":"state","update":{"installed_version":72,"latest_version":72,"state":"idle"},"voltage":231}'
[2025-08-24 19:52:12] info: 	z2m:mqtt: MQTT publish: topic 'zigbee2mqtt/prise lave linge (NOUS)', payload '{"child_lock":"LOCK","countdown":0,"current":0,"energy":100.64,"indicator_mode":"on","last_seen":"2025-08-24T17:52:12.872Z","linkquality":188,"power":0,"power_outage_memory":"on","state":"ON","update":{"installed_version":192,"latest_version":192,"state":"idle"},"voltage":228}'
[2025-08-24 19:52:15] info: 	z2m:mqtt: MQTT publish: topic 'zigbee2mqtt/qualite air chambre (IKEA)', payload '{"humidity":65,"identify":null,"last_seen":"2025-08-24T17:52:15.209Z","linkquality":200,"pm25":56,"temperature":27,"update":{"installed_version":16777233,"latest_version":16777233,"state":"idle"},"voc_index":333}'
[2025-08-24 19:52:15] info: 	z2m:mqtt: MQTT publish: topic 'zigbee2mqtt/Four et Plaque de Cuisson', payload '{"ac_frequency":49.94,"current":0,"data_report_duration":60,"energy":60,"last_seen":"2025-08-24T17:52:15.748Z","linkquality":212,"power":0,"power_factor":100,"produced_energy":0,"voltage":231}'
[2025-08-24 19:52:15] info: 	z2m:mqtt: MQTT publish: topic 'zigbee2mqtt/Four et Plaque de Cuisson', payload '{"ac_frequency":49.94,"current":0,"data_report_duration":60,"energy":60,"last_seen":"2025-08-24T17:52:15.797Z","linkquality":212,"power":0,"power_factor":100,"produced_energy":0,"voltage":231}'
[2025-08-24 19:52:15] info: 	z2m:mqtt: MQTT publish: topic 'zigbee2mqtt/prise lave vaisselle (NOUS)', payload '{"child_lock":"LOCK","countdown":0,"current":0,"energy":115.82,"indicator_mode":"on","last_seen":"2025-08-24T17:52:15.829Z","linkquality":156,"power":0,"power_outage_memory":"on","state":"ON","update":{"installed_version":192,"latest_version":192,"state":"idle"},"voltage":229}'
[2025-08-24 19:52:15] info: 	z2m:mqtt: MQTT publish: topic 'zigbee2mqtt/Four et Plaque de Cuisson', payload '{"ac_frequency":49.94,"current":0,"data_report_duration":60,"energy":60,"last_seen":"2025-08-24T17:52:15.863Z","linkquality":216,"power":0,"power_factor":100,"produced_energy":0,"voltage":231}'
[2025-08-24 19:52:15] info: 	z2m:mqtt: MQTT publish: topic 'zigbee2mqtt/prise lave vaisselle (NOUS)', payload '{"child_lock":"LOCK","countdown":0,"current":0,"energy":115.82,"indicator_mode":"on","last_seen":"2025-08-24T17:52:15.872Z","linkquality":160,"power":0,"power_outage_memory":"on","state":"ON","update":{"installed_version":192,"latest_version":192,"state":"idle"},"voltage":229}'
[2025-08-24 19:52:15] info: 	z2m:mqtt: MQTT publish: topic 'zigbee2mqtt/Four et Plaque de Cuisson', payload '{"ac_frequency":49.94,"current":0,"data_report_duration":60,"energy":60,"last_seen":"2025-08-24T17:52:15.912Z","linkquality":212,"power":0,"power_factor":100,"produced_energy":0,"voltage":231}'
[2025-08-24 19:52:15] info: 	z2m:mqtt: MQTT publish: topic 'zigbee2mqtt/Four et Plaque de Cuisson', payload '{"ac_frequency":49.94,"current":0,"data_report_duration":60,"energy":60,"last_seen":"2025-08-24T17:52:15.965Z","linkquality":212,"power":0,"power_factor":100,"produced_energy":0,"voltage":231}'
[2025-08-24 19:52:16] info: 	z2m:mqtt: MQTT publish: topic 'zigbee2mqtt/Four et Plaque de Cuisson', payload '{"ac_frequency":49.94,"current":0,"data_report_duration":60,"energy":60,"last_seen":"2025-08-24T17:52:16.019Z","linkquality":216,"power":0,"power_factor":100,"produced_energy":0,"voltage":231}'
[2025-08-24 19:52:16] info: 	z2m:mqtt: MQTT publish: topic 'zigbee2mqtt/Four et Plaque de Cuisson', payload '{"ac_frequency":49.94,"current":0,"data_report_duration":60,"energy":60,"last_seen":"2025-08-24T17:52:16.067Z","linkquality":212,"power":0,"power_factor":100,"produced_energy":0,"voltage":231}'
[2025-08-24 19:52:16] info: 	z2m:mqtt: MQTT publish: topic 'zigbee2mqtt/Four et Plaque de Cuisson', payload '{"ac_frequency":49.94,"current":0,"data_report_duration":60,"energy":60,"last_seen":"2025-08-24T17:52:16.113Z","linkquality":212,"power":0,"power_factor":100,"produced_energy":0,"voltage":231}'
[2025-08-24 19:52:16] info: 	z2m:mqtt: MQTT publish: topic 'zigbee2mqtt/prise pc's gege (IKEA)', payload '{"current":0.67,"energy":310.05,"identify":null,"last_seen":"2025-08-24T17:52:16.367Z","linkquality":176,"power":119.7,"power_on_behavior":"on","state":"ON","update":{"installed_version":33816645,"latest_version":33816645,"state":"idle"},"voltage":229.5}'
[2025-08-24 19:52:16] info: 	z2m:mqtt: MQTT publish: topic 'zigbee2mqtt/prise pc's gege (IKEA)', payload '{"current":0.67,"energy":310.05,"identify":null,"last_seen":"2025-08-24T17:52:16.375Z","linkquality":176,"power":119.7,"power_on_behavior":"on","state":"ON","update":{"installed_version":33816645,"latest_version":33816645,"state":"idle"},"voltage":228.9}'
[2025-08-24 19:52:16] info: 	z2m:mqtt: MQTT publish: topic 'zigbee2mqtt/prise horloge (IKEA)', payload '{"current":0.004,"energy":1.24,"identify":null,"last_seen":"2025-08-24T17:52:16.529Z","linkquality":255,"power":0.2,"power_on_behavior":"previous","state":"ON","update":{"installed_version":33816645,"latest_version":33816645,"state":"idle"},"voltage":235.3}'
[2025-08-24 19:52:16] info: 	z2m:mqtt: MQTT publish: topic 'zigbee2mqtt/prise bureau pc (IKEA)', payload '{"current":1,"energy":615.26,"identify":null,"last_seen":"2025-08-24T17:52:16.952Z","linkquality":255,"power":175.3,"power_on_behavior":"previous","state":"ON","update":{"installed_version":33816645,"latest_version":33816645,"state":"idle"},"voltage":229.5}'
[2025-08-24 19:52:16] info: 	z2m:mqtt: MQTT publish: topic 'zigbee2mqtt/prise bureau pc (IKEA)', payload '{"current":1,"energy":615.26,"identify":null,"last_seen":"2025-08-24T17:52:16.979Z","linkquality":255,"power":175.6,"power_on_behavior":"previous","state":"ON","update":{"installed_version":33816645,"latest_version":33816645,"state":"idle"},"voltage":229.5}'
[2025-08-24 19:52:17] info: 	z2m:mqtt: MQTT publish: topic 'zigbee2mqtt/prise mini pc (IKEA)', payload '{"current":0.07,"energy":5.86,"identify":null,"last_seen":"2025-08-24T17:52:17.166Z","linkquality":255,"power":13.9,"power_on_behavior":"previous","state":"ON","update":{"installed_version":33816645,"latest_version":33816645,"state":"idle"},"voltage":226.3}'
[2025-08-24 19:52:17] info: 	z2m:mqtt: MQTT publish: topic 'zigbee2mqtt/prise mini pc (IKEA)', payload '{"current":0.07,"energy":5.86,"identify":null,"last_seen":"2025-08-24T17:52:17.602Z","linkquality":255,"power":8.2,"power_on_behavior":"previous","state":"ON","update":{"installed_version":33816645,"latest_version":33816645,"state":"idle"},"voltage":226.3}'
[2025-08-24 19:52:21] info: 	z2m:mqtt: MQTT publish: topic 'zigbee2mqtt/qualite air chambre (IKEA)', payload '{"humidity":65,"identify":null,"last_seen":"2025-08-24T17:52:21.673Z","linkquality":200,"pm25":54,"temperature":27,"update":{"installed_version":16777233,"latest_version":16777233,"state":"idle"},"voc_index":333}'
[2025-08-24 19:52:21] info: 	z2m:mqtt: MQTT publish: topic 'zigbee2mqtt/qualite air chambre (IKEA)', payload '{"humidity":65,"identify":null,"last_seen":"2025-08-24T17:52:21.763Z","linkquality":200,"pm25":54,"temperature":27,"update":{"installed_version":16777233,"latest_version":16777233,"state":"idle"},"voc_index":338}'
[2025-08-24 19:52:26] info: 	z2m:mqtt: MQTT publish: topic 'zigbee2mqtt/prise pc's gege (IKEA)', payload '{"current":0.67,"energy":310.05,"identify":null,"last_seen":"2025-08-24T17:52:26.379Z","linkquality":176,"power":119.7,"power_on_behavior":"on","state":"ON","update":{"installed_version":33816645,"latest_version":33816645,"state":"idle"},"voltage":229.4}'
[2025-08-24 19:52:26] info: 	z2m:mqtt: MQTT publish: topic 'zigbee2mqtt/prise horloge (IKEA)', payload '{"current":0.004,"energy":1.24,"identify":null,"last_seen":"2025-08-24T17:52:26.443Z","linkquality":255,"power":0.2,"power_on_behavior":"previous","state":"ON","update":{"installed_version":33816645,"latest_version":33816645,"state":"idle"},"voltage":235.7}'
[2025-08-24 19:52:26] info: 	z2m:mqtt: MQTT publish: topic 'zigbee2mqtt/prise bureau pc (IKEA)', payload '{"current":1,"energy":615.26,"identify":null,"last_seen":"2025-08-24T17:52:26.943Z","linkquality":255,"power":179.8,"power_on_behavior":"previous","state":"ON","update":{"installed_version":33816645,"latest_version":33816645,"state":"idle"},"voltage":229.5}'
[2025-08-24 19:52:28] info: 	z2m:mqtt: MQTT publish: topic 'zigbee2mqtt/prise pc's gege (IKEA)', payload '{"current":0.67,"energy":310.05,"identify":null,"last_seen":"2025-08-24T17:52:28.612Z","linkquality":172,"power":122.5,"power_on_behavior":"on","state":"ON","update":{"installed_version":33816645,"latest_version":33816645,"state":"idle"},"voltage":229.4}'
[2025-08-24 19:52:30] info: 	z2m:mqtt: MQTT publish: topic 'zigbee2mqtt/Prise Bureau Fer à Repasser (NOUS)', payload '{"child_lock":"UNLOCK","countdown":0,"current":0,"energy":1.99,"indicator_mode":"off/on","last_seen":"2025-08-24T17:52:30.637Z","linkquality":196,"power":0,"power_outage_memory":"on","state":"ON","update":{"installed_version":192,"latest_version":192,"state":"idle"},"voltage":229}'
[2025-08-24 19:52:31] info: 	z2m:mqtt: MQTT publish: topic 'zigbee2mqtt/prise tv chambre (NOUS)', payload '{"child_lock":"LOCK","countdown":0,"current":0,"energy":164.71,"indicator_mode":"off","last_seen":"2025-08-24T17:52:31.108Z","linkquality":168,"power":0,"power_outage_memory":"on","state":"ON","update":{"installed_version":192,"latest_version":192,"state":"idle"},"voltage":226}'
[2025-08-24 19:52:31] info: 	z2m:mqtt: MQTT publish: topic 'zigbee2mqtt/prise tv chambre (NOUS)', payload '{"child_lock":"LOCK","countdown":0,"current":0,"energy":164.71,"indicator_mode":"off","last_seen":"2025-08-24T17:52:31.153Z","linkquality":168,"power":0,"power_outage_memory":"on","state":"ON","update":{"installed_version":192,"latest_version":192,"state":"idle"},"voltage":226}'
[2025-08-24 19:52:33] info: 	z2m:mqtt: MQTT publish: topic 'zigbee2mqtt/prise lave linge (NOUS)', payload '{"child_lock":"LOCK","countdown":0,"current":0,"energy":100.64,"indicator_mode":"on","last_seen":"2025-08-24T17:52:33.822Z","linkquality":188,"power":0,"power_outage_memory":"on","state":"ON","update":{"installed_version":192,"latest_version":192,"state":"idle"},"voltage":229}'
[2025-08-24 19:52:33] info: 	z2m:mqtt: MQTT publish: topic 'zigbee2mqtt/prise lave linge (NOUS)', payload '{"child_lock":"LOCK","countdown":0,"current":0,"energy":100.64,"indicator_mode":"on","last_seen":"2025-08-24T17:52:33.867Z","linkquality":188,"power":0,"power_outage_memory":"on","state":"ON","update":{"installed_version":192,"latest_version":192,"state":"idle"},"voltage":229}'
[2025-08-24 19:52:35] info: 	z2m:mqtt: MQTT publish: topic 'zigbee2mqtt/qualite air salon (IKEA)', payload '{"humidity":64,"identify":null,"last_seen":"2025-08-24T17:52:35.067Z","linkquality":164,"pm25":19,"temperature":27,"update":{"installed_version":16777233,"latest_version":16777233,"state":"idle"},"voc_index":294}'
[2025-08-24 19:52:36] info: 	z2m:mqtt: MQTT publish: topic 'zigbee2mqtt/prise bureau pc (IKEA)', payload '{"current":1.06,"energy":615.26,"identify":null,"last_seen":"2025-08-24T17:52:36.588Z","linkquality":255,"power":179.8,"power_on_behavior":"previous","state":"ON","update":{"installed_version":33816645,"latest_version":33816645,"state":"idle"},"voltage":229.5}'
[2025-08-24 19:52:36] info: 	z2m:mqtt: MQTT publish: topic 'zigbee2mqtt/prise mini pc (IKEA)', payload '{"current":0.13,"energy":5.86,"identify":null,"last_seen":"2025-08-24T17:52:36.779Z","linkquality":255,"power":8.2,"power_on_behavior":"previous","state":"ON","update":{"installed_version":33816645,"latest_version":33816645,"state":"idle"},"voltage":226.3}'
[2025-08-24 19:52:36] info: 	z2m:mqtt: MQTT publish: topic 'zigbee2mqtt/prise lave vaisselle (NOUS)', payload '{"child_lock":"LOCK","countdown":0,"current":0,"energy":115.82,"indicator_mode":"on","last_seen":"2025-08-24T17:52:15.872Z","linkquality":160,"power":0,"power_outage_memory":"on","state":"ON","update":{"installed_version":192,"latest_version":192,"state":"idle"},"voltage":229}'
[2025-08-24 19:52:36] info: 	z2m:mqtt: MQTT publish: topic 'zigbee2mqtt/prise lave vaisselle (NOUS)', payload '{"child_lock":"LOCK","countdown":0,"current":0,"energy":115.82,"indicator_mode":"on","last_seen":"2025-08-24T17:52:15.872Z","linkquality":160,"power":0,"power_outage_memory":"on","state":"ON","update":{"installed_version":192,"latest_version":192,"state":"idle"},"voltage":229}'
[2025-08-24 19:52:36] info: 	z2m:mqtt: MQTT publish: topic 'zigbee2mqtt/prise bureau pc (IKEA)', payload '{"current":1.06,"energy":615.26,"identify":null,"last_seen":"2025-08-24T17:52:36.939Z","linkquality":255,"power":176.2,"power_on_behavior":"previous","state":"ON","update":{"installed_version":33816645,"latest_version":33816645,"state":"idle"},"voltage":229.5}'
[2025-08-24 19:52:37] info: 	z2m:mqtt: MQTT publish: topic 'zigbee2mqtt/prise mini pc (IKEA)', payload '{"current":0.13,"energy":5.86,"identify":null,"last_seen":"2025-08-24T17:52:37.253Z","linkquality":255,"power":16.6,"power_on_behavior":"previous","state":"ON","update":{"installed_version":33816645,"latest_version":33816645,"state":"idle"},"voltage":226.3}'
[2025-08-24 19:52:38] info: 	z2m:mqtt: MQTT publish: topic 'zigbee2mqtt/prise pc's gege (IKEA)', payload '{"current":0.67,"energy":310.05,"identify":null,"last_seen":"2025-08-24T17:52:38.623Z","linkquality":176,"power":119.1,"power_on_behavior":"on","state":"ON","update":{"installed_version":33816645,"latest_version":33816645,"state":"idle"},"voltage":229.4}'
[2025-08-24 19:52:38] info: 	z2m:mqtt: MQTT publish: topic 'zigbee2mqtt/prise pc's gege (IKEA)', payload '{"current":0.67,"energy":310.05,"identify":null,"last_seen":"2025-08-24T17:52:38.763Z","linkquality":176,"power":119.1,"power_on_behavior":"on","state":"ON","update":{"installed_version":33816645,"latest_version":33816645,"state":"idle"},"voltage":228.9}'
[2025-08-24 19:52:38] info: 	z2m:mqtt: MQTT publish: topic 'zigbee2mqtt/prise horloge (IKEA)', payload '{"current":0.004,"energy":1.24,"identify":null,"last_seen":"2025-08-24T17:52:38.771Z","linkquality":255,"power":0.2,"power_on_behavior":"previous","state":"ON","update":{"installed_version":33816645,"latest_version":33816645,"state":"idle"},"voltage":235.2}'
[2025-08-24 19:52:38] info: 	z2m:mqtt: MQTT publish: topic 'zigbee2mqtt/qualite air chambre (IKEA)', payload '{"humidity":64,"identify":null,"last_seen":"2025-08-24T17:52:38.820Z","linkquality":200,"pm25":54,"temperature":27,"update":{"installed_version":16777233,"latest_version":16777233,"state":"idle"},"voc_index":338}'
[2025-08-24 19:52:40] info: 	z2m:mqtt: MQTT publish: topic 'zigbee2mqtt/qualite air bureau (IKEA)', payload '{"humidity":64,"identify":null,"last_seen":"2025-08-24T17:52:40.121Z","linkquality":224,"pm25":21,"temperature":27,"update":{"installed_version":16777233,"latest_version":16777233,"state":"idle"},"voc_index":308}'
[2025-08-24 19:52:40] info: 	z2m:mqtt: MQTT publish: topic 'zigbee2mqtt/qualite air bureau (IKEA)', payload '{"humidity":64,"identify":null,"last_seen":"2025-08-24T17:52:40.166Z","linkquality":224,"pm25":21,"temperature":27,"update":{"installed_version":16777233,"latest_version":16777233,"state":"idle"},"voc_index":313}'
[2025-08-24 19:52:43] info: 	z2m:mqtt: MQTT publish: topic 'zigbee2mqtt/Clim Salon (NOUS)', payload '{"child_lock":"LOCK","countdown":0,"current":0,"energy":414.52,"indicator_mode":"on","last_seen":"2025-08-24T17:52:43.186Z","linkquality":255,"power":0,"power_outage_memory":"restore","state":"OFF","update":{"installed_version":192,"latest_version":192,"state":"idle"},"voltage":228}'
[2025-08-24 19:52:43] info: 	z2m:mqtt: MQTT publish: topic 'zigbee2mqtt/Clim Salon (NOUS)', payload '{"child_lock":"LOCK","countdown":0,"current":0,"energy":414.52,"indicator_mode":"on","last_seen":"2025-08-24T17:52:43.244Z","linkquality":255,"power":0,"power_outage_memory":"restore","state":"OFF","update":{"installed_version":192,"latest_version":192,"state":"idle"},"voltage":228}'
[2025-08-24 19:52:46] info: 	z2m:mqtt: MQTT publish: topic 'zigbee2mqtt/prise bureau pc (IKEA)', payload '{"current":1,"energy":615.26,"identify":null,"last_seen":"2025-08-24T17:52:46.553Z","linkquality":255,"power":176.2,"power_on_behavior":"previous","state":"ON","update":{"installed_version":33816645,"latest_version":33816645,"state":"idle"},"voltage":229.5}'
[2025-08-24 19:52:46] info: 	z2m:mqtt: MQTT publish: topic 'zigbee2mqtt/prise mini pc (IKEA)', payload '{"current":0.07,"energy":5.86,"identify":null,"last_seen":"2025-08-24T17:52:46.742Z","linkquality":255,"power":16.6,"power_on_behavior":"previous","state":"ON","update":{"installed_version":33816645,"latest_version":33816645,"state":"idle"},"voltage":226.3}'
[2025-08-24 19:52:46] info: 	z2m:mqtt: MQTT publish: topic 'zigbee2mqtt/prise bureau pc (IKEA)', payload '{"current":1,"energy":615.26,"identify":null,"last_seen":"2025-08-24T17:52:46.918Z","linkquality":255,"power":179.2,"power_on_behavior":"previous","state":"ON","update":{"installed_version":33816645,"latest_version":33816645,"state":"idle"},"voltage":229.5}'
[2025-08-24 19:52:46] info: 	z2m:mqtt: MQTT publish: topic 'zigbee2mqtt/qualite air bureau (IKEA)', payload '{"humidity":65,"identify":null,"last_seen":"2025-08-24T17:52:46.955Z","linkquality":224,"pm25":21,"temperature":27,"update":{"installed_version":16777233,"latest_version":16777233,"state":"idle"},"voc_index":313}'
[2025-08-24 19:52:47] info: 	z2m:mqtt: MQTT publish: topic 'zigbee2mqtt/prise mini pc (IKEA)', payload '{"current":0.07,"energy":5.86,"identify":null,"last_seen":"2025-08-24T17:52:47.233Z","linkquality":255,"power":7.7,"power_on_behavior":"previous","state":"ON","update":{"installed_version":33816645,"latest_version":33816645,"state":"idle"},"voltage":226.3}'
[2025-08-24 19:52:48] info: 	z2m:mqtt: MQTT publish: topic 'zigbee2mqtt/prise pc's gege (IKEA)', payload '{"current":0.67,"energy":310.05,"identify":null,"last_seen":"2025-08-24T17:52:48.630Z","linkquality":168,"power":117.9,"power_on_behavior":"on","state":"ON","update":{"installed_version":33816645,"latest_version":33816645,"state":"idle"},"voltage":228.9}'
[2025-08-24 19:52:48] info: 	z2m:mqtt: MQTT publish: topic 'zigbee2mqtt/prise horloge (IKEA)', payload '{"current":0.004,"energy":1.24,"identify":null,"last_seen":"2025-08-24T17:52:48.755Z","linkquality":255,"power":0.2,"power_on_behavior":"previous","state":"ON","update":{"installed_version":33816645,"latest_version":33816645,"state":"idle"},"voltage":235.5}'
[2025-08-24 19:52:48] info: 	z2m:mqtt: MQTT publish: topic 'zigbee2mqtt/prise pc's gege (IKEA)', payload '{"current":0.67,"energy":310.05,"identify":null,"last_seen":"2025-08-24T17:52:48.771Z","linkquality":168,"power":117.9,"power_on_behavior":"on","state":"ON","update":{"installed_version":33816645,"latest_version":33816645,"state":"idle"},"voltage":229.1}'
[2025-08-24 19:52:48] info: 	z2m:mqtt: MQTT publish: topic 'zigbee2mqtt/qualite air chambre (IKEA)', payload '{"humidity":65,"identify":null,"last_seen":"2025-08-24T17:52:48.788Z","linkquality":200,"pm25":54,"temperature":27,"update":{"installed_version":16777233,"latest_version":16777233,"state":"idle"},"voc_index":338}'
[2025-08-24 19:52:49] info: 	z2m:mqtt: MQTT publish: topic 'zigbee2mqtt/Clim Chambre (NOUS)', payload '{"child_lock":"LOCK","countdown":0,"current":0,"energy":392.86,"indicator_mode":"on","last_seen":"2025-08-24T17:52:49.292Z","linkquality":160,"power":0,"power_outage_memory":"restore","state":"OFF","update":{"installed_version":192,"latest_version":192,"state":"idle"},"voltage":227}'
[2025-08-24 19:52:52] info: 	z2m:mqtt: MQTT publish: topic 'zigbee2mqtt/prise tv chambre (NOUS)', payload '{"child_lock":"LOCK","countdown":0,"current":0,"energy":164.71,"indicator_mode":"off","last_seen":"2025-08-24T17:52:31.153Z","linkquality":168,"power":0,"power_outage_memory":"on","state":"ON","update":{"installed_version":192,"latest_version":192,"state":"idle"},"voltage":226}'
[2025-08-24 19:52:52] info: 	z2m:mqtt: MQTT publish: topic 'zigbee2mqtt/prise tv chambre (NOUS)', payload '{"child_lock":"LOCK","countdown":0,"current":0,"energy":164.71,"indicator_mode":"off","last_seen":"2025-08-24T17:52:31.153Z","linkquality":168,"power":0,"power_outage_memory":"on","state":"ON","update":{"installed_version":192,"latest_version":192,"state":"idle"},"voltage":226}'
[2025-08-24 19:52:54] info: 	z2m:mqtt: MQTT publish: topic 'zigbee2mqtt/Clim Salon (NOUS)', payload '{"child_lock":"LOCK","countdown":0,"current":0,"energy":414.52,"indicator_mode":"on","last_seen":"2025-08-24T17:52:43.244Z","linkquality":255,"power":0,"power_outage_memory":"restore","state":"OFF","update":{"installed_version":192,"latest_version":192,"state":"idle"},"voltage":228}'
[2025-08-24 19:52:54] info: 	z2m:mqtt: MQTT publish: topic 'zigbee2mqtt/Clim Salon (NOUS)', payload '{"child_lock":"LOCK","countdown":0,"current":0,"energy":414.52,"indicator_mode":"on","last_seen":"2025-08-24T17:52:43.244Z","linkquality":255,"power":0,"power_outage_memory":"restore","state":"OFF","update":{"installed_version":192,"latest_version":192,"state":"idle"},"voltage":228}'
[2025-08-24 19:52:54] info: 	z2m:mqtt: MQTT publish: topic 'zigbee2mqtt/prise lave linge (NOUS)', payload '{"child_lock":"LOCK","countdown":0,"current":0,"energy":100.64,"indicator_mode":"on","last_seen":"2025-08-24T17:52:33.867Z","linkquality":188,"power":0,"power_outage_memory":"on","state":"ON","update":{"installed_version":192,"latest_version":192,"state":"idle"},"voltage":229}'
[2025-08-24 19:52:54] info: 	z2m:mqtt: MQTT publish: topic 'zigbee2mqtt/prise lave linge (NOUS)', payload '{"child_lock":"LOCK","countdown":0,"current":0,"energy":100.64,"indicator_mode":"on","last_seen":"2025-08-24T17:52:33.867Z","linkquality":188,"power":0,"power_outage_memory":"on","state":"ON","update":{"installed_version":192,"latest_version":192,"state":"idle"},"voltage":229}'
[2025-08-24 19:52:55] info: 	z2m:mqtt: MQTT publish: topic 'zigbee2mqtt/qualite air salon (IKEA)', payload '{"humidity":65,"identify":null,"last_seen":"2025-08-24T17:52:55.409Z","linkquality":172,"pm25":19,"temperature":27,"update":{"installed_version":16777233,"latest_version":16777233,"state":"idle"},"voc_index":294}'
[2025-08-24 19:52:56] info: 	z2m:mqtt: MQTT publish: topic 'zigbee2mqtt/prise bureau pc (IKEA)', payload '{"current":1,"energy":615.26,"identify":null,"last_seen":"2025-08-24T17:52:56.880Z","linkquality":255,"power":178.3,"power_on_behavior":"previous","state":"ON","update":{"installed_version":33816645,"latest_version":33816645,"state":"idle"},"voltage":229.5}'
[2025-08-24 19:52:58] info: 	z2m:mqtt: MQTT publish: topic 'zigbee2mqtt/prise pc's gege (IKEA)', payload '{"current":0.67,"energy":310.05,"identify":null,"last_seen":"2025-08-24T17:52:58.640Z","linkquality":168,"power":119.4,"power_on_behavior":"on","state":"ON","update":{"installed_version":33816645,"latest_version":33816645,"state":"idle"},"voltage":229.1}'
[2025-08-24 19:52:58] info: 	z2m:mqtt: MQTT publish: topic 'zigbee2mqtt/qualite air chambre (IKEA)', payload '{"humidity":64,"identify":null,"last_seen":"2025-08-24T17:52:58.761Z","linkquality":200,"pm25":54,"temperature":27,"update":{"installed_version":16777233,"latest_version":16777233,"state":"idle"},"voc_index":338}'
[2025-08-24 19:53:00] info: 	z2m:mqtt: MQTT publish: topic 'zigbee2mqtt/qualite air salon (IKEA)', payload '{"humidity":65,"identify":null,"last_seen":"2025-08-24T17:53:00.049Z","linkquality":172,"pm25":17,"temperature":27,"update":{"installed_version":16777233,"latest_version":16777233,"state":"idle"},"voc_index":294}'
[2025-08-24 19:53:00] info: 	z2m:mqtt: MQTT publish: topic 'zigbee2mqtt/qualite air salon (IKEA)', payload '{"humidity":65,"identify":null,"last_seen":"2025-08-24T17:53:00.107Z","linkquality":172,"pm25":17,"temperature":27,"update":{"installed_version":16777233,"latest_version":16777233,"state":"idle"},"voc_index":296}'
[2025-08-24 19:53:00] info: 	z2m:mqtt: MQTT publish: topic 'zigbee2mqtt/Prise Bureau Fer à Repasser (NOUS)', payload '{"child_lock":"UNLOCK","countdown":0,"current":0,"energy":1.99,"indicator_mode":"off/on","last_seen":"2025-08-24T17:53:00.201Z","linkquality":184,"power":0,"power_outage_memory":"on","state":"ON","update":{"installed_version":192,"latest_version":192,"state":"idle"},"voltage":229}'
[2025-08-24 19:53:00] info: 	z2m:mqtt: MQTT publish: topic 'zigbee2mqtt/Prise Bureau Fer à Repasser (NOUS)', payload '{"child_lock":"UNLOCK","countdown":0,"current":0,"energy":1.99,"indicator_mode":"off/on","last_seen":"2025-08-24T17:53:00.241Z","linkquality":192,"power":0,"power_outage_memory":"on","state":"ON","update":{"installed_version":192,"latest_version":192,"state":"idle"},"voltage":229}'
[2025-08-24 19:53:01] info: 	z2m:mqtt: MQTT publish: topic 'zigbee2mqtt/Prise Radiateur Salle de Bain (NOUS)', payload '{"child_lock":"LOCK","countdown":0,"current":0,"energy":0.27,"indicator_mode":"off/on","last_seen":"2025-08-24T17:53:01.659Z","linkquality":248,"power":0,"power_outage_memory":"restore","state":"OFF","update":{"installed_version":192,"latest_version":192,"state":"idle"},"voltage":228}'
[2025-08-24 19:53:05] info: 	z2m:mqtt: MQTT publish: topic 'zigbee2mqtt/qualite air salon (IKEA)', payload '{"humidity":65,"identify":null,"last_seen":"2025-08-24T17:53:05.386Z","linkquality":172,"pm25":17,"temperature":27,"update":{"installed_version":16777233,"latest_version":16777233,"state":"idle"},"voc_index":296}'
[2025-08-24 19:53:06] info: 	z2m:mqtt: MQTT publish: topic 'zigbee2mqtt/prise mini pc (IKEA)', payload '{"current":0.12,"energy":5.86,"identify":null,"last_seen":"2025-08-24T17:53:06.369Z","linkquality":255,"power":7.7,"power_on_behavior":"previous","state":"ON","update":{"installed_version":33816645,"latest_version":33816645,"state":"idle"},"voltage":226.3}'
[2025-08-24 19:53:06] info: 	z2m:mqtt: MQTT publish: topic 'zigbee2mqtt/prise mini pc (IKEA)', payload '{"current":0.12,"energy":5.86,"identify":null,"last_seen":"2025-08-24T17:53:06.837Z","linkquality":255,"power":16.4,"power_on_behavior":"previous","state":"ON","update":{"installed_version":33816645,"latest_version":33816645,"state":"idle"},"voltage":226.3}'
[2025-08-24 19:53:06] info: 	z2m:mqtt: MQTT publish: topic 'zigbee2mqtt/prise bureau pc (IKEA)', payload '{"current":1,"energy":615.26,"identify":null,"last_seen":"2025-08-24T17:53:06.845Z","linkquality":255,"power":182.6,"power_on_behavior":"previous","state":"ON","update":{"installed_version":33816645,"latest_version":33816645,"state":"idle"},"voltage":229.5}'
[2025-08-24 19:53:07] info: 	z2m:mqtt: MQTT publish: topic 'zigbee2mqtt/Th Bureau', payload '{"battery":25,"comfort_humidity_max":55,"comfort_humidity_min":40,"comfort_temperature_max":25,"comfort_temperature_min":21,"humidity":59.6,"humidity_calibration":0,"last_seen":"2025-08-24T17:53:07.083Z","linkquality":255,"temperature":27.2,"temperature_calibration":0,"temperature_units":"celsius","update":{"installed_version":8960,"latest_version":8960,"state":"idle"}}'
[2025-08-24 19:53:08] info: 	z2m:mqtt: MQTT publish: topic 'zigbee2mqtt/prise pc's gege (IKEA)', payload '{"current":0.67,"energy":310.05,"identify":null,"last_seen":"2025-08-24T17:53:08.658Z","linkquality":168,"power":130.1,"power_on_behavior":"on","state":"ON","update":{"installed_version":33816645,"latest_version":33816645,"state":"idle"},"voltage":229.1}'
[2025-08-24 19:53:08] info: 	z2m:mqtt: MQTT publish: topic 'zigbee2mqtt/qualite air chambre (IKEA)', payload '{"humidity":65,"identify":null,"last_seen":"2025-08-24T17:53:08.732Z","linkquality":200,"pm25":54,"temperature":27,"update":{"installed_version":16777233,"latest_version":16777233,"state":"idle"},"voc_index":338}'
[2025-08-24 19:53:11] info: 	z2m:mqtt: MQTT publish: topic 'zigbee2mqtt/Prise Bureau Fer à Repasser (NOUS)', payload '{"child_lock":"UNLOCK","countdown":0,"current":0,"energy":1.99,"indicator_mode":"off/on","last_seen":"2025-08-24T17:53:00.241Z","linkquality":192,"power":0,"power_outage_memory":"on","state":"ON","update":{"installed_version":192,"latest_version":192,"state":"idle"},"voltage":229}'
[2025-08-24 19:53:11] info: 	z2m:mqtt: MQTT publish: topic 'zigbee2mqtt/Prise Bureau Fer à Repasser (NOUS)', payload '{"child_lock":"UNLOCK","countdown":0,"current":0,"energy":1.99,"indicator_mode":"off/on","last_seen":"2025-08-24T17:53:00.241Z","linkquality":192,"power":0,"power_outage_memory":"on","state":"ON","update":{"installed_version":192,"latest_version":192,"state":"idle"},"voltage":229}'
[2025-08-24 19:53:15] info: 	z2m:mqtt: MQTT publish: topic 'zigbee2mqtt/qualite air salon (IKEA)', payload '{"humidity":64,"identify":null,"last_seen":"2025-08-24T17:53:15.407Z","linkquality":172,"pm25":17,"temperature":27,"update":{"installed_version":16777233,"latest_version":16777233,"state":"idle"},"voc_index":296}'
[2025-08-24 19:53:15] info: 	z2m:mqtt: MQTT publish: topic 'zigbee2mqtt/Four et Plaque de Cuisson', payload '{"ac_frequency":49.94,"current":0,"data_report_duration":60,"energy":60,"last_seen":"2025-08-24T17:53:15.650Z","linkquality":216,"power":0,"power_factor":100,"produced_energy":0,"voltage":231}'
[2025-08-24 19:53:15] info: 	z2m:mqtt: MQTT publish: topic 'zigbee2mqtt/Four et Plaque de Cuisson', payload '{"ac_frequency":49.94,"current":0,"data_report_duration":60,"energy":60,"last_seen":"2025-08-24T17:53:15.698Z","linkquality":216,"power":0,"power_factor":100,"produced_energy":0,"voltage":231}'
[2025-08-24 19:53:15] info: 	z2m:mqtt: MQTT publish: topic 'zigbee2mqtt/Four et Plaque de Cuisson', payload '{"ac_frequency":49.94,"current":0,"data_report_duration":60,"energy":60,"last_seen":"2025-08-24T17:53:15.748Z","linkquality":216,"power":0,"power_factor":100,"produced_energy":0,"voltage":231}'
[2025-08-24 19:53:15] info: 	z2m:mqtt: MQTT publish: topic 'zigbee2mqtt/Four et Plaque de Cuisson', payload '{"ac_frequency":49.94,"current":0,"data_report_duration":60,"energy":60,"last_seen":"2025-08-24T17:53:15.796Z","linkquality":216,"power":0,"power_factor":100,"produced_energy":0,"voltage":231}'
[2025-08-24 19:53:15] info: 	z2m:mqtt: MQTT publish: topic 'zigbee2mqtt/Four et Plaque de Cuisson', payload '{"ac_frequency":49.92,"current":0,"data_report_duration":60,"energy":60,"last_seen":"2025-08-24T17:53:15.844Z","linkquality":216,"power":0,"power_factor":100,"produced_energy":0,"voltage":231}'
[2025-08-24 19:53:15] info: 	z2m:mqtt: MQTT publish: topic 'zigbee2mqtt/Four et Plaque de Cuisson', payload '{"ac_frequency":49.92,"current":0,"data_report_duration":60,"energy":60,"last_seen":"2025-08-24T17:53:15.893Z","linkquality":216,"power":0,"power_factor":100,"produced_energy":0,"voltage":231}'
[2025-08-24 19:53:15] info: 	z2m:mqtt: MQTT publish: topic 'zigbee2mqtt/Four et Plaque de Cuisson', payload '{"ac_frequency":49.92,"current":0,"data_report_duration":60,"energy":60,"last_seen":"2025-08-24T17:53:15.940Z","linkquality":216,"power":0,"power_factor":100,"produced_energy":0,"voltage":231}'
[2025-08-24 19:53:15] info: 	z2m:mqtt: MQTT publish: topic 'zigbee2mqtt/Four et Plaque de Cuisson', payload '{"ac_frequency":49.92,"current":0,"data_report_duration":60,"energy":60,"last_seen":"2025-08-24T17:53:15.986Z","linkquality":216,"power":0,"power_factor":100,"produced_energy":0,"voltage":231}'
[2025-08-24 19:53:16] info: 	z2m:mqtt: MQTT publish: topic 'zigbee2mqtt/prise mini pc (IKEA)', payload '{"current":0.07,"energy":5.86,"identify":null,"last_seen":"2025-08-24T17:53:16.380Z","linkquality":255,"power":16.4,"power_on_behavior":"previous","state":"ON","update":{"installed_version":33816645,"latest_version":33816645,"state":"idle"},"voltage":226.3}'
[2025-08-24 19:53:16] info: 	z2m:mqtt: MQTT publish: topic 'zigbee2mqtt/prise mini pc (IKEA)', payload '{"current":0.07,"energy":5.86,"identify":null,"last_seen":"2025-08-24T17:53:16.836Z","linkquality":255,"power":7.3,"power_on_behavior":"previous","state":"ON","update":{"installed_version":33816645,"latest_version":33816645,"state":"idle"},"voltage":226.3}'
[2025-08-24 19:53:16] info: 	z2m:mqtt: MQTT publish: topic 'zigbee2mqtt/prise bureau pc (IKEA)', payload '{"current":1,"energy":615.26,"identify":null,"last_seen":"2025-08-24T17:53:16.891Z","linkquality":255,"power":175.5,"power_on_behavior":"previous","state":"ON","update":{"installed_version":33816645,"latest_version":33816645,"state":"idle"},"voltage":229.5}'
[2025-08-24 19:53:18] info: 	z2m:mqtt: MQTT publish: topic 'zigbee2mqtt/prise pc's gege (IKEA)', payload '{"current":0.67,"energy":310.05,"identify":null,"last_seen":"2025-08-24T17:53:18.725Z","linkquality":168,"power":120.2,"power_on_behavior":"on","state":"ON","update":{"installed_version":33816645,"latest_version":33816645,"state":"idle"},"voltage":229.1}'
[2025-08-24 19:53:19] info: 	z2m:mqtt: MQTT publish: topic 'zigbee2mqtt/prise horloge (IKEA)', payload '{"current":0.004,"energy":1.24,"identify":null,"last_seen":"2025-08-24T17:53:19.286Z","linkquality":255,"power":0.2,"power_on_behavior":"previous","state":"ON","update":{"installed_version":33816645,"latest_version":33816645,"state":"idle"},"voltage":236}'
[2025-08-24 19:53:20] info: 	z2m:mqtt: MQTT publish: topic 'zigbee2mqtt/prise pc's gege (IKEA)', payload '{"current":0.67,"energy":310.05,"identify":null,"last_seen":"2025-08-24T17:53:20.354Z","linkquality":168,"power":120.2,"power_on_behavior":"on","state":"ON","update":{"installed_version":33816645,"latest_version":33816645,"state":"idle"},"voltage":229.6}'
[2025-08-24 19:53:22] info: 	z2m:mqtt: MQTT publish: topic 'zigbee2mqtt/prise salon chargeur (NOUS)', payload '{"child_lock":"UNLOCK","countdown":0,"current":0.05,"energy":37.11,"indicator_mode":"off","last_seen":"2025-08-24T17:53:22.873Z","linkquality":176,"power":5,"power_outage_memory":"on","state":"ON","update":{"installed_version":192,"latest_version":192,"state":"idle"},"voltage":228}'
[2025-08-24 19:53:22] info: 	z2m:mqtt: MQTT publish: topic 'zigbee2mqtt/prise salon chargeur (NOUS)', payload '{"child_lock":"UNLOCK","countdown":0,"current":0.05,"energy":37.11,"indicator_mode":"off","last_seen":"2025-08-24T17:53:22.916Z","linkquality":176,"power":5,"power_outage_memory":"on","state":"ON","update":{"installed_version":192,"latest_version":192,"state":"idle"},"voltage":228}'
[2025-08-24 19:53:23] info: 	z2m:mqtt: MQTT publish: topic 'zigbee2mqtt/prise box internet (IKEA)', payload '{"current":0.12,"energy":86.62,"identify":null,"last_seen":"2025-08-24T17:53:23.850Z","linkquality":144,"power":13,"power_on_behavior":"previous","state":"ON","update":{"installed_version":33816645,"latest_version":33816645,"state":"idle"},"voltage":229.3}'
[2025-08-24 19:53:24] info: 	z2m:mqtt: MQTT publish: topic 'zigbee2mqtt/prise bureau pc (IKEA)', payload '{"current":1,"energy":615.26,"identify":null,"last_seen":"2025-08-24T17:53:24.152Z","linkquality":255,"power":175.5,"power_on_behavior":"previous","state":"ON","update":{"installed_version":33816645,"latest_version":33816645,"state":"idle"},"voltage":230}'
[2025-08-24 19:53:24] info: 	z2m:mqtt: MQTT publish: topic 'zigbee2mqtt/prise tete de lit chambre', payload '{"current":0,"energy":25.58,"identify":null,"last_seen":"2025-08-24T17:53:24.762Z","linkquality":196,"power":0,"power_on_behavior":"on","state":"OFF","update":{"installed_version":33816645,"latest_version":33816645,"state":"idle"},"voltage":237.2}'
[2025-08-24 19:53:26] info: 	z2m:mqtt: MQTT publish: topic 'zigbee2mqtt/qualite air chambre (IKEA)', payload '{"humidity":64,"identify":null,"last_seen":"2025-08-24T17:53:26.752Z","linkquality":200,"pm25":54,"temperature":27,"update":{"installed_version":16777233,"latest_version":16777233,"state":"idle"},"voc_index":338}'
[2025-08-24 19:53:26] info: 	z2m:mqtt: MQTT publish: topic 'zigbee2mqtt/prise bureau pc (IKEA)', payload '{"current":1,"energy":615.26,"identify":null,"last_seen":"2025-08-24T17:53:26.783Z","linkquality":255,"power":177.6,"power_on_behavior":"previous","state":"ON","update":{"installed_version":33816645,"latest_version":33816645,"state":"idle"},"voltage":230}'
[2025-08-24 19:53:28] info: 	z2m:mqtt: MQTT publish: topic 'zigbee2mqtt/prise pc's gege (IKEA)', payload '{"current":0.67,"energy":310.05,"identify":null,"last_seen":"2025-08-24T17:53:28.675Z","linkquality":172,"power":119.3,"power_on_behavior":"on","state":"ON","update":{"installed_version":33816645,"latest_version":33816645,"state":"idle"},"voltage":229.6}'
[2025-08-24 19:53:30] info: 	z2m:mqtt: MQTT publish: topic 'zigbee2mqtt/prise tv chambre (NOUS)', payload '{"child_lock":"LOCK","countdown":0,"current":0,"energy":164.71,"indicator_mode":"off","last_seen":"2025-08-24T17:53:30.167Z","linkquality":164,"power":0,"power_outage_memory":"on","state":"ON","update":{"installed_version":192,"latest_version":192,"state":"idle"},"voltage":226}'
[2025-08-24 19:53:30] info: 	z2m:mqtt: MQTT publish: topic 'zigbee2mqtt/prise airfryer ninja (NOUS)', payload '{"child_lock":"UNLOCK","countdown":0,"current":0,"energy":72.19,"indicator_mode":"on","last_seen":"2025-08-24T17:53:30.656Z","linkquality":236,"power":0,"power_outage_memory":"restore","state":"ON","update":{"installed_version":192,"latest_version":192,"state":"idle"},"voltage":229}'
[2025-08-24 19:53:30] info: 	z2m:mqtt: MQTT publish: topic 'zigbee2mqtt/prise airfryer ninja (NOUS)', payload '{"child_lock":"UNLOCK","countdown":0,"current":0,"energy":72.19,"indicator_mode":"on","last_seen":"2025-08-24T17:53:30.697Z","linkquality":244,"power":0,"power_outage_memory":"restore","state":"ON","update":{"installed_version":192,"latest_version":192,"state":"idle"},"voltage":229}'
[2025-08-24 19:53:33] info: 	z2m:mqtt: MQTT publish: topic 'zigbee2mqtt/prise box internet (IKEA)', payload '{"current":0.12,"energy":86.62,"identify":null,"last_seen":"2025-08-24T17:53:33.759Z","linkquality":100,"power":13,"power_on_behavior":"previous","state":"ON","update":{"installed_version":33816645,"latest_version":33816645,"state":"idle"},"voltage":229.2}'
[2025-08-24 19:53:34] info: 	z2m:mqtt: MQTT publish: topic 'zigbee2mqtt/prise bureau pc (IKEA)', payload '{"current":1,"energy":615.26,"identify":null,"last_seen":"2025-08-24T17:53:34.115Z","linkquality":255,"power":177.6,"power_on_behavior":"previous","state":"ON","update":{"installed_version":33816645,"latest_version":33816645,"state":"idle"},"voltage":229.8}'
[2025-08-24 19:53:34] info: 	z2m:mqtt: MQTT publish: topic 'zigbee2mqtt/Clim Salon (NOUS)', payload '{"child_lock":"LOCK","countdown":0,"current":0,"energy":414.52,"indicator_mode":"on","last_seen":"2025-08-24T17:53:34.155Z","linkquality":255,"power":0,"power_outage_memory":"restore","state":"OFF","update":{"installed_version":192,"latest_version":192,"state":"idle"},"voltage":228}'
[2025-08-24 19:53:34] info: 	z2m:mqtt: MQTT publish: topic 'zigbee2mqtt/prise tete de lit chambre', payload '{"current":0,"energy":25.58,"identify":null,"last_seen":"2025-08-24T17:53:34.665Z","linkquality":196,"power":0,"power_on_behavior":"on","state":"OFF","update":{"installed_version":33816645,"latest_version":33816645,"state":"idle"},"voltage":236.9}'
[2025-08-24 19:53:35] info: 	z2m:mqtt: MQTT publish: topic 'zigbee2mqtt/Prise Radiateur Salle de Bain (NOUS)', payload '{"child_lock":"LOCK","countdown":0,"current":0,"energy":0.27,"indicator_mode":"off/on","last_seen":"2025-08-24T17:53:35.890Z","linkquality":248,"power":0,"power_outage_memory":"restore","state":"OFF","update":{"installed_version":192,"latest_version":192,"state":"idle"},"voltage":229}'
[2025-08-24 19:53:35] info: 	z2m:mqtt: MQTT publish: topic 'zigbee2mqtt/Prise Radiateur Salle de Bain (NOUS)', payload '{"child_lock":"LOCK","countdown":0,"current":0,"energy":0.27,"indicator_mode":"off/on","last_seen":"2025-08-24T17:53:35.952Z","linkquality":252,"power":0,"power_outage_memory":"restore","state":"OFF","update":{"installed_version":192,"latest_version":192,"state":"idle"},"voltage":229}'
[2025-08-24 19:53:36] info: 	z2m:mqtt: MQTT publish: topic 'zigbee2mqtt/qualite air chambre (IKEA)', payload '{"humidity":64,"identify":null,"last_seen":"2025-08-24T17:53:36.675Z","linkquality":200,"pm25":54,"temperature":27,"update":{"installed_version":16777233,"latest_version":16777233,"state":"idle"},"voc_index":338}'
[2025-08-24 19:53:36] info: 	z2m:mqtt: MQTT publish: topic 'zigbee2mqtt/prise bureau pc (IKEA)', payload '{"current":1,"energy":615.26,"identify":null,"last_seen":"2025-08-24T17:53:36.746Z","linkquality":255,"power":180.3,"power_on_behavior":"previous","state":"ON","update":{"installed_version":33816645,"latest_version":33816645,"state":"idle"},"voltage":229.8}'
[2025-08-24 19:53:37] info: 	z2m:mqtt: MQTT publish: topic 'zigbee2mqtt/prise bureau pc (IKEA)', payload '{"current":1.06,"energy":615.26,"identify":null,"last_seen":"2025-08-24T17:53:37.354Z","linkquality":255,"power":180.3,"power_on_behavior":"previous","state":"ON","update":{"installed_version":33816645,"latest_version":33816645,"state":"idle"},"voltage":229.8}'
[2025-08-24 19:53:38] info: 	z2m:mqtt: MQTT publish: topic 'zigbee2mqtt/prise pc's gege (IKEA)', payload '{"current":0.67,"energy":310.05,"identify":null,"last_seen":"2025-08-24T17:53:38.684Z","linkquality":184,"power":118.4,"power_on_behavior":"on","state":"ON","update":{"installed_version":33816645,"latest_version":33816645,"state":"idle"},"voltage":229.6}'
[2025-08-24 19:53:39] info: 	z2m:mqtt: MQTT publish: topic 'zigbee2mqtt/qualite air bureau (IKEA)', payload '{"humidity":64,"identify":null,"last_seen":"2025-08-24T17:53:39.032Z","linkquality":224,"pm25":21,"temperature":27,"update":{"installed_version":16777233,"latest_version":16777233,"state":"idle"},"voc_index":313}'
[2025-08-24 19:53:44] info: 	z2m:mqtt: MQTT publish: topic 'zigbee2mqtt/Clim du Bureau (NOUS)', payload '{"child_lock":"LOCK","countdown":0,"current":0,"energy":332.61,"indicator_mode":"off/on","last_seen":"2025-08-24T17:53:44.235Z","linkquality":164,"power":0,"power_outage_memory":"restore","state":"OFF","update":{"installed_version":192,"latest_version":192,"state":"idle"},"voltage":227}'
[2025-08-24 19:53:46] info: 	z2m:mqtt: MQTT publish: topic 'zigbee2mqtt/qualite air chambre (IKEA)', payload '{"humidity":65,"identify":null,"last_seen":"2025-08-24T17:53:46.647Z","linkquality":200,"pm25":54,"temperature":27,"update":{"installed_version":16777233,"latest_version":16777233,"state":"idle"},"voc_index":338}'
[2025-08-24 19:53:46] info: 	z2m:mqtt: MQTT publish: topic 'zigbee2mqtt/prise bureau pc (IKEA)', payload '{"current":1.06,"energy":615.26,"identify":null,"last_seen":"2025-08-24T17:53:46.713Z","linkquality":255,"power":177.2,"power_on_behavior":"previous","state":"ON","update":{"installed_version":33816645,"latest_version":33816645,"state":"idle"},"voltage":229.8}'
[2025-08-24 19:53:46] info: 	z2m:mqtt: MQTT publish: topic 'zigbee2mqtt/Prise Radiateur Salle de Bain (NOUS)', payload '{"child_lock":"LOCK","countdown":0,"current":0,"energy":0.27,"indicator_mode":"off/on","last_seen":"2025-08-24T17:53:35.952Z","linkquality":252,"power":0,"power_outage_memory":"restore","state":"OFF","update":{"installed_version":192,"latest_version":192,"state":"idle"},"voltage":229}'
[2025-08-24 19:53:46] info: 	z2m:mqtt: MQTT publish: topic 'zigbee2mqtt/Prise Radiateur Salle de Bain (NOUS)', payload '{"child_lock":"LOCK","countdown":0,"current":0,"energy":0.27,"indicator_mode":"off/on","last_seen":"2025-08-24T17:53:35.952Z","linkquality":252,"power":0,"power_outage_memory":"restore","state":"OFF","update":{"installed_version":192,"latest_version":192,"state":"idle"},"voltage":229}'
[2025-08-24 19:53:47] info: 	z2m:mqtt: MQTT publish: topic 'zigbee2mqtt/prise bureau pc (IKEA)', payload '{"current":1.01,"energy":615.26,"identify":null,"last_seen":"2025-08-24T17:53:47.320Z","linkquality":255,"power":177.2,"power_on_behavior":"previous","state":"ON","update":{"installed_version":33816645,"latest_version":33816645,"state":"idle"},"voltage":229.8}'
[2025-08-24 19:53:48] info: 	z2m:mqtt: MQTT publish: topic 'zigbee2mqtt/prise pc's gege (IKEA)', payload '{"current":0.67,"energy":310.05,"identify":null,"last_seen":"2025-08-24T17:53:48.696Z","linkquality":164,"power":121.2,"power_on_behavior":"on","state":"ON","update":{"installed_version":33816645,"latest_version":33816645,"state":"idle"},"voltage":229.6}'
[2025-08-24 19:53:48] info: 	z2m:mqtt: MQTT publish: topic 'zigbee2mqtt/qualite air bureau (IKEA)', payload '{"humidity":64,"identify":null,"last_seen":"2025-08-24T17:53:48.970Z","linkquality":224,"pm25":21,"temperature":27,"update":{"installed_version":16777233,"latest_version":16777233,"state":"idle"},"voc_index":313}'
[2025-08-24 19:53:51] info: 	z2m:mqtt: MQTT publish: topic 'zigbee2mqtt/prise airfryer ninja (NOUS)', payload '{"child_lock":"UNLOCK","countdown":0,"current":0,"energy":72.19,"indicator_mode":"on","last_seen":"2025-08-24T17:53:30.697Z","linkquality":244,"power":0,"power_outage_memory":"restore","state":"ON","update":{"installed_version":192,"latest_version":192,"state":"idle"},"voltage":229}'
[2025-08-24 19:53:51] info: 	z2m:mqtt: MQTT publish: topic 'zigbee2mqtt/prise airfryer ninja (NOUS)', payload '{"child_lock":"UNLOCK","countdown":0,"current":0,"energy":72.19,"indicator_mode":"on","last_seen":"2025-08-24T17:53:30.697Z","linkquality":244,"power":0,"power_outage_memory":"restore","state":"ON","update":{"installed_version":192,"latest_version":192,"state":"idle"},"voltage":229}'
[2025-08-24 19:53:55] info: 	z2m:mqtt: MQTT publish: topic 'zigbee2mqtt/prise lave vaisselle (NOUS)', payload '{"child_lock":"LOCK","countdown":0,"current":0,"energy":115.82,"indicator_mode":"on","last_seen":"2025-08-24T17:53:55.666Z","linkquality":160,"power":0,"power_outage_memory":"on","state":"ON","update":{"installed_version":192,"latest_version":192,"state":"idle"},"voltage":229}'
[2025-08-24 19:53:58] info: 	z2m:mqtt: MQTT publish: topic 'zigbee2mqtt/prise four micro ondes (NOUS)', payload '{"child_lock":"UNLOCK","countdown":0,"current":0.03,"energy":57.38,"indicator_mode":"off/on","last_seen":"2025-08-24T17:53:58.695Z","linkquality":255,"power":0,"power_outage_memory":"restore","state":"ON","update":{"installed_version":192,"latest_version":192,"state":"idle"},"voltage":229}'
[2025-08-24 19:53:58] info: 	z2m:mqtt: MQTT publish: topic 'zigbee2mqtt/prise pc's gege (IKEA)', payload '{"current":0.67,"energy":310.05,"identify":null,"last_seen":"2025-08-24T17:53:58.704Z","linkquality":168,"power":120.6,"power_on_behavior":"on","state":"ON","update":{"installed_version":33816645,"latest_version":33816645,"state":"idle"},"voltage":229.6}'
[2025-08-24 19:53:58] info: 	z2m:mqtt: MQTT publish: topic 'zigbee2mqtt/qualite air bureau (IKEA)', payload '{"humidity":65,"identify":null,"last_seen":"2025-08-24T17:53:58.957Z","linkquality":228,"pm25":21,"temperature":27,"update":{"installed_version":16777233,"latest_version":16777233,"state":"idle"},"voc_index":313}'
[2025-08-24 19:53:59] info: 	z2m:mqtt: MQTT publish: topic 'zigbee2mqtt/Th Balcon Nord', payload '{"battery":100,"comfort_humidity_max":55,"comfort_humidity_min":40,"comfort_temperature_max":25,"comfort_temperature_min":21,"humidity":64.9,"humidity_calibration":0,"last_seen":"2025-08-24T17:53:59.205Z","linkquality":236,"temperature":25.5,"temperature_calibration":0,"temperature_units":"celsius","update":{"installed_version":8960,"latest_version":8960,"state":"idle"}}'
[2025-08-24 19:54:01] info: 	z2m:mqtt: MQTT publish: topic 'zigbee2mqtt/prise airfryer ninja (NOUS)', payload '{"child_lock":"UNLOCK","countdown":0,"current":0,"energy":72.19,"indicator_mode":"on","last_seen":"2025-08-24T17:54:01.559Z","linkquality":236,"power":0,"power_outage_memory":"restore","state":"ON","update":{"installed_version":192,"latest_version":192,"state":"idle"},"voltage":229}'
[2025-08-24 19:54:03] info: 	z2m:mqtt: MQTT publish: topic 'zigbee2mqtt/prise horloge (IKEA)', payload '{"current":0.004,"energy":1.24,"identify":null,"last_seen":"2025-08-24T17:54:03.781Z","linkquality":255,"power":0.2,"power_on_behavior":"previous","state":"ON","update":{"installed_version":33816645,"latest_version":33816645,"state":"idle"},"voltage":236.5}'
[2025-08-24 19:54:05] info: 	z2m:mqtt: MQTT publish: topic 'zigbee2mqtt/Th Salle de Bain', payload '{"battery":20,"comfort_humidity_max":55,"comfort_humidity_min":40,"comfort_temperature_max":25,"comfort_temperature_min":21,"humidity":62.5,"humidity_calibration":0,"last_seen":"2025-08-24T17:54:05.621Z","linkquality":152,"temperature":26.2,"temperature_calibration":0,"temperature_units":"celsius","update":{"installed_version":8960,"latest_version":8960,"state":"idle"}}'
[2025-08-24 19:54:05] info: 	z2m:mqtt: MQTT publish: topic 'zigbee2mqtt/Th Salle de Bain', payload '{"battery":20,"comfort_humidity_max":55,"comfort_humidity_min":40,"comfort_temperature_max":25,"comfort_temperature_min":21,"humidity":62.5,"humidity_calibration":0,"last_seen":"2025-08-24T17:54:05.848Z","linkquality":156,"temperature":26.2,"temperature_calibration":0,"temperature_units":"celsius","update":{"installed_version":8960,"latest_version":8960,"state":"idle"}}'
[2025-08-24 19:54:06] info: 	z2m:mqtt: MQTT publish: topic 'zigbee2mqtt/prise bureau pc (IKEA)', payload '{"current":1.06,"energy":615.26,"identify":null,"last_seen":"2025-08-24T17:54:06.977Z","linkquality":255,"power":177.2,"power_on_behavior":"previous","state":"ON","update":{"installed_version":33816645,"latest_version":33816645,"state":"idle"},"voltage":229.8}'
[2025-08-24 19:54:06] info: 	z2m:mqtt: MQTT publish: topic 'zigbee2mqtt/prise mini pc (IKEA)', payload '{"current":0.13,"energy":5.86,"identify":null,"last_seen":"2025-08-24T17:54:06.995Z","linkquality":255,"power":7.3,"power_on_behavior":"previous","state":"ON","update":{"installed_version":33816645,"latest_version":33816645,"state":"idle"},"voltage":226.3}'
[2025-08-24 19:54:07] info: 	z2m:mqtt: MQTT publish: topic 'zigbee2mqtt/Prise Bureau Fer à Repasser (NOUS)', payload '{"child_lock":"UNLOCK","countdown":0,"current":0,"energy":1.99,"indicator_mode":"off/on","last_seen":"2025-08-24T17:54:07.230Z","linkquality":192,"power":0,"power_outage_memory":"on","state":"ON","update":{"installed_version":192,"latest_version":192,"state":"idle"},"voltage":229}'
[2025-08-24 19:54:07] info: 	z2m:mqtt: MQTT publish: topic 'zigbee2mqtt/prise bureau pc (IKEA)', payload '{"current":1.06,"energy":615.26,"identify":null,"last_seen":"2025-08-24T17:54:07.453Z","linkquality":255,"power":184.4,"power_on_behavior":"previous","state":"ON","update":{"installed_version":33816645,"latest_version":33816645,"state":"idle"},"voltage":229.8}'
[2025-08-24 19:54:07] info: 	z2m:mqtt: MQTT publish: topic 'zigbee2mqtt/prise mini pc (IKEA)', payload '{"current":0.13,"energy":5.86,"identify":null,"last_seen":"2025-08-24T17:54:07.468Z","linkquality":255,"power":14.9,"power_on_behavior":"previous","state":"ON","update":{"installed_version":33816645,"latest_version":33816645,"state":"idle"},"voltage":226.3}'
[2025-08-24 19:54:10] info: 	z2m:mqtt: MQTT publish: topic 'zigbee2mqtt/prise frigo cuisine (NOUS)', payload '{"child_lock":"LOCK","countdown":0,"current":0,"energy":106.05,"indicator_mode":"on/off","last_seen":"2025-08-24T17:54:10.461Z","linkquality":248,"power":0,"power_outage_memory":"on","state":"ON","update":{"installed_version":192,"latest_version":192,"state":"idle"},"voltage":228}'
[2025-08-24 19:54:10] info: 	zh:ember:ezsp: Received network/route error ROUTE_ERROR_SOURCE_ROUTE_FAILURE for "10912".
[2025-08-24 19:54:11] info: 	z2m:mqtt: MQTT publish: topic 'zigbee2mqtt/Four et Plaque de Cuisson', payload '{"ac_frequency":49.92,"current":0,"data_report_duration":60,"energy":60,"last_seen":"2025-08-24T17:54:11.393Z","linkquality":216,"power":0,"power_factor":100,"produced_energy":0,"voltage":231}'
[2025-08-24 19:54:13] info: 	z2m:mqtt: MQTT publish: topic 'zigbee2mqtt/prise horloge (IKEA)', payload '{"current":0.004,"energy":1.24,"identify":null,"last_seen":"2025-08-24T17:54:13.810Z","linkquality":255,"power":0.2,"power_on_behavior":"previous","state":"ON","update":{"installed_version":33816645,"latest_version":33816645,"state":"idle"},"voltage":236}'
[2025-08-24 19:54:15] info: 	z2m:mqtt: MQTT publish: topic 'zigbee2mqtt/Four et Plaque de Cuisson', payload '{"ac_frequency":49.92,"current":0,"data_report_duration":60,"energy":60,"last_seen":"2025-08-24T17:54:15.517Z","linkquality":216,"power":0,"power_factor":100,"produced_energy":0,"voltage":231}'
[2025-08-24 19:54:15] info: 	z2m:mqtt: MQTT publish: topic 'zigbee2mqtt/Four et Plaque de Cuisson', payload '{"ac_frequency":49.92,"current":0,"data_report_duration":60,"energy":60,"last_seen":"2025-08-24T17:54:15.562Z","linkquality":216,"power":0,"power_factor":100,"produced_energy":0,"voltage":231}'
[2025-08-24 19:54:15] info: 	z2m:mqtt: MQTT publish: topic 'zigbee2mqtt/Four et Plaque de Cuisson', payload '{"ac_frequency":49.92,"current":0,"data_report_duration":60,"energy":60,"last_seen":"2025-08-24T17:54:15.611Z","linkquality":216,"power":0,"power_factor":100,"produced_energy":0,"voltage":231}'
[2025-08-24 19:54:15] info: 	z2m:mqtt: MQTT publish: topic 'zigbee2mqtt/Four et Plaque de Cuisson', payload '{"ac_frequency":49.92,"current":0,"data_report_duration":60,"energy":60,"last_seen":"2025-08-24T17:54:15.660Z","linkquality":216,"power":0,"power_factor":100,"produced_energy":0,"voltage":231}'
[2025-08-24 19:54:15] info: 	z2m:mqtt: MQTT publish: topic 'zigbee2mqtt/Four et Plaque de Cuisson', payload '{"ac_frequency":49.92,"current":0,"data_report_duration":60,"energy":60,"last_seen":"2025-08-24T17:54:15.710Z","linkquality":216,"power":0,"power_factor":100,"produced_energy":0,"voltage":231}'
[2025-08-24 19:54:15] info: 	z2m:mqtt: MQTT publish: topic 'zigbee2mqtt/Four et Plaque de Cuisson', payload '{"ac_frequency":49.92,"current":0,"data_report_duration":60,"energy":60,"last_seen":"2025-08-24T17:54:15.757Z","linkquality":216,"power":0,"power_factor":100,"produced_energy":0,"voltage":231}'
[2025-08-24 19:54:15] info: 	z2m:mqtt: MQTT publish: topic 'zigbee2mqtt/Four et Plaque de Cuisson', payload '{"ac_frequency":49.92,"current":0,"data_report_duration":60,"energy":60,"last_seen":"2025-08-24T17:54:15.807Z","linkquality":216,"power":0,"power_factor":100,"produced_energy":0,"voltage":231}'
[2025-08-24 19:54:15] info: 	z2m:mqtt: MQTT publish: topic 'zigbee2mqtt/Four et Plaque de Cuisson', payload '{"ac_frequency":49.92,"current":0,"data_report_duration":60,"energy":60,"last_seen":"2025-08-24T17:54:15.857Z","linkquality":216,"power":0,"power_factor":100,"produced_energy":0,"voltage":231}'
[2025-08-24 19:54:16] info: 	z2m:mqtt: MQTT publish: topic 'zigbee2mqtt/prise bureau pc (IKEA)', payload '{"current":1,"energy":615.26,"identify":null,"last_seen":"2025-08-24T17:54:16.986Z","linkquality":255,"power":184.4,"power_on_behavior":"previous","state":"ON","update":{"installed_version":33816645,"latest_version":33816645,"state":"idle"},"voltage":229.8}'
[2025-08-24 19:54:17] info: 	z2m:mqtt: MQTT publish: topic 'zigbee2mqtt/prise mini pc (IKEA)', payload '{"current":0.07,"energy":5.86,"identify":null,"last_seen":"2025-08-24T17:54:17.006Z","linkquality":255,"power":14.9,"power_on_behavior":"previous","state":"ON","update":{"installed_version":33816645,"latest_version":33816645,"state":"idle"},"voltage":226.3}'
[2025-08-24 19:54:17] info: 	z2m:mqtt: MQTT publish: topic 'zigbee2mqtt/prise congelateur cuisine (NOUS)', payload '{"child_lock":"LOCK","countdown":0,"current":0.21,"energy":186.78,"indicator_mode":"on","last_seen":"2025-08-24T17:54:17.143Z","linkquality":124,"power":30,"power_outage_memory":"on","state":"ON","update":{"installed_version":192,"latest_version":192,"state":"idle"},"voltage":227}'
[2025-08-24 19:54:17] info: 	z2m:mqtt: MQTT publish: topic 'zigbee2mqtt/prise pc's gege (IKEA)', payload '{"current":0.67,"energy":310.05,"identify":null,"last_seen":"2025-08-24T17:54:17.184Z","linkquality":168,"power":117.8,"power_on_behavior":"on","state":"ON","update":{"installed_version":33816645,"latest_version":33816645,"state":"idle"},"voltage":229.6}'
[2025-08-24 19:54:17] info: 	z2m:mqtt: MQTT publish: topic 'zigbee2mqtt/Th Salon', payload '{"battery":40,"comfort_humidity_max":55,"comfort_humidity_min":40,"comfort_temperature_max":25,"comfort_temperature_min":21,"humidity":59.6,"humidity_calibration":0,"last_seen":"2025-08-24T17:54:17.347Z","linkquality":164,"temperature":26.7,"temperature_calibration":0,"temperature_units":"celsius","update":{"installed_version":8960,"latest_version":8960,"state":"idle"}}'
[2025-08-24 19:54:17] info: 	z2m:mqtt: MQTT publish: topic 'zigbee2mqtt/prise mini pc (IKEA)', payload '{"current":0.07,"energy":5.86,"identify":null,"last_seen":"2025-08-24T17:54:17.445Z","linkquality":255,"power":7.8,"power_on_behavior":"previous","state":"ON","update":{"installed_version":33816645,"latest_version":33816645,"state":"idle"},"voltage":226.3}'
[2025-08-24 19:54:17] info: 	z2m:mqtt: MQTT publish: topic 'zigbee2mqtt/prise bureau pc (IKEA)', payload '{"current":1,"energy":615.26,"identify":null,"last_seen":"2025-08-24T17:54:17.451Z","linkquality":255,"power":177.5,"power_on_behavior":"previous","state":"ON","update":{"installed_version":33816645,"latest_version":33816645,"state":"idle"},"voltage":229.8}'
[2025-08-24 19:54:17] info: 	z2m:mqtt: MQTT publish: topic 'zigbee2mqtt/contact fenetre chambre (IKEA)', payload '{"battery":100,"contact":false,"identify":null,"last_seen":"2025-08-24T17:54:17.686Z","linkquality":152,"update":{"installed_version":16777241,"latest_version":16777241,"state":"idle"},"voltage":1500}'
[2025-08-24 19:54:17] info: 	z2m:mqtt: MQTT publish: topic 'zigbee2mqtt/contact fenetre chambre (IKEA)', payload '{"battery":100,"contact":false,"identify":null,"last_seen":"2025-08-24T17:54:17.686Z","linkquality":152,"update":{"installed_version":16777241,"latest_version":16777241,"state":"idle"},"voltage":1500}'
[2025-08-24 19:54:21] info: 	z2m:mqtt: MQTT publish: topic 'zigbee2mqtt/qualite air chambre (IKEA)', payload '{"humidity":65,"identify":null,"last_seen":"2025-08-24T17:54:21.360Z","linkquality":200,"pm25":46,"temperature":27,"update":{"installed_version":16777233,"latest_version":16777233,"state":"idle"},"voc_index":338}'
[2025-08-24 19:54:21] info: 	z2m:mqtt: MQTT publish: topic 'zigbee2mqtt/qualite air chambre (IKEA)', payload '{"humidity":65,"identify":null,"last_seen":"2025-08-24T17:54:21.406Z","linkquality":200,"pm25":46,"temperature":27,"update":{"installed_version":16777233,"latest_version":16777233,"state":"idle"},"voc_index":337}'
[2025-08-24 19:54:21] info: 	z2m:mqtt: MQTT publish: topic 'zigbee2mqtt/prise box internet (IKEA)', payload '{"current":0.12,"energy":86.62,"identify":null,"last_seen":"2025-08-24T17:54:21.684Z","linkquality":148,"power":13,"power_on_behavior":"previous","state":"ON","update":{"installed_version":33816645,"latest_version":33816645,"state":"idle"},"voltage":228.7}'
[2025-08-24 19:54:22] info: 	z2m:mqtt: MQTT publish: topic 'zigbee2mqtt/prise tete de lit chambre', payload '{"current":0,"energy":25.58,"identify":null,"last_seen":"2025-08-24T17:54:22.504Z","linkquality":196,"power":0,"power_on_behavior":"on","state":"OFF","update":{"installed_version":33816645,"latest_version":33816645,"state":"idle"},"voltage":236.4}'
[2025-08-24 19:54:22] info: 	z2m:mqtt: MQTT publish: topic 'zigbee2mqtt/prise pc's gege (IKEA)', payload '{"current":0.67,"energy":310.05,"identify":null,"last_seen":"2025-08-24T17:54:22.748Z","linkquality":168,"power":117.8,"power_on_behavior":"on","state":"ON","update":{"installed_version":33816645,"latest_version":33816645,"state":"idle"},"voltage":229.1}'
[2025-08-24 19:54:23] info: 	z2m:mqtt: MQTT publish: topic 'zigbee2mqtt/prise bureau pc (IKEA)', payload '{"current":1,"energy":615.26,"identify":null,"last_seen":"2025-08-24T17:54:23.459Z","linkquality":255,"power":177.5,"power_on_behavior":"previous","state":"ON","update":{"installed_version":33816645,"latest_version":33816645,"state":"idle"},"voltage":229.2}'
[2025-08-24 19:54:23] info: 	z2m:mqtt: MQTT publish: topic 'zigbee2mqtt/prise horloge (IKEA)', payload '{"current":0.004,"energy":1.24,"identify":null,"last_seen":"2025-08-24T17:54:23.746Z","linkquality":255,"power":0.2,"power_on_behavior":"previous","state":"ON","update":{"installed_version":33816645,"latest_version":33816645,"state":"idle"},"voltage":235.5}'
[2025-08-24 19:54:27] info: 	z2m:mqtt: MQTT publish: topic 'zigbee2mqtt/prise pc's gege (IKEA)', payload '{"current":0.67,"energy":310.05,"identify":null,"last_seen":"2025-08-24T17:54:27.147Z","linkquality":168,"power":122.8,"power_on_behavior":"on","state":"ON","update":{"installed_version":33816645,"latest_version":33816645,"state":"idle"},"voltage":229.1}'
[2025-08-24 19:54:36] info: 	z2m:mqtt: MQTT publish: topic 'zigbee2mqtt/prise mini pc (IKEA)', payload '{"current":0.13,"energy":5.86,"identify":null,"last_seen":"2025-08-24T17:54:36.599Z","linkquality":255,"power":7.8,"power_on_behavior":"previous","state":"ON","update":{"installed_version":33816645,"latest_version":33816645,"state":"idle"},"voltage":226.3}'
[2025-08-24 19:54:36] info: 	z2m:mqtt: MQTT publish: topic 'zigbee2mqtt/prise bureau pc (IKEA)', payload '{"current":1.07,"energy":615.26,"identify":null,"last_seen":"2025-08-24T17:54:36.634Z","linkquality":255,"power":177.5,"power_on_behavior":"previous","state":"ON","update":{"installed_version":33816645,"latest_version":33816645,"state":"idle"},"voltage":229.2}'
[2025-08-24 19:54:37] info: 	z2m:mqtt: MQTT publish: topic 'zigbee2mqtt/prise mini pc (IKEA)', payload '{"current":0.13,"energy":5.86,"identify":null,"last_seen":"2025-08-24T17:54:37.065Z","linkquality":255,"power":17.1,"power_on_behavior":"previous","state":"ON","update":{"installed_version":33816645,"latest_version":33816645,"state":"idle"},"voltage":226.3}'
[2025-08-24 19:54:37] info: 	z2m:mqtt: MQTT publish: topic 'zigbee2mqtt/prise bureau pc (IKEA)', payload '{"current":1.07,"energy":615.26,"identify":null,"last_seen":"2025-08-24T17:54:37.101Z","linkquality":255,"power":188.1,"power_on_behavior":"previous","state":"ON","update":{"installed_version":33816645,"latest_version":33816645,"state":"idle"},"voltage":229.2}'
[2025-08-24 19:54:37] info: 	z2m:mqtt: MQTT publish: topic 'zigbee2mqtt/prise pc's gege (IKEA)', payload '{"current":0.67,"energy":310.05,"identify":null,"last_seen":"2025-08-24T17:54:37.158Z","linkquality":168,"power":120.8,"power_on_behavior":"on","state":"ON","update":{"installed_version":33816645,"latest_version":33816645,"state":"idle"},"voltage":229.1}'
[2025-08-24 19:54:37] info: 	z2m:mqtt: MQTT publish: topic 'zigbee2mqtt/prise box internet (IKEA)', payload '{"current":0.12,"energy":86.62,"identify":null,"last_seen":"2025-08-24T17:54:37.907Z","linkquality":148,"power":13,"power_on_behavior":"previous","state":"ON","update":{"installed_version":33816645,"latest_version":33816645,"state":"idle"},"voltage":228.2}'
[2025-08-24 19:54:39] info: 	z2m:mqtt: MQTT publish: topic 'zigbee2mqtt/qualite air bureau (IKEA)', payload '{"humidity":65,"identify":null,"last_seen":"2025-08-24T17:54:39.924Z","linkquality":224,"pm25":22,"temperature":27,"update":{"installed_version":16777233,"latest_version":16777233,"state":"idle"},"voc_index":313}'
[2025-08-24 19:54:39] info: 	z2m:mqtt: MQTT publish: topic 'zigbee2mqtt/qualite air bureau (IKEA)', payload '{"humidity":65,"identify":null,"last_seen":"2025-08-24T17:54:39.972Z","linkquality":224,"pm25":22,"temperature":27,"update":{"installed_version":16777233,"latest_version":16777233,"state":"idle"},"voc_index":314}'
[2025-08-24 19:54:40] info: 	z2m:mqtt: MQTT publish: topic 'zigbee2mqtt/qualite air chambre (IKEA)', payload '{"humidity":64,"identify":null,"last_seen":"2025-08-24T17:54:40.066Z","linkquality":200,"pm25":46,"temperature":27,"update":{"installed_version":16777233,"latest_version":16777233,"state":"idle"},"voc_index":337}'
[2025-08-24 19:54:46] info: 	z2m:mqtt: MQTT publish: topic 'zigbee2mqtt/prise lave linge (NOUS)', payload '{"child_lock":"LOCK","countdown":0,"current":0,"energy":100.64,"indicator_mode":"on","last_seen":"2025-08-24T17:54:46.334Z","linkquality":188,"power":0,"power_outage_memory":"on","state":"ON","update":{"installed_version":192,"latest_version":192,"state":"idle"},"voltage":229}'
[2025-08-24 19:54:46] info: 	z2m:mqtt: MQTT publish: topic 'zigbee2mqtt/prise mini pc (IKEA)', payload '{"current":0.08,"energy":5.86,"identify":null,"last_seen":"2025-08-24T17:54:46.565Z","linkquality":255,"power":17.1,"power_on_behavior":"previous","state":"ON","update":{"installed_version":33816645,"latest_version":33816645,"state":"idle"},"voltage":226.3}'
[2025-08-24 19:54:46] info: 	z2m:mqtt: MQTT publish: topic 'zigbee2mqtt/prise bureau pc (IKEA)', payload '{"current":1.02,"energy":615.26,"identify":null,"last_seen":"2025-08-24T17:54:46.604Z","linkquality":255,"power":188.1,"power_on_behavior":"previous","state":"ON","update":{"installed_version":33816645,"latest_version":33816645,"state":"idle"},"voltage":229.2}'
[2025-08-24 19:54:47] info: 	z2m:mqtt: MQTT publish: topic 'zigbee2mqtt/prise mini pc (IKEA)', payload '{"current":0.08,"energy":5.86,"identify":null,"last_seen":"2025-08-24T17:54:47.033Z","linkquality":255,"power":7.3,"power_on_behavior":"previous","state":"ON","update":{"installed_version":33816645,"latest_version":33816645,"state":"idle"},"voltage":226.3}'
[2025-08-24 19:54:47] info: 	z2m:mqtt: MQTT publish: topic 'zigbee2mqtt/prise bureau pc (IKEA)', payload '{"current":1.02,"energy":615.26,"identify":null,"last_seen":"2025-08-24T17:54:47.068Z","linkquality":255,"power":177.2,"power_on_behavior":"previous","state":"ON","update":{"installed_version":33816645,"latest_version":33816645,"state":"idle"},"voltage":229.2}'
[2025-08-24 19:54:47] info: 	z2m:mqtt: MQTT publish: topic 'zigbee2mqtt/prise pc's gege (IKEA)', payload '{"current":0.67,"energy":310.05,"identify":null,"last_seen":"2025-08-24T17:54:47.169Z","linkquality":168,"power":120.2,"power_on_behavior":"on","state":"ON","update":{"installed_version":33816645,"latest_version":33816645,"state":"idle"},"voltage":229.1}'
[2025-08-24 19:54:49] info: 	z2m:mqtt: MQTT publish: topic 'zigbee2mqtt/qualite air bureau (IKEA)', payload '{"humidity":64,"identify":null,"last_seen":"2025-08-24T17:54:49.393Z","linkquality":224,"pm25":22,"temperature":27,"update":{"installed_version":16777233,"latest_version":16777233,"state":"idle"},"voc_index":314}'
[2025-08-24 19:54:50] info: 	z2m:mqtt: MQTT publish: topic 'zigbee2mqtt/qualite air chambre (IKEA)', payload '{"humidity":65,"identify":null,"last_seen":"2025-08-24T17:54:50.036Z","linkquality":200,"pm25":46,"temperature":27,"update":{"installed_version":16777233,"latest_version":16777233,"state":"idle"},"voc_index":337}'
[2025-08-24 19:54:51] info: 	z2m:mqtt: MQTT publish: topic 'zigbee2mqtt/prise salon chargeur (NOUS)', payload '{"child_lock":"UNLOCK","countdown":0,"current":0.05,"energy":37.11,"indicator_mode":"off","last_seen":"2025-08-24T17:54:51.170Z","linkquality":176,"power":5,"power_outage_memory":"on","state":"ON","update":{"installed_version":192,"latest_version":192,"state":"idle"},"voltage":228}'
[2025-08-24 19:54:56] info: 	z2m:mqtt: MQTT publish: topic 'zigbee2mqtt/prise horloge (IKEA)', payload '{"current":0.004,"energy":1.24,"identify":null,"last_seen":"2025-08-24T17:54:56.191Z","linkquality":255,"power":0.2,"power_on_behavior":"previous","state":"ON","update":{"installed_version":33816645,"latest_version":33816645,"state":"idle"},"voltage":235}'
[2025-08-24 19:54:56] info: 	z2m:mqtt: MQTT publish: topic 'zigbee2mqtt/prise pc's gege (IKEA)', payload '{"current":0.67,"energy":310.05,"identify":null,"last_seen":"2025-08-24T17:54:56.872Z","linkquality":168,"power":120.2,"power_on_behavior":"on","state":"ON","update":{"installed_version":33816645,"latest_version":33816645,"state":"idle"},"voltage":228.6}'
[2025-08-24 19:54:58] info: 	z2m:mqtt: MQTT publish: topic 'zigbee2mqtt/prise pc's gege (IKEA)', payload '{"current":0.67,"energy":310.05,"identify":null,"last_seen":"2025-08-24T17:54:58.685Z","linkquality":168,"power":117.7,"power_on_behavior":"on","state":"ON","update":{"installed_version":33816645,"latest_version":33816645,"state":"idle"},"voltage":228.6}'
[2025-08-24 19:54:59] info: 	z2m:mqtt: MQTT publish: topic 'zigbee2mqtt/qualite air salon (IKEA)', payload '{"humidity":64,"identify":null,"last_seen":"2025-08-24T17:54:59.785Z","linkquality":160,"pm25":10,"temperature":27,"update":{"installed_version":16777233,"latest_version":16777233,"state":"idle"},"voc_index":296}'
[2025-08-24 19:54:59] info: 	z2m:mqtt: MQTT publish: topic 'zigbee2mqtt/qualite air salon (IKEA)', payload '{"humidity":64,"identify":null,"last_seen":"2025-08-24T17:54:59.796Z","linkquality":156,"pm25":10,"temperature":27,"update":{"installed_version":16777233,"latest_version":16777233,"state":"idle"},"voc_index":283}'
[2025-08-24 19:55:00] info: 	z2m:mqtt: MQTT publish: topic 'zigbee2mqtt/prise tete de lit chambre', payload '{"current":0,"energy":25.58,"identify":null,"last_seen":"2025-08-24T17:55:00.924Z","linkquality":196,"power":0,"power_on_behavior":"on","state":"OFF","update":{"installed_version":33816645,"latest_version":33816645,"state":"idle"},"voltage":235.9}'
[2025-08-24 19:55:01] info: 	z2m:mqtt: MQTT publish: topic 'zigbee2mqtt/prise bureau pc (IKEA)', payload '{"current":1.02,"energy":615.26,"identify":null,"last_seen":"2025-08-24T17:55:01.920Z","linkquality":255,"power":177.2,"power_on_behavior":"previous","state":"ON","update":{"installed_version":33816645,"latest_version":33816645,"state":"idle"},"voltage":228.7}'
[2025-08-24 19:55:03] info: 	z2m:mqtt: MQTT publish: topic 'zigbee2mqtt/Clim Chambre (NOUS)', payload '{"child_lock":"LOCK","countdown":0,"current":0,"energy":392.86,"indicator_mode":"on","last_seen":"2025-08-24T17:55:03.320Z","linkquality":160,"power":0,"power_outage_memory":"restore","state":"OFF","update":{"installed_version":192,"latest_version":192,"state":"idle"},"voltage":227}'
[2025-08-24 19:55:03] info: 	z2m:mqtt: MQTT publish: topic 'zigbee2mqtt/Clim Chambre (NOUS)', payload '{"child_lock":"LOCK","countdown":0,"current":0,"energy":392.86,"indicator_mode":"on","last_seen":"2025-08-24T17:55:03.363Z","linkquality":160,"power":0,"power_outage_memory":"restore","state":"OFF","update":{"installed_version":192,"latest_version":192,"state":"idle"},"voltage":228}'
[2025-08-24 19:55:03] info: 	z2m:mqtt: MQTT publish: topic 'zigbee2mqtt/qualite air bureau (IKEA)', payload '{"humidity":65,"identify":null,"last_seen":"2025-08-24T17:55:03.657Z","linkquality":224,"pm25":22,"temperature":27,"update":{"installed_version":16777233,"latest_version":16777233,"state":"idle"},"voc_index":314}'
[2025-08-24 19:55:06] info: 	z2m:mqtt: MQTT publish: topic 'zigbee2mqtt/prise bureau pc (IKEA)', payload '{"current":1.02,"energy":615.26,"identify":null,"last_seen":"2025-08-24T17:55:06.689Z","linkquality":255,"power":184.5,"power_on_behavior":"previous","state":"ON","update":{"installed_version":33816645,"latest_version":33816645,"state":"idle"},"voltage":228.7}'
[2025-08-24 19:55:08] info: 	z2m:mqtt: MQTT publish: topic 'zigbee2mqtt/prise pc's gege (IKEA)', payload '{"current":0.67,"energy":310.05,"identify":null,"last_seen":"2025-08-24T17:55:08.686Z","linkquality":168,"power":120.3,"power_on_behavior":"on","state":"ON","update":{"installed_version":33816645,"latest_version":33816645,"state":"idle"},"voltage":228.6}'
[2025-08-24 19:55:08] info: 	z2m:mqtt: MQTT publish: topic 'zigbee2mqtt/prise box internet (IKEA)', payload '{"current":0.12,"energy":86.62,"identify":null,"last_seen":"2025-08-24T17:55:08.968Z","linkquality":148,"power":13,"power_on_behavior":"previous","state":"ON","update":{"installed_version":33816645,"latest_version":33816645,"state":"idle"},"voltage":227.7}'
[2025-08-24 19:55:10] info: 	z2m:mqtt: MQTT publish: topic 'zigbee2mqtt/Radiateur élec cuisine ', payload '{"current":0,"energy":98.99,"last_seen":"2025-08-24T17:55:10.334Z","linkquality":196,"power":0,"power_outage_memory":"restore","state":"OFF","switch_type":"state","update":{"installed_version":72,"latest_version":72,"state":"idle"},"voltage":231}'
[2025-08-24 19:55:12] info: 	z2m:mqtt: MQTT publish: topic 'zigbee2mqtt/prise horloge (IKEA)', payload '{"current":0.004,"energy":1.24,"identify":null,"last_seen":"2025-08-24T17:55:12.768Z","linkquality":255,"power":0.2,"power_on_behavior":"previous","state":"ON","update":{"installed_version":33816645,"latest_version":33816645,"state":"idle"},"voltage":234.5}'
[2025-08-24 19:55:12] info: 	z2m:mqtt: MQTT publish: topic 'zigbee2mqtt/prise tete de lit chambre', payload '{"current":0,"energy":25.58,"identify":null,"last_seen":"2025-08-24T17:55:12.853Z","linkquality":196,"power":0,"power_on_behavior":"on","state":"OFF","update":{"installed_version":33816645,"latest_version":33816645,"state":"idle"},"voltage":235.4}'
[2025-08-24 19:55:13] info: 	z2m:mqtt: MQTT publish: topic 'zigbee2mqtt/prise pc's gege (IKEA)', payload '{"current":0.67,"energy":310.05,"identify":null,"last_seen":"2025-08-24T17:55:13.281Z","linkquality":168,"power":120.3,"power_on_behavior":"on","state":"ON","update":{"installed_version":33816645,"latest_version":33816645,"state":"idle"},"voltage":228}'
[2025-08-24 19:55:13] info: 	z2m:mqtt: MQTT publish: topic 'zigbee2mqtt/qualite air bureau (IKEA)', payload '{"humidity":64,"identify":null,"last_seen":"2025-08-24T17:55:13.680Z","linkquality":224,"pm25":22,"temperature":27,"update":{"installed_version":16777233,"latest_version":16777233,"state":"idle"},"voc_index":314}'
[2025-08-24 19:55:13] info: 	z2m:mqtt: MQTT publish: topic 'zigbee2mqtt/prise bureau pc (IKEA)', payload '{"current":1.02,"energy":615.26,"identify":null,"last_seen":"2025-08-24T17:55:13.864Z","linkquality":255,"power":184.5,"power_on_behavior":"previous","state":"ON","update":{"installed_version":33816645,"latest_version":33816645,"state":"idle"},"voltage":228.2}'
[2025-08-24 19:55:14] info: 	z2m:mqtt: MQTT publish: topic 'zigbee2mqtt/Clim Chambre (NOUS)', payload '{"child_lock":"LOCK","countdown":0,"current":0,"energy":392.86,"indicator_mode":"on","last_seen":"2025-08-24T17:55:03.363Z","linkquality":160,"power":0,"power_outage_memory":"restore","state":"OFF","update":{"installed_version":192,"latest_version":192,"state":"idle"},"voltage":228}'
[2025-08-24 19:55:14] info: 	z2m:mqtt: MQTT publish: topic 'zigbee2mqtt/Clim Chambre (NOUS)', payload '{"child_lock":"LOCK","countdown":0,"current":0,"energy":392.86,"indicator_mode":"on","last_seen":"2025-08-24T17:55:03.363Z","linkquality":160,"power":0,"power_outage_memory":"restore","state":"OFF","update":{"installed_version":192,"latest_version":192,"state":"idle"},"voltage":228}'
[2025-08-24 19:55:15] info: 	z2m:mqtt: MQTT publish: topic 'zigbee2mqtt/Four et Plaque de Cuisson', payload '{"ac_frequency":49.92,"current":0,"data_report_duration":60,"energy":60,"last_seen":"2025-08-24T17:55:15.379Z","linkquality":216,"power":0,"power_factor":100,"produced_energy":0,"voltage":231}'
[2025-08-24 19:55:15] info: 	z2m:mqtt: MQTT publish: topic 'zigbee2mqtt/Four et Plaque de Cuisson', payload '{"ac_frequency":49.92,"current":0,"data_report_duration":60,"energy":60,"last_seen":"2025-08-24T17:55:15.427Z","linkquality":216,"power":0,"power_factor":100,"produced_energy":0,"voltage":231}'
[2025-08-24 19:55:15] info: 	z2m:mqtt: MQTT publish: topic 'zigbee2mqtt/Four et Plaque de Cuisson', payload '{"ac_frequency":49.92,"current":0,"data_report_duration":60,"energy":60,"last_seen":"2025-08-24T17:55:15.481Z","linkquality":216,"power":0,"power_factor":100,"produced_energy":0,"voltage":231}'
[2025-08-24 19:55:15] info: 	z2m:mqtt: MQTT publish: topic 'zigbee2mqtt/Four et Plaque de Cuisson', payload '{"ac_frequency":49.92,"current":0,"data_report_duration":60,"energy":60,"last_seen":"2025-08-24T17:55:15.529Z","linkquality":216,"power":0,"power_factor":100,"produced_energy":0,"voltage":231}'
[2025-08-24 19:55:15] info: 	z2m:mqtt: MQTT publish: topic 'zigbee2mqtt/Four et Plaque de Cuisson', payload '{"ac_frequency":49.92,"current":0,"data_report_duration":60,"energy":60,"last_seen":"2025-08-24T17:55:15.577Z","linkquality":216,"power":0,"power_factor":100,"produced_energy":0,"voltage":231}'
[2025-08-24 19:55:15] info: 	z2m:mqtt: MQTT publish: topic 'zigbee2mqtt/Four et Plaque de Cuisson', payload '{"ac_frequency":49.92,"current":0,"data_report_duration":60,"energy":60,"last_seen":"2025-08-24T17:55:15.627Z","linkquality":216,"power":0,"power_factor":100,"produced_energy":0,"voltage":229}'
[2025-08-24 19:55:15] info: 	z2m:mqtt: MQTT publish: topic 'zigbee2mqtt/Four et Plaque de Cuisson', payload '{"ac_frequency":49.92,"current":0,"data_report_duration":60,"energy":60,"last_seen":"2025-08-24T17:55:15.673Z","linkquality":216,"power":0,"power_factor":100,"produced_energy":0,"voltage":229}'
[2025-08-24 19:55:15] info: 	z2m:mqtt: MQTT publish: topic 'zigbee2mqtt/Four et Plaque de Cuisson', payload '{"ac_frequency":49.92,"current":0,"data_report_duration":60,"energy":60,"last_seen":"2025-08-24T17:55:15.719Z","linkquality":216,"power":0,"power_factor":100,"produced_energy":0,"voltage":229}'
[2025-08-24 19:55:16] info: 	z2m:mqtt: MQTT publish: topic 'zigbee2mqtt/prise bureau pc (IKEA)', payload '{"current":1.02,"energy":615.26,"identify":null,"last_seen":"2025-08-24T17:55:16.689Z","linkquality":255,"power":176.7,"power_on_behavior":"previous","state":"ON","update":{"installed_version":33816645,"latest_version":33816645,"state":"idle"},"voltage":228.2}'
[2025-08-24 19:55:17] info: 	z2m:mqtt: MQTT publish: topic 'zigbee2mqtt/qualite air salon (IKEA)', payload '{"humidity":65,"identify":null,"last_seen":"2025-08-24T17:55:17.125Z","linkquality":168,"pm25":10,"temperature":27,"update":{"installed_version":16777233,"latest_version":16777233,"state":"idle"},"voc_index":283}'
[2025-08-24 19:55:19] info: 	z2m:mqtt: MQTT publish: topic 'zigbee2mqtt/prise box internet (IKEA)', payload '{"current":0.12,"energy":86.62,"identify":null,"last_seen":"2025-08-24T17:55:19.433Z","linkquality":148,"power":13,"power_on_behavior":"previous","state":"ON","update":{"installed_version":33816645,"latest_version":33816645,"state":"idle"},"voltage":227.2}'
[2025-08-24 19:55:22] info: 	z2m:mqtt: MQTT publish: topic 'zigbee2mqtt/prise horloge (IKEA)', payload '{"current":0.004,"energy":1.24,"identify":null,"last_seen":"2025-08-24T17:55:22.674Z","linkquality":255,"power":0.2,"power_on_behavior":"previous","state":"ON","update":{"installed_version":33816645,"latest_version":33816645,"state":"idle"},"voltage":234.1}'
[2025-08-24 19:55:23] info: 	z2m:mqtt: MQTT publish: topic 'zigbee2mqtt/qualite air bureau (IKEA)', payload '{"humidity":63,"identify":null,"last_seen":"2025-08-24T17:55:23.610Z","linkquality":224,"pm25":22,"temperature":27,"update":{"installed_version":16777233,"latest_version":16777233,"state":"idle"},"voc_index":314}'
[2025-08-24 19:55:23] info: 	z2m:mqtt: MQTT publish: topic 'zigbee2mqtt/prise pc's gege (IKEA)', payload '{"current":0.67,"energy":310.05,"identify":null,"last_seen":"2025-08-24T17:55:23.944Z","linkquality":168,"power":117.6,"power_on_behavior":"on","state":"ON","update":{"installed_version":33816645,"latest_version":33816645,"state":"idle"},"voltage":228}'
[2025-08-24 19:55:26] info: 	z2m:mqtt: MQTT publish: topic 'zigbee2mqtt/prise bureau pc (IKEA)', payload '{"current":1.02,"energy":615.26,"identify":null,"last_seen":"2025-08-24T17:55:26.646Z","linkquality":255,"power":179.7,"power_on_behavior":"previous","state":"ON","update":{"installed_version":33816645,"latest_version":33816645,"state":"idle"},"voltage":228.2}'
[2025-08-24 19:55:27] info: 	z2m:mqtt: MQTT publish: topic 'zigbee2mqtt/qualite air salon (IKEA)', payload '{"humidity":64,"identify":null,"last_seen":"2025-08-24T17:55:27.046Z","linkquality":164,"pm25":10,"temperature":27,"update":{"installed_version":16777233,"latest_version":16777233,"state":"idle"},"voc_index":283}'
[2025-08-24 19:55:29] info: 	z2m:mqtt: MQTT publish: topic 'zigbee2mqtt/prise box internet (IKEA)', payload '{"current":0.12,"energy":86.62,"identify":null,"last_seen":"2025-08-24T17:55:29.334Z","linkquality":148,"power":13,"power_on_behavior":"previous","state":"ON","update":{"installed_version":33816645,"latest_version":33816645,"state":"idle"},"voltage":227.7}'
[2025-08-24 19:55:30] info: 	z2m:mqtt: MQTT publish: topic 'zigbee2mqtt/Clim Chambre (NOUS)', payload '{"child_lock":"LOCK","countdown":0,"current":0,"energy":392.86,"indicator_mode":"on","last_seen":"2025-08-24T17:55:30.367Z","linkquality":160,"power":0,"power_outage_memory":"restore","state":"OFF","update":{"installed_version":192,"latest_version":192,"state":"idle"},"voltage":228}'
[2025-08-24 19:55:32] info: 	z2m:mqtt: MQTT publish: topic 'zigbee2mqtt/prise horloge (IKEA)', payload '{"current":0.004,"energy":1.24,"identify":null,"last_seen":"2025-08-24T17:55:32.653Z","linkquality":255,"power":0.2,"power_on_behavior":"previous","state":"ON","update":{"installed_version":33816645,"latest_version":33816645,"state":"idle"},"voltage":234.7}'
[2025-08-24 19:55:33] info: 	z2m:mqtt: MQTT publish: topic 'zigbee2mqtt/qualite air bureau (IKEA)', payload '{"humidity":64,"identify":null,"last_seen":"2025-08-24T17:55:33.586Z","linkquality":224,"pm25":22,"temperature":27,"update":{"installed_version":16777233,"latest_version":16777233,"state":"idle"},"voc_index":314}'
[2025-08-24 19:55:35] info: 	z2m:mqtt: MQTT publish: topic 'zigbee2mqtt/qualite air chambre (IKEA)', payload '{"humidity":64,"identify":null,"last_seen":"2025-08-24T17:55:35.090Z","linkquality":200,"pm25":46,"temperature":27,"update":{"installed_version":16777233,"latest_version":16777233,"state":"idle"},"voc_index":337}'
[2025-08-24 19:55:36] info: 	z2m:mqtt: MQTT publish: topic 'zigbee2mqtt/prise bureau pc (IKEA)', payload '{"current":1.02,"energy":615.26,"identify":null,"last_seen":"2025-08-24T17:55:36.602Z","linkquality":255,"power":176.6,"power_on_behavior":"previous","state":"ON","update":{"installed_version":33816645,"latest_version":33816645,"state":"idle"},"voltage":228.2}'
[2025-08-24 19:55:37] info: 	z2m:mqtt: MQTT publish: topic 'zigbee2mqtt/prise mini pc (IKEA)', payload '{"current":0.14,"energy":5.86,"identify":null,"last_seen":"2025-08-24T17:55:37.252Z","linkquality":255,"power":7.3,"power_on_behavior":"previous","state":"ON","update":{"installed_version":33816645,"latest_version":33816645,"state":"idle"},"voltage":226.3}'
[2025-08-24 19:55:37] info: 	z2m:mqtt: MQTT publish: topic 'zigbee2mqtt/prise bureau pc (IKEA)', payload '{"current":1.07,"energy":615.26,"identify":null,"last_seen":"2025-08-24T17:55:37.322Z","linkquality":255,"power":176.6,"power_on_behavior":"previous","state":"ON","update":{"installed_version":33816645,"latest_version":33816645,"state":"idle"},"voltage":228.2}'
[2025-08-24 19:55:37] info: 	z2m:mqtt: MQTT publish: topic 'zigbee2mqtt/prise mini pc (IKEA)', payload '{"current":0.14,"energy":5.86,"identify":null,"last_seen":"2025-08-24T17:55:37.659Z","linkquality":255,"power":15.1,"power_on_behavior":"previous","state":"ON","update":{"installed_version":33816645,"latest_version":33816645,"state":"idle"},"voltage":226.3}'
[2025-08-24 19:55:41] info: 	z2m:mqtt: MQTT publish: topic 'zigbee2mqtt/Prise Radiateur Salle de Bain (NOUS)', payload '{"child_lock":"LOCK","countdown":0,"current":0,"energy":0.27,"indicator_mode":"off/on","last_seen":"2025-08-24T17:55:41.488Z","linkquality":152,"power":0,"power_outage_memory":"restore","state":"OFF","update":{"installed_version":192,"latest_version":192,"state":"idle"},"voltage":229}'
[2025-08-24 19:55:43] info: 	z2m:mqtt: MQTT publish: topic 'zigbee2mqtt/prise pc's gege (IKEA)', payload '{"current":0.67,"energy":310.05,"identify":null,"last_seen":"2025-08-24T17:55:43.228Z","linkquality":168,"power":121.7,"power_on_behavior":"on","state":"ON","update":{"installed_version":33816645,"latest_version":33816645,"state":"idle"},"voltage":228}'
[2025-08-24 19:55:44] info: 	z2m:mqtt: MQTT publish: topic 'zigbee2mqtt/prise horloge (IKEA)', payload '{"current":0.004,"energy":1.24,"identify":null,"last_seen":"2025-08-24T17:55:44.062Z","linkquality":255,"power":0.2,"power_on_behavior":"previous","state":"ON","update":{"installed_version":33816645,"latest_version":33816645,"state":"idle"},"voltage":234.1}'
[2025-08-24 19:55:44] info: 	z2m:mqtt: MQTT publish: topic 'zigbee2mqtt/prise box internet (IKEA)', payload '{"current":0.12,"energy":86.62,"identify":null,"last_seen":"2025-08-24T17:55:44.537Z","linkquality":148,"power":13,"power_on_behavior":"previous","state":"ON","update":{"installed_version":33816645,"latest_version":33816645,"state":"idle"},"voltage":227.2}'
[2025-08-24 19:55:45] info: 	z2m:mqtt: MQTT publish: topic 'zigbee2mqtt/qualite air chambre (IKEA)', payload '{"humidity":65,"identify":null,"last_seen":"2025-08-24T17:55:45.008Z","linkquality":200,"pm25":46,"temperature":27,"update":{"installed_version":16777233,"latest_version":16777233,"state":"idle"},"voc_index":337}'
[2025-08-24 19:55:46] info: 	z2m:mqtt: MQTT publish: topic 'zigbee2mqtt/prise bureau pc (IKEA)', payload '{"current":1.07,"energy":615.26,"identify":null,"last_seen":"2025-08-24T17:55:46.664Z","linkquality":255,"power":175.2,"power_on_behavior":"previous","state":"ON","update":{"installed_version":33816645,"latest_version":33816645,"state":"idle"},"voltage":228.2}'
[2025-08-24 19:55:47] info: 	z2m:mqtt: MQTT publish: topic 'zigbee2mqtt/prise mini pc (IKEA)', payload '{"current":0.07,"energy":5.86,"identify":null,"last_seen":"2025-08-24T17:55:47.137Z","linkquality":255,"power":15.1,"power_on_behavior":"previous","state":"ON","update":{"installed_version":33816645,"latest_version":33816645,"state":"idle"},"voltage":226.3}'
[2025-08-24 19:55:47] info: 	z2m:mqtt: MQTT publish: topic 'zigbee2mqtt/prise bureau pc (IKEA)', payload '{"current":1.01,"energy":615.26,"identify":null,"last_seen":"2025-08-24T17:55:47.278Z","linkquality":255,"power":175.2,"power_on_behavior":"previous","state":"ON","update":{"installed_version":33816645,"latest_version":33816645,"state":"idle"},"voltage":228.2}'
[2025-08-24 19:55:47] info: 	z2m:mqtt: MQTT publish: topic 'zigbee2mqtt/prise mini pc (IKEA)', payload '{"current":0.07,"energy":5.86,"identify":null,"last_seen":"2025-08-24T17:55:47.628Z","linkquality":255,"power":7.4,"power_on_behavior":"previous","state":"ON","update":{"installed_version":33816645,"latest_version":33816645,"state":"idle"},"voltage":226.3}'
[2025-08-24 19:55:51] info: 	z2m:mqtt: MQTT publish: topic 'zigbee2mqtt/prise bureau pc (IKEA)', payload '{"action":"on","current":1.01,"energy":615.26,"identify":null,"last_seen":"2025-08-24T17:55:51.666Z","linkquality":255,"power":175.2,"power_on_behavior":"previous","state":"ON","update":{"installed_version":33816645,"latest_version":33816645,"state":"idle"},"voltage":228.2}'
[2025-08-24 19:55:51] info: 	z2m:mqtt: MQTT publish: topic 'zigbee2mqtt/prise bureau pc (IKEA)/action', payload 'on'
[2025-08-24 19:55:53] info: 	z2m:mqtt: MQTT publish: topic 'zigbee2mqtt/prise pc's gege (IKEA)', payload '{"current":0.67,"energy":310.05,"identify":null,"last_seen":"2025-08-24T17:55:53.229Z","linkquality":168,"power":118,"power_on_behavior":"on","state":"ON","update":{"installed_version":33816645,"latest_version":33816645,"state":"idle"},"voltage":228}'
[2025-08-24 19:55:55] info: 	z2m:mqtt: MQTT publish: topic 'zigbee2mqtt/qualite air salon (IKEA)', payload '{"humidity":65,"identify":null,"last_seen":"2025-08-24T17:55:55.792Z","linkquality":164,"pm25":10,"temperature":27,"update":{"installed_version":16777233,"latest_version":16777233,"state":"idle"},"voc_index":283}'
[2025-08-24 19:55:58] info: 	z2m:mqtt: MQTT publish: topic 'zigbee2mqtt/Clim du Bureau (NOUS)', payload '{"child_lock":"LOCK","countdown":0,"current":0,"energy":332.61,"indicator_mode":"off/on","last_seen":"2025-08-24T17:55:58.203Z","linkquality":164,"power":0,"power_outage_memory":"restore","state":"OFF","update":{"installed_version":192,"latest_version":192,"state":"idle"},"voltage":227}'
[2025-08-24 19:55:58] info: 	z2m:mqtt: MQTT publish: topic 'zigbee2mqtt/Clim du Bureau (NOUS)', payload '{"child_lock":"LOCK","countdown":0,"current":0,"energy":332.61,"indicator_mode":"off/on","last_seen":"2025-08-24T17:55:58.245Z","linkquality":168,"power":0,"power_outage_memory":"restore","state":"OFF","update":{"installed_version":192,"latest_version":192,"state":"idle"},"voltage":226}'
[2025-08-24 19:56:01] info: 	z2m:mqtt: MQTT publish: topic 'zigbee2mqtt/prise bureau pc (IKEA)', payload '{"current":1.01,"energy":615.26,"identify":null,"last_seen":"2025-08-24T17:56:01.499Z","linkquality":255,"power":178,"power_on_behavior":"previous","state":"ON","update":{"installed_version":33816645,"latest_version":33816645,"state":"idle"},"voltage":228.2}'
[2025-08-24 19:56:01] info: 	z2m:mqtt: MQTT publish: topic 'zigbee2mqtt/prise horloge (IKEA)', payload '{"current":0.004,"energy":1.24,"identify":null,"last_seen":"2025-08-24T17:56:01.973Z","linkquality":255,"power":0.2,"power_on_behavior":"previous","state":"ON","update":{"installed_version":33816645,"latest_version":33816645,"state":"idle"},"voltage":234.6}'
[2025-08-24 19:56:02] info: 	z2m:mqtt: MQTT publish: topic 'zigbee2mqtt/prise box internet (IKEA)', payload '{"current":0.12,"energy":86.62,"identify":null,"last_seen":"2025-08-24T17:56:02.356Z","linkquality":148,"power":13,"power_on_behavior":"previous","state":"ON","update":{"installed_version":33816645,"latest_version":33816645,"state":"idle"},"voltage":227.7}'
[2025-08-24 19:56:03] info: 	z2m:mqtt: MQTT publish: topic 'zigbee2mqtt/prise pc's gege (IKEA)', payload '{"current":0.67,"energy":310.05,"identify":null,"last_seen":"2025-08-24T17:56:03.231Z","linkquality":168,"power":118.6,"power_on_behavior":"on","state":"ON","update":{"installed_version":33816645,"latest_version":33816645,"state":"idle"},"voltage":228}'
[2025-08-24 19:56:03] info: 	z2m:mqtt: MQTT publish: topic 'zigbee2mqtt/prise pc's gege (IKEA)', payload '{"current":0.67,"energy":310.05,"identify":null,"last_seen":"2025-08-24T17:56:03.669Z","linkquality":168,"power":118.6,"power_on_behavior":"on","state":"ON","update":{"installed_version":33816645,"latest_version":33816645,"state":"idle"},"voltage":228.8}'
[2025-08-24 19:56:04] info: 	z2m:mqtt: MQTT publish: topic 'zigbee2mqtt/prise bureau pc (IKEA)', payload '{"current":1.01,"energy":615.26,"identify":null,"last_seen":"2025-08-24T17:56:04.142Z","linkquality":255,"power":178,"power_on_behavior":"previous","state":"ON","update":{"installed_version":33816645,"latest_version":33816645,"state":"idle"},"voltage":229.1}'
[2025-08-24 19:56:04] info: 	z2m:mqtt: MQTT publish: topic 'zigbee2mqtt/prise tete de lit chambre', payload '{"current":0,"energy":25.58,"identify":null,"last_seen":"2025-08-24T17:56:04.522Z","linkquality":196,"power":0,"power_on_behavior":"on","state":"OFF","update":{"installed_version":33816645,"latest_version":33816645,"state":"idle"},"voltage":236.1}'
[2025-08-24 19:56:05] info: 	z2m:mqtt: MQTT publish: topic 'zigbee2mqtt/qualite air salon (IKEA)', payload '{"humidity":65,"identify":null,"last_seen":"2025-08-24T17:56:05.761Z","linkquality":168,"pm25":10,"temperature":27,"update":{"installed_version":16777233,"latest_version":16777233,"state":"idle"},"voc_index":283}'
[2025-08-24 19:56:06] info: 	z2m:mqtt: MQTT publish: topic 'zigbee2mqtt/prise mini pc (IKEA)', payload '{"current":0.13,"energy":5.86,"identify":null,"last_seen":"2025-08-24T17:56:06.775Z","linkquality":255,"power":7.4,"power_on_behavior":"previous","state":"ON","update":{"installed_version":33816645,"latest_version":33816645,"state":"idle"},"voltage":226.3}'
[2025-08-24 19:56:06] info: 	z2m:mqtt: MQTT publish: topic 'zigbee2mqtt/prise bureau pc (IKEA)', payload '{"current":1.07,"energy":615.26,"identify":null,"last_seen":"2025-08-24T17:56:06.967Z","linkquality":255,"power":178,"power_on_behavior":"previous","state":"ON","update":{"installed_version":33816645,"latest_version":33816645,"state":"idle"},"voltage":229.1}'
[2025-08-24 19:56:07] info: 	z2m:mqtt: MQTT publish: topic 'zigbee2mqtt/prise mini pc (IKEA)', payload '{"current":0.13,"energy":5.86,"identify":null,"last_seen":"2025-08-24T17:56:07.245Z","linkquality":255,"power":16.7,"power_on_behavior":"previous","state":"ON","update":{"installed_version":33816645,"latest_version":33816645,"state":"idle"},"voltage":226.3}'
[2025-08-24 19:56:07] info: 	z2m:mqtt: MQTT publish: topic 'zigbee2mqtt/bridge/health', payload '{"response_time":1756058167795,"os":{"load_average":[0.06,0.22,0.18],"memory_used_mb":2209.18,"memory_percent":13.999},"process":{"uptime_sec":607,"memory_used_mb":121.3,"memory_percent":0.7687},"mqtt":{"connected":true,"queued":0,"published":1541,"received":651},"devices":{"0x30fb10fffecd4e74":{"messages":88,"messages_per_sec":0.1461,"leave_count":0,"network_address_changes":0},"0xa4c13819c020cf4a":{"messages":10,"messages_per_sec":0.0166,"leave_count":0,"network_address_changes":0},"0x94a081fffe5d83fe":{"messages":66,"messages_per_sec":0.1099,"leave_count":0,"network_address_changes":0},"0x28dba7fffe85fd68":{"messages":33,"messages_per_sec":0.0551,"leave_count":0,"network_address_changes":0},"0xd44867fffe148732":{"messages":93,"messages_per_sec":0.1556,"leave_count":0,"network_address_changes":0},"0x8c65a3fffefe4a22":{"messages":31,"messages_per_sec":0.0523,"leave_count":0,"network_address_changes":0},"0x001788010b58bd16":{"messages":1,"messages_per_sec":0.0017,"leave_count":0,"network_address_changes":0},"0x8c65a3fffe105949":{"messages":28,"messages_per_sec":0.0475,"leave_count":0,"network_address_changes":0},"0x8c65a3fffe104f42":{"messages":28,"messages_per_sec":0.0475,"leave_count":0,"network_address_changes":0},"0xa4c138bf157dac0e":{"messages":8,"messages_per_sec":0.0136,"leave_count":0,"network_address_changes":0},"0x8c65a3fffefe4c1d":{"messages":35,"messages_per_sec":0.0598,"leave_count":0,"network_address_changes":0},"0xa4c138bb5636f0b8":{"messages":9,"messages_per_sec":0.0156,"leave_count":0,"network_address_changes":0},"0x8c65a3fffe1035b2":{"messages":26,"messages_per_sec":0.0451,"leave_count":0,"network_address_changes":0},"0x8c65a3fffe282786":{"messages":68,"messages_per_sec":0.118,"leave_count":0,"network_address_changes":0},"0xa4c138a9441298b7":{"messages":9,"messages_per_sec":0.0158,"leave_count":0,"network_address_changes":0},"0xa4c138d18475f3ab":{"messages":10,"messages_per_sec":0.0175,"leave_count":0,"network_address_changes":0},"0xa4c138cc2ec0a611":{"messages":10,"messages_per_sec":0.0176,"leave_count":0,"network_address_changes":0},"0xb0c7defffe634f2f":{"messages":1,"messages_per_sec":0.0018,"leave_count":0,"network_address_changes":0},"0xa4c138d015dca54b":{"messages":8,"messages_per_sec":0.0151,"leave_count":0,"network_address_changes":0},"0xa4c138c742b1b280":{"messages":9,"messages_per_sec":0.0173,"leave_count":0,"network_address_changes":0},"0xa4c13854c76b66e0":{"messages":9,"messages_per_sec":0.0179,"leave_count":0,"network_address_changes":0},"0xa4c138ca365a1624":{"messages":11,"messages_per_sec":0.0219,"leave_count":0,"network_address_changes":0},"0xa4c1385900eabff5":{"messages":8,"messages_per_sec":0.016,"leave_count":0,"network_address_changes":0},"0xa4c13862732d4d37":{"messages":11,"messages_per_sec":0.0226,"leave_count":0,"network_address_changes":0},"0xa4c138fc07adca74":{"messages":6,"messages_per_sec":0.0126,"leave_count":0,"network_address_changes":0},"0xa4c1388b6f4ffaf5":{"messages":9,"messages_per_sec":0.0191,"leave_count":0,"network_address_changes":0},"0x28dba7fffe1b9e55":{"messages":3,"messages_per_sec":0.0065,"leave_count":0,"network_address_changes":0},"0xd44867fffe29fba9":{"messages":1,"messages_per_sec":0.0027,"leave_count":0,"network_address_changes":0},"0x28dba7fffe6c5be2":{"messages":1,"messages_per_sec":0.0055,"leave_count":0,"network_address_changes":0},"0xd44867fffe29c736":{"messages":2,"messages_per_sec":0.0164,"leave_count":0,"network_address_changes":0},"0x08ddebfffeee7e56":{"messages":1,"messages_per_sec":0.0091,"leave_count":0,"network_address_changes":0},"0x0c2a6ffffe2ca35d":{"messages":1,"messages_per_sec":0.0091,"leave_count":0,"network_address_changes":0}}}'
[2025-08-24 19:56:09] info: 	z2m:mqtt: MQTT publish: topic 'zigbee2mqtt/Clim du Bureau (NOUS)', payload '{"child_lock":"LOCK","countdown":0,"current":0,"energy":332.61,"indicator_mode":"off/on","last_seen":"2025-08-24T17:55:58.245Z","linkquality":168,"power":0,"power_outage_memory":"restore","state":"OFF","update":{"installed_version":192,"latest_version":192,"state":"idle"},"voltage":226}'
[2025-08-24 19:56:09] info: 	z2m:mqtt: MQTT publish: topic 'zigbee2mqtt/Clim du Bureau (NOUS)', payload '{"child_lock":"LOCK","countdown":0,"current":0,"energy":332.61,"indicator_mode":"off/on","last_seen":"2025-08-24T17:55:58.245Z","linkquality":168,"power":0,"power_outage_memory":"restore","state":"OFF","update":{"installed_version":192,"latest_version":192,"state":"idle"},"voltage":226}'
[2025-08-24 19:56:09] info: 	z2m:mqtt: MQTT publish: topic 'zigbee2mqtt/Lampe Salle de Bain (HUE)', payload '{"brightness":254,"effect":null,"last_seen":"2025-08-24T17:56:09.594Z","linkquality":156,"power_on_behavior":null,"state":"OFF","update":{"installed_version":16787202,"latest_version":16787202,"state":"idle"}}'
[2025-08-24 19:56:11] info: 	z2m:mqtt: MQTT publish: topic 'zigbee2mqtt/prise bureau pc (IKEA)', payload '{"current":1.07,"energy":615.26,"identify":null,"last_seen":"2025-08-24T17:56:11.569Z","linkquality":255,"power":176.7,"power_on_behavior":"previous","state":"ON","update":{"installed_version":33816645,"latest_version":33816645,"state":"idle"},"voltage":229.1}'
[2025-08-24 19:56:11] info: 	z2m:mqtt: MQTT publish: topic 'zigbee2mqtt/prise horloge (IKEA)', payload '{"current":0.004,"energy":1.24,"identify":null,"last_seen":"2025-08-24T17:56:11.997Z","linkquality":255,"power":0.2,"power_on_behavior":"previous","state":"ON","update":{"installed_version":33816645,"latest_version":33816645,"state":"idle"},"voltage":235.2}'
[2025-08-24 19:56:12] info: 	z2m:mqtt: MQTT publish: topic 'zigbee2mqtt/prise box internet (IKEA)', payload '{"current":0.12,"energy":86.62,"identify":null,"last_seen":"2025-08-24T17:56:12.371Z","linkquality":148,"power":13,"power_on_behavior":"previous","state":"ON","update":{"installed_version":33816645,"latest_version":33816645,"state":"idle"},"voltage":228.2}'
[2025-08-24 19:56:12] info: 	z2m:mqtt: MQTT publish: topic 'zigbee2mqtt/qualite air chambre (IKEA)', payload '{"humidity":64,"identify":null,"last_seen":"2025-08-24T17:56:12.761Z","linkquality":200,"pm25":46,"temperature":27,"update":{"installed_version":16777233,"latest_version":16777233,"state":"idle"},"voc_index":337}'
[2025-08-24 19:56:13] info: 	z2m:mqtt: MQTT publish: topic 'zigbee2mqtt/Clim du Bureau (NOUS)', payload '{"child_lock":"LOCK","countdown":0,"current":0,"energy":332.61,"indicator_mode":"off/on","last_seen":"2025-08-24T17:56:13.049Z","linkquality":164,"power":0,"power_outage_memory":"restore","state":"OFF","update":{"installed_version":192,"latest_version":192,"state":"idle"},"voltage":226}'
[2025-08-24 19:56:15] info: 	z2m:mqtt: MQTT publish: topic 'zigbee2mqtt/Relais Lumière SDB (SONOFF) ', payload '{"delayed_power_on_state":false,"delayed_power_on_time":29.5,"detach_relay_mode":false,"external_trigger_mode":"edge","inching_control_set":{"inching_control":"DISABLE","inching_mode":"OFF","inching_time":1882.5},"last_seen":"2025-08-24T17:56:15.196Z","linkquality":252,"network_indicator":true,"power_on_behavior":"previous","state":"OFF","turbo_mode":true,"update":{"installed_version":4100,"latest_version":4100,"state":"idle"}}'
[2025-08-24 19:56:15] info: 	z2m:mqtt: MQTT publish: topic 'zigbee2mqtt/Four et Plaque de Cuisson', payload '{"ac_frequency":49.92,"current":0,"data_report_duration":60,"energy":60,"last_seen":"2025-08-24T17:56:15.239Z","linkquality":216,"power":0,"power_factor":100,"produced_energy":0,"voltage":229}'
[2025-08-24 19:56:15] info: 	z2m:mqtt: MQTT publish: topic 'zigbee2mqtt/Four et Plaque de Cuisson', payload '{"ac_frequency":49.92,"current":0,"data_report_duration":60,"energy":60,"last_seen":"2025-08-24T17:56:15.284Z","linkquality":216,"power":0,"power_factor":100,"produced_energy":0,"voltage":229}'
[2025-08-24 19:56:15] info: 	z2m:mqtt: MQTT publish: topic 'zigbee2mqtt/Four et Plaque de Cuisson', payload '{"ac_frequency":49.92,"current":0,"data_report_duration":60,"energy":60,"last_seen":"2025-08-24T17:56:15.333Z","linkquality":216,"power":0,"power_factor":100,"produced_energy":0,"voltage":229}'
[2025-08-24 19:56:15] info: 	z2m:mqtt: MQTT publish: topic 'zigbee2mqtt/Four et Plaque de Cuisson', payload '{"ac_frequency":49.92,"current":0,"data_report_duration":60,"energy":60,"last_seen":"2025-08-24T17:56:15.381Z","linkquality":216,"power":0,"power_factor":100,"produced_energy":0,"voltage":229}'
[2025-08-24 19:56:15] info: 	z2m:mqtt: MQTT publish: topic 'zigbee2mqtt/Four et Plaque de Cuisson', payload '{"ac_frequency":49.94,"current":0,"data_report_duration":60,"energy":60,"last_seen":"2025-08-24T17:56:15.430Z","linkquality":216,"power":0,"power_factor":100,"produced_energy":0,"voltage":229}'
[2025-08-24 19:56:15] info: 	z2m:mqtt: MQTT publish: topic 'zigbee2mqtt/Four et Plaque de Cuisson', payload '{"ac_frequency":49.94,"current":0,"data_report_duration":60,"energy":60,"last_seen":"2025-08-24T17:56:15.476Z","linkquality":216,"power":0,"power_factor":100,"produced_energy":0,"voltage":230}'
[2025-08-24 19:56:15] info: 	z2m:mqtt: MQTT publish: topic 'zigbee2mqtt/Four et Plaque de Cuisson', payload '{"ac_frequency":49.94,"current":0,"data_report_duration":60,"energy":60,"last_seen":"2025-08-24T17:56:15.524Z","linkquality":216,"power":0,"power_factor":100,"produced_energy":0,"voltage":230}'
[2025-08-24 19:56:15] info: 	z2m:mqtt: MQTT publish: topic 'zigbee2mqtt/Four et Plaque de Cuisson', payload '{"ac_frequency":49.94,"current":0,"data_report_duration":60,"energy":60,"last_seen":"2025-08-24T17:56:15.574Z","linkquality":216,"power":0,"power_factor":100,"produced_energy":0,"voltage":230}'
[2025-08-24 19:56:15] info: 	z2m:mqtt: MQTT publish: topic 'zigbee2mqtt/qualite air salon (IKEA)', payload '{"humidity":64,"identify":null,"last_seen":"2025-08-24T17:56:15.776Z","linkquality":164,"pm25":10,"temperature":27,"update":{"installed_version":16777233,"latest_version":16777233,"state":"idle"},"voc_index":283}'
[2025-08-24 19:56:16] info: 	z2m:mqtt: MQTT publish: topic 'zigbee2mqtt/prise mini pc (IKEA)', payload '{"current":0.07,"energy":5.86,"identify":null,"last_seen":"2025-08-24T17:56:16.781Z","linkquality":255,"power":16.7,"power_on_behavior":"previous","state":"ON","update":{"installed_version":33816645,"latest_version":33816645,"state":"idle"},"voltage":226.3}'
[2025-08-24 19:56:16] info: 	z2m:mqtt: MQTT publish: topic 'zigbee2mqtt/prise bureau pc (IKEA)', payload '{"current":1.02,"energy":615.26,"identify":null,"last_seen":"2025-08-24T17:56:16.927Z","linkquality":255,"power":176.7,"power_on_behavior":"previous","state":"ON","update":{"installed_version":33816645,"latest_version":33816645,"state":"idle"},"voltage":229.1}'
[2025-08-24 19:56:17] info: 	z2m:mqtt: MQTT publish: topic 'zigbee2mqtt/prise mini pc (IKEA)', payload '{"current":0.07,"energy":5.86,"identify":null,"last_seen":"2025-08-24T17:56:17.232Z","linkquality":255,"power":7.7,"power_on_behavior":"previous","state":"ON","update":{"installed_version":33816645,"latest_version":33816645,"state":"idle"},"voltage":226.3}'
[2025-08-24 19:56:17] info: 	z2m:mqtt: MQTT publish: topic 'zigbee2mqtt/lampe bureau 1 (IKEA)', payload '{"brightness":254,"color_mode":"color_temp","color_options":{"execute_if_off":true},"color_temp":250,"color_temp_startup":250,"effect":null,"identify":null,"last_seen":"2025-08-24T17:56:17.284Z","level_config":{"current_level_startup":250,"execute_if_off":true,"on_level":"previous","on_off_transition_time":5},"linkquality":236,"power_on_behavior":"previous","state":"OFF","update":{"installed_version":50331683,"latest_version":50331683,"state":"idle"}}'
[2025-08-24 19:56:20] info: 	z2m:mqtt: MQTT publish: topic 'zigbee2mqtt/lampe bureau 2 (IKEA)', payload '{"brightness":254,"color_mode":"color_temp","color_options":{"execute_if_off":true},"color_temp":250,"color_temp_startup":250,"effect":null,"identify":null,"last_seen":"2025-08-24T17:56:20.433Z","level_config":{"current_level_startup":250,"execute_if_off":true,"on_level":"previous","on_off_transition_time":5},"linkquality":220,"power_on_behavior":"previous","state":"OFF","update":{"installed_version":50331683,"latest_version":50331683,"state":"idle"}}'
[2025-08-24 19:56:20] info: 	z2m:mqtt: MQTT publish: topic 'zigbee2mqtt/prise congelateur cuisine (NOUS)', payload '{"child_lock":"LOCK","countdown":0,"current":0.21,"energy":186.78,"indicator_mode":"on","last_seen":"2025-08-24T17:56:20.527Z","linkquality":248,"power":30,"power_outage_memory":"on","state":"ON","update":{"installed_version":192,"latest_version":192,"state":"idle"},"voltage":227}'
[2025-08-24 19:56:20] info: 	z2m:mqtt: MQTT publish: topic 'zigbee2mqtt/prise congelateur cuisine (NOUS)', payload '{"child_lock":"LOCK","countdown":0,"current":0.21,"energy":186.78,"indicator_mode":"on","last_seen":"2025-08-24T17:56:20.588Z","linkquality":248,"power":30,"power_outage_memory":"on","state":"ON","update":{"installed_version":192,"latest_version":192,"state":"idle"},"voltage":227}'
[2025-08-24 19:56:20] info: 	zh:ember:ezsp: Received network/route error ROUTE_ERROR_SOURCE_ROUTE_FAILURE for "11216".
[2025-08-24 19:56:20] info: 	z2m:mqtt: MQTT publish: topic 'zigbee2mqtt/qualite air chambre (IKEA)', payload '{"humidity":64,"identify":null,"last_seen":"2025-08-24T17:56:20.887Z","linkquality":200,"pm25":41,"temperature":27,"update":{"installed_version":16777233,"latest_version":16777233,"state":"idle"},"voc_index":337}'
[2025-08-24 19:56:20] info: 	z2m:mqtt: MQTT publish: topic 'zigbee2mqtt/qualite air chambre (IKEA)', payload '{"humidity":64,"identify":null,"last_seen":"2025-08-24T17:56:20.974Z","linkquality":200,"pm25":41,"temperature":27,"update":{"installed_version":16777233,"latest_version":16777233,"state":"idle"},"voc_index":336}'
[2025-08-24 19:56:21] info: 	z2m:mqtt: MQTT publish: topic 'zigbee2mqtt/prise bureau pc (IKEA)', payload '{"current":1.02,"energy":615.26,"identify":null,"last_seen":"2025-08-24T17:56:21.457Z","linkquality":255,"power":177,"power_on_behavior":"previous","state":"ON","update":{"installed_version":33816645,"latest_version":33816645,"state":"idle"},"voltage":229.1}'
[2025-08-24 19:56:22] info: 	z2m:mqtt: MQTT publish: topic 'zigbee2mqtt/qualite air chambre (IKEA)', payload '{"humidity":65,"identify":null,"last_seen":"2025-08-24T17:56:22.681Z","linkquality":200,"pm25":41,"temperature":27,"update":{"installed_version":16777233,"latest_version":16777233,"state":"idle"},"voc_index":336}'
[2025-08-24 19:56:23] info: 	z2m:mqtt: MQTT publish: topic 'zigbee2mqtt/prise tv chambre (NOUS)', payload '{"child_lock":"LOCK","countdown":0,"current":0,"energy":164.71,"indicator_mode":"off","last_seen":"2025-08-24T17:56:23.381Z","linkquality":164,"power":0,"power_outage_memory":"on","state":"ON","update":{"installed_version":192,"latest_version":192,"state":"idle"},"voltage":226}'
[2025-08-24 19:56:25] info: 	z2m:mqtt: MQTT publish: topic 'zigbee2mqtt/qualite air salon (IKEA)', payload '{"humidity":64,"identify":null,"last_seen":"2025-08-24T17:56:25.701Z","linkquality":168,"pm25":10,"temperature":27,"update":{"installed_version":16777233,"latest_version":16777233,"state":"idle"},"voc_index":283}'
[2025-08-24 19:56:26] info: 	z2m:mqtt: MQTT publish: topic 'zigbee2mqtt/qualite air bureau (IKEA)', payload '{"humidity":65,"identify":null,"last_seen":"2025-08-24T17:56:26.288Z","linkquality":224,"pm25":22,"temperature":27,"update":{"installed_version":16777233,"latest_version":16777233,"state":"idle"},"voc_index":314}'
[2025-08-24 19:56:26] info: 	z2m:mqtt: MQTT publish: topic 'zigbee2mqtt/Clim Salon (NOUS)', payload '{"child_lock":"LOCK","countdown":0,"current":0,"energy":414.52,"indicator_mode":"on","last_seen":"2025-08-24T17:56:26.832Z","linkquality":255,"power":0,"power_outage_memory":"restore","state":"OFF","update":{"installed_version":192,"latest_version":192,"state":"idle"},"voltage":228}'
[2025-08-24 19:56:29] info: 	z2m:mqtt: MQTT publish: topic 'zigbee2mqtt/Clim du Bureau (NOUS)', payload '{"child_lock":"LOCK","countdown":0,"current":0,"energy":332.61,"indicator_mode":"off/on","last_seen":"2025-08-24T17:56:29.215Z","linkquality":164,"power":0,"power_outage_memory":"restore","state":"OFF","update":{"installed_version":192,"latest_version":192,"state":"idle"},"voltage":226}'
[2025-08-24 19:56:29] info: 	z2m:mqtt: MQTT publish: topic 'zigbee2mqtt/prise four micro ondes (NOUS)', payload '{"child_lock":"UNLOCK","countdown":0,"current":0.03,"energy":57.38,"indicator_mode":"off/on","last_seen":"2025-08-24T17:56:29.674Z","linkquality":255,"power":0,"power_outage_memory":"restore","state":"ON","update":{"installed_version":192,"latest_version":192,"state":"idle"},"voltage":228}'
[2025-08-24 19:56:29] info: 	z2m:mqtt: MQTT publish: topic 'zigbee2mqtt/prise four micro ondes (NOUS)', payload '{"child_lock":"UNLOCK","countdown":0,"current":0.03,"energy":57.38,"indicator_mode":"off/on","last_seen":"2025-08-24T17:56:29.717Z","linkquality":255,"power":0,"power_outage_memory":"restore","state":"ON","update":{"installed_version":192,"latest_version":192,"state":"idle"},"voltage":228}'
[2025-08-24 19:56:32] info: 	z2m:mqtt: MQTT publish: topic 'zigbee2mqtt/qualite air chambre (IKEA)', payload '{"humidity":65,"identify":null,"last_seen":"2025-08-24T17:56:32.647Z","linkquality":200,"pm25":41,"temperature":27,"update":{"installed_version":16777233,"latest_version":16777233,"state":"idle"},"voc_index":336}'
[2025-08-24 19:56:34] info: 	z2m:mqtt: MQTT publish: topic 'zigbee2mqtt/prise airfryer ninja (NOUS)', payload '{"child_lock":"UNLOCK","countdown":0,"current":0,"energy":72.19,"indicator_mode":"on","last_seen":"2025-08-24T17:56:34.257Z","linkquality":232,"power":0,"power_outage_memory":"restore","state":"ON","update":{"installed_version":192,"latest_version":192,"state":"idle"},"voltage":229}'
[2025-08-24 19:56:35] info: 	z2m:mqtt: MQTT publish: topic 'zigbee2mqtt/prise bureau pc (IKEA)', payload '{"current":1.02,"energy":615.26,"identify":null,"last_seen":"2025-08-24T17:56:35.290Z","linkquality":255,"power":177,"power_on_behavior":"previous","state":"ON","update":{"installed_version":33816645,"latest_version":33816645,"state":"idle"},"voltage":228.6}'
[2025-08-24 19:56:36] info: 	z2m:mqtt: MQTT publish: topic 'zigbee2mqtt/qualite air bureau (IKEA)', payload '{"humidity":65,"identify":null,"last_seen":"2025-08-24T17:56:36.220Z","linkquality":224,"pm25":22,"temperature":27,"update":{"installed_version":16777233,"latest_version":16777233,"state":"idle"},"voc_index":314}'
[2025-08-24 19:56:36] info: 	z2m:mqtt: MQTT publish: topic 'zigbee2mqtt/prise pc's gege (IKEA)', payload '{"current":0.67,"energy":310.05,"identify":null,"last_seen":"2025-08-24T17:56:36.671Z","linkquality":164,"power":121.6,"power_on_behavior":"on","state":"ON","update":{"installed_version":33816645,"latest_version":33816645,"state":"idle"},"voltage":228.8}'
[2025-08-24 19:56:36] info: 	z2m:mqtt: MQTT publish: topic 'zigbee2mqtt/prise mini pc (IKEA)', payload '{"current":0.07,"energy":5.86,"identify":null,"last_seen":"2025-08-24T17:56:36.807Z","linkquality":255,"power":16.9,"power_on_behavior":"previous","state":"ON","update":{"installed_version":33816645,"latest_version":33816645,"state":"idle"},"voltage":226.3}'
[2025-08-24 19:56:37] info: 	z2m:mqtt: MQTT publish: topic 'zigbee2mqtt/prise bureau pc (IKEA)', payload '{"current":1.02,"energy":615.26,"identify":null,"last_seen":"2025-08-24T17:56:37.173Z","linkquality":255,"power":185.5,"power_on_behavior":"previous","state":"ON","update":{"installed_version":33816645,"latest_version":33816645,"state":"idle"},"voltage":228.6}'
[2025-08-24 19:56:39] info: 	z2m:mqtt: MQTT publish: topic 'zigbee2mqtt/qualite air bureau (IKEA)', payload '{"humidity":65,"identify":null,"last_seen":"2025-08-24T17:56:39.597Z","linkquality":224,"pm25":18,"temperature":27,"update":{"installed_version":16777233,"latest_version":16777233,"state":"idle"},"voc_index":314}'
[2025-08-24 19:56:39] info: 	z2m:mqtt: MQTT publish: topic 'zigbee2mqtt/qualite air bureau (IKEA)', payload '{"humidity":65,"identify":null,"last_seen":"2025-08-24T17:56:39.688Z","linkquality":224,"pm25":18,"temperature":27,"update":{"installed_version":16777233,"latest_version":16777233,"state":"idle"},"voc_index":314}'
[2025-08-24 19:56:40] info: 	z2m:mqtt: MQTT publish: topic 'zigbee2mqtt/prise lave vaisselle (NOUS)', payload '{"child_lock":"LOCK","countdown":0,"current":0,"energy":115.82,"indicator_mode":"on","last_seen":"2025-08-24T17:56:40.527Z","linkquality":156,"power":0,"power_outage_memory":"on","state":"ON","update":{"installed_version":192,"latest_version":192,"state":"idle"},"voltage":229}'
[2025-08-24 19:56:40] info: 	z2m:mqtt: MQTT publish: topic 'zigbee2mqtt/détecteur de fuite (IKEA)', payload '{"battery":100,"identify":null,"last_seen":"2025-08-24T17:56:40.948Z","linkquality":156,"update":{"installed_version":16777223,"latest_version":16777223,"state":"idle"},"voltage":1500,"water_leak":false}'
[2025-08-24 19:56:41] info: 	z2m:mqtt: MQTT publish: topic 'zigbee2mqtt/qualite air salon (IKEA)', payload '{"humidity":65,"identify":null,"last_seen":"2025-08-24T17:56:41.633Z","linkquality":168,"pm25":10,"temperature":27,"update":{"installed_version":16777233,"latest_version":16777233,"state":"idle"},"voc_index":283}'
[2025-08-24 19:56:41] info: 	z2m:mqtt: MQTT publish: topic 'zigbee2mqtt/Prise Bureau Fer à Repasser (NOUS)', payload '{"child_lock":"UNLOCK","countdown":0,"current":0,"energy":1.99,"indicator_mode":"off/on","last_seen":"2025-08-24T17:56:41.892Z","linkquality":192,"power":0,"power_outage_memory":"on","state":"ON","update":{"installed_version":192,"latest_version":192,"state":"idle"},"voltage":229}'
[2025-08-24 19:56:42] info: 	z2m:mqtt: MQTT publish: topic 'zigbee2mqtt/qualite air chambre (IKEA)', payload '{"humidity":64,"identify":null,"last_seen":"2025-08-24T17:56:42.613Z","linkquality":200,"pm25":41,"temperature":27,"update":{"installed_version":16777233,"latest_version":16777233,"state":"idle"},"voc_index":336}'
[2025-08-24 19:56:43] info: 	z2m:mqtt: MQTT publish: topic 'zigbee2mqtt/Hue smart éco. PC Bureau', payload '{"last_seen":"2025-08-24T17:56:43.663Z","linkquality":255,"state":"ON","update":{"installed_version":16781314,"latest_version":16781314,"state":"idle"}}'
[2025-08-24 19:56:45] info: 	z2m:mqtt: MQTT publish: topic 'zigbee2mqtt/prise bureau pc (IKEA)', payload '{"current":1.02,"energy":615.26,"identify":null,"last_seen":"2025-08-24T17:56:45.250Z","linkquality":255,"power":185.5,"power_on_behavior":"previous","state":"ON","update":{"installed_version":33816645,"latest_version":33816645,"state":"idle"},"voltage":229.2}'
[2025-08-24 19:56:46] info: 	z2m:mqtt: MQTT publish: topic 'zigbee2mqtt/prise pc's gege (IKEA)', payload '{"current":0.67,"energy":310.05,"identify":null,"last_seen":"2025-08-24T17:56:46.694Z","linkquality":168,"power":122.4,"power_on_behavior":"on","state":"ON","update":{"installed_version":33816645,"latest_version":33816645,"state":"idle"},"voltage":228.8}'
[2025-08-24 19:56:46] info: 	z2m:mqtt: MQTT publish: topic 'zigbee2mqtt/prise mini pc (IKEA)', payload '{"current":0.07,"energy":5.86,"identify":null,"last_seen":"2025-08-24T17:56:46.814Z","linkquality":255,"power":7.2,"power_on_behavior":"previous","state":"ON","update":{"installed_version":33816645,"latest_version":33816645,"state":"idle"},"voltage":226.3}'
[2025-08-24 19:56:47] info: 	z2m:mqtt: MQTT publish: topic 'zigbee2mqtt/prise bureau pc (IKEA)', payload '{"current":1.02,"energy":615.26,"identify":null,"last_seen":"2025-08-24T17:56:47.149Z","linkquality":255,"power":176.4,"power_on_behavior":"previous","state":"ON","update":{"installed_version":33816645,"latest_version":33816645,"state":"idle"},"voltage":229.2}'
[2025-08-24 19:56:49] info: 	z2m:mqtt: MQTT publish: topic 'zigbee2mqtt/prise tete de lit chambre', payload '{"current":0,"energy":25.58,"identify":null,"last_seen":"2025-08-24T17:56:49.036Z","linkquality":192,"power":0,"power_on_behavior":"on","state":"OFF","update":{"installed_version":33816645,"latest_version":33816645,"state":"idle"},"voltage":236.6}'
[2025-08-24 19:56:49] info: 	z2m:mqtt: MQTT publish: topic 'zigbee2mqtt/Clim Salon (NOUS)', payload '{"child_lock":"LOCK","countdown":0,"current":0,"energy":414.52,"indicator_mode":"on","last_seen":"2025-08-24T17:56:49.179Z","linkquality":255,"power":0,"power_outage_memory":"restore","state":"OFF","update":{"installed_version":192,"latest_version":192,"state":"idle"},"voltage":228}'
[2025-08-24 19:56:49] info: 	z2m:mqtt: MQTT publish: topic 'zigbee2mqtt/prise horloge (IKEA)', payload '{"current":0.004,"energy":1.24,"identify":null,"last_seen":"2025-08-24T17:56:49.508Z","linkquality":255,"power":0.2,"power_on_behavior":"previous","state":"ON","update":{"installed_version":33816645,"latest_version":33816645,"state":"idle"},"voltage":236}'
[2025-08-24 19:56:49] info: 	z2m:mqtt: MQTT publish: topic 'zigbee2mqtt/prise pc's gege (IKEA)', payload '{"current":0.67,"energy":310.05,"identify":null,"last_seen":"2025-08-24T17:56:49.719Z","linkquality":168,"power":122.4,"power_on_behavior":"on","state":"ON","update":{"installed_version":33816645,"latest_version":33816645,"state":"idle"},"voltage":229.6}'
[2025-08-24 19:56:49] info: 	z2m:mqtt: MQTT publish: topic 'zigbee2mqtt/prise box internet (IKEA)', payload '{"current":0.12,"energy":86.62,"identify":null,"last_seen":"2025-08-24T17:56:49.725Z","linkquality":148,"power":13,"power_on_behavior":"previous","state":"ON","update":{"installed_version":33816645,"latest_version":33816645,"state":"idle"},"voltage":229.1}'
[2025-08-24 19:56:50] info: 	z2m:mqtt: MQTT publish: topic 'zigbee2mqtt/prise four micro ondes (NOUS)', payload '{"child_lock":"UNLOCK","countdown":0,"current":0.03,"energy":57.38,"indicator_mode":"off/on","last_seen":"2025-08-24T17:56:29.717Z","linkquality":255,"power":0,"power_outage_memory":"restore","state":"ON","update":{"installed_version":192,"latest_version":192,"state":"idle"},"voltage":228}'
[2025-08-24 19:56:51] info: 	z2m:mqtt: MQTT publish: topic 'zigbee2mqtt/prise frigo cuisine (NOUS)', payload '{"child_lock":"LOCK","countdown":0,"current":0,"energy":106.05,"indicator_mode":"on/off","last_seen":"2025-08-24T17:56:51.394Z","linkquality":88,"power":0,"power_outage_memory":"on","state":"ON","update":{"installed_version":192,"latest_version":192,"state":"idle"},"voltage":227}'
[2025-08-24 19:56:51] info: 	z2m:mqtt: MQTT publish: topic 'zigbee2mqtt/prise frigo cuisine (NOUS)', payload '{"child_lock":"LOCK","countdown":0,"current":0,"energy":106.05,"indicator_mode":"on/off","last_seen":"2025-08-24T17:56:51.440Z","linkquality":92,"power":0,"power_outage_memory":"on","state":"ON","update":{"installed_version":192,"latest_version":192,"state":"idle"},"voltage":227}'
[2025-08-24 19:56:51] info: 	z2m:mqtt: MQTT publish: topic 'zigbee2mqtt/qualite air salon (IKEA)', payload '{"humidity":65,"identify":null,"last_seen":"2025-08-24T17:56:51.606Z","linkquality":168,"pm25":10,"temperature":27,"update":{"installed_version":16777233,"latest_version":16777233,"state":"idle"},"voc_index":283}'
[2025-08-24 19:56:52] info: 	z2m:mqtt: MQTT publish: topic 'zigbee2mqtt/qualite air chambre (IKEA)', payload '{"humidity":65,"identify":null,"last_seen":"2025-08-24T17:56:52.579Z","linkquality":200,"pm25":41,"temperature":27,"update":{"installed_version":16777233,"latest_version":16777233,"state":"idle"},"voc_index":336}'
[2025-08-24 19:56:54] info: 	z2m:mqtt: MQTT publish: topic 'zigbee2mqtt/prise four micro ondes (NOUS)', payload '{"child_lock":"UNLOCK","countdown":0,"current":0.03,"energy":57.38,"indicator_mode":"off/on","last_seen":"2025-08-24T17:56:54.871Z","linkquality":255,"power":0,"power_outage_memory":"restore","state":"ON","update":{"installed_version":192,"latest_version":192,"state":"idle"},"voltage":228}'
[2025-08-24 19:56:55] info: 	z2m:mqtt: MQTT publish: topic 'zigbee2mqtt/prise bureau pc (IKEA)', payload '{"current":1.02,"energy":615.26,"identify":null,"last_seen":"2025-08-24T17:56:55.207Z","linkquality":255,"power":176.4,"power_on_behavior":"previous","state":"ON","update":{"installed_version":33816645,"latest_version":33816645,"state":"idle"},"voltage":229.8}'
[2025-08-24 19:56:56] info: 	z2m:mqtt: MQTT publish: topic 'zigbee2mqtt/prise pc's gege (IKEA)', payload '{"current":0.67,"energy":310.05,"identify":null,"last_seen":"2025-08-24T17:56:56.688Z","linkquality":168,"power":118.7,"power_on_behavior":"on","state":"ON","update":{"installed_version":33816645,"latest_version":33816645,"state":"idle"},"voltage":229.6}'
[2025-08-24 19:56:58] info: 	z2m:mqtt: MQTT publish: topic 'zigbee2mqtt/prise tete de lit chambre', payload '{"current":0,"energy":25.58,"identify":null,"last_seen":"2025-08-24T17:56:58.939Z","linkquality":192,"power":0,"power_on_behavior":"on","state":"OFF","update":{"installed_version":33816645,"latest_version":33816645,"state":"idle"},"voltage":237.1}'
[2025-08-24 19:56:59] info: 	z2m:mqtt: MQTT publish: topic 'zigbee2mqtt/qualite air salon (IKEA)', payload '{"humidity":65,"identify":null,"last_seen":"2025-08-24T17:56:59.352Z","linkquality":168,"pm25":11,"temperature":27,"update":{"installed_version":16777233,"latest_version":16777233,"state":"idle"},"voc_index":283}'
[2025-08-24 19:56:59] info: 	z2m:mqtt: MQTT publish: topic 'zigbee2mqtt/qualite air salon (IKEA)', payload '{"humidity":65,"identify":null,"last_seen":"2025-08-24T17:56:59.413Z","linkquality":168,"pm25":11,"temperature":27,"update":{"installed_version":16777233,"latest_version":16777233,"state":"idle"},"voc_index":290}'
[2025-08-24 19:57:00] info: 	z2m:mqtt: MQTT publish: topic 'zigbee2mqtt/prise congelateur cuisine (NOUS)', payload '{"child_lock":"LOCK","countdown":0,"current":0.21,"energy":186.78,"indicator_mode":"on","last_seen":"2025-08-24T17:57:00.552Z","linkquality":248,"power":30,"power_outage_memory":"on","state":"ON","update":{"installed_version":192,"latest_version":192,"state":"idle"},"voltage":227}'
[2025-08-24 19:57:00] info: 	z2m:mqtt: MQTT publish: topic 'zigbee2mqtt/qualite air bureau (IKEA)', payload '{"humidity":64,"identify":null,"last_seen":"2025-08-24T17:57:00.913Z","linkquality":224,"pm25":18,"temperature":27,"update":{"installed_version":16777233,"latest_version":16777233,"state":"idle"},"voc_index":314}'
[2025-08-24 19:57:01] info: 	z2m:mqtt: MQTT publish: topic 'zigbee2mqtt/qualite air salon (IKEA)', payload '{"humidity":65,"identify":null,"last_seen":"2025-08-24T17:57:01.576Z","linkquality":168,"pm25":11,"temperature":27,"update":{"installed_version":16777233,"latest_version":16777233,"state":"idle"},"voc_index":290}'
[2025-08-24 19:57:01] info: 	z2m:mqtt: MQTT publish: topic 'zigbee2mqtt/Radiateur élec cuisine ', payload '{"current":0,"energy":98.99,"last_seen":"2025-08-24T17:57:01.599Z","linkquality":196,"power":0,"power_outage_memory":"restore","state":"OFF","switch_type":"state","update":{"installed_version":72,"latest_version":72,"state":"idle"},"voltage":231}'
[2025-08-24 19:57:01] info: 	z2m:mqtt: MQTT publish: topic 'zigbee2mqtt/Radiateur élec cuisine ', payload '{"current":0,"energy":98.99,"last_seen":"2025-08-24T17:57:01.643Z","linkquality":196,"power":0,"power_outage_memory":"restore","state":"OFF","switch_type":"state","update":{"installed_version":72,"latest_version":72,"state":"idle"},"voltage":231}'
[2025-08-24 19:57:02] info: 	z2m:mqtt: MQTT publish: topic 'zigbee2mqtt/qualite air chambre (IKEA)', payload '{"humidity":65,"identify":null,"last_seen":"2025-08-24T17:57:02.546Z","linkquality":200,"pm25":41,"temperature":27,"update":{"installed_version":16777233,"latest_version":16777233,"state":"idle"},"voc_index":336}'
[2025-08-24 19:57:03] info: 	z2m:mqtt: MQTT publish: topic 'zigbee2mqtt/Th Cuisine', payload '{"battery":22,"comfort_humidity_max":55,"comfort_humidity_min":40,"comfort_temperature_max":25,"comfort_temperature_min":21,"humidity":62.9,"humidity_calibration":0,"last_seen":"2025-08-24T17:57:03.484Z","linkquality":224,"temperature":26.8,"temperature_calibration":0,"temperature_units":"celsius","update":{"installed_version":8960,"latest_version":8960,"state":"idle"}}'
[2025-08-24 19:57:06] info: 	z2m:mqtt: MQTT publish: topic 'zigbee2mqtt/prise lave linge (NOUS)', payload '{"child_lock":"LOCK","countdown":0,"current":0,"energy":100.64,"indicator_mode":"on","last_seen":"2025-08-24T17:57:06.543Z","linkquality":192,"power":0,"power_outage_memory":"on","state":"ON","update":{"installed_version":192,"latest_version":192,"state":"idle"},"voltage":229}'
[2025-08-24 19:57:06] info: 	z2m:mqtt: MQTT publish: topic 'zigbee2mqtt/prise bureau pc (IKEA)', payload '{"current":1.02,"energy":615.26,"identify":null,"last_seen":"2025-08-24T17:57:06.781Z","linkquality":255,"power":186.7,"power_on_behavior":"previous","state":"ON","update":{"installed_version":33816645,"latest_version":33816645,"state":"idle"},"voltage":229.8}'
[2025-08-24 19:57:07] info: 	z2m:mqtt: MQTT publish: topic 'zigbee2mqtt/prise mini pc (IKEA)', payload '{"current":0.13,"energy":5.86,"identify":null,"last_seen":"2025-08-24T17:57:07.375Z","linkquality":255,"power":7.2,"power_on_behavior":"previous","state":"ON","update":{"installed_version":33816645,"latest_version":33816645,"state":"idle"},"voltage":226.3}'
[2025-08-24 19:57:07] info: 	z2m:mqtt: MQTT publish: topic 'zigbee2mqtt/Four et Plaque de Cuisson', payload '{"ac_frequency":49.94,"current":0,"data_report_duration":60,"energy":60,"last_seen":"2025-08-24T17:57:07.996Z","linkquality":216,"power":0,"power_factor":100,"produced_energy":0,"voltage":230}'
[2025-08-24 19:57:08] info: 	z2m:mqtt: MQTT publish: topic 'zigbee2mqtt/prise frigo cuisine (NOUS)', payload '{"child_lock":"LOCK","countdown":0,"current":0,"energy":106.05,"indicator_mode":"on/off","last_seen":"2025-08-24T17:57:08.489Z","linkquality":88,"power":0,"power_outage_memory":"on","state":"ON","update":{"installed_version":192,"latest_version":192,"state":"idle"},"voltage":227}'
[2025-08-24 19:57:09] info: 	z2m:mqtt: MQTT publish: topic 'zigbee2mqtt/prise pc's gege (IKEA)', payload '{"current":0.67,"energy":310.05,"identify":null,"last_seen":"2025-08-24T17:57:09.323Z","linkquality":168,"power":128.5,"power_on_behavior":"on","state":"ON","update":{"installed_version":33816645,"latest_version":33816645,"state":"idle"},"voltage":229.6}'
[2025-08-24 19:57:10] info: 	z2m:mqtt: MQTT publish: topic 'zigbee2mqtt/qualite air bureau (IKEA)', payload '{"humidity":64,"identify":null,"last_seen":"2025-08-24T17:57:10.942Z","linkquality":228,"pm25":18,"temperature":27,"update":{"installed_version":16777233,"latest_version":16777233,"state":"idle"},"voc_index":314}'
[2025-08-24 19:57:11] info: 	z2m:mqtt: MQTT publish: topic 'zigbee2mqtt/qualite air salon (IKEA)', payload '{"humidity":64,"identify":null,"last_seen":"2025-08-24T17:57:11.592Z","linkquality":168,"pm25":11,"temperature":27,"update":{"installed_version":16777233,"latest_version":16777233,"state":"idle"},"voc_index":290}'
[2025-08-24 19:57:12] info: 	z2m:mqtt: MQTT publish: topic 'zigbee2mqtt/prise frigo cuisine (NOUS)', payload '{"child_lock":"LOCK","countdown":0,"current":0,"energy":106.05,"indicator_mode":"on/off","last_seen":"2025-08-24T17:57:08.489Z","linkquality":88,"power":0,"power_outage_memory":"on","state":"ON","update":{"installed_version":192,"latest_version":192,"state":"idle"},"voltage":227}'
[2025-08-24 19:57:12] info: 	z2m:mqtt: MQTT publish: topic 'zigbee2mqtt/prise frigo cuisine (NOUS)', payload '{"child_lock":"LOCK","countdown":0,"current":0,"energy":106.05,"indicator_mode":"on/off","last_seen":"2025-08-24T17:57:08.489Z","linkquality":88,"power":0,"power_outage_memory":"on","state":"ON","update":{"installed_version":192,"latest_version":192,"state":"idle"},"voltage":227}'
[2025-08-24 19:57:12] info: 	z2m:mqtt: MQTT publish: topic 'zigbee2mqtt/qualite air chambre (IKEA)', payload '{"humidity":65,"identify":null,"last_seen":"2025-08-24T17:57:12.556Z","linkquality":200,"pm25":41,"temperature":27,"update":{"installed_version":16777233,"latest_version":16777233,"state":"idle"},"voc_index":336}'
[2025-08-24 19:57:15] info: 	z2m:mqtt: MQTT publish: topic 'zigbee2mqtt/Four et Plaque de Cuisson', payload '{"ac_frequency":49.94,"current":0,"data_report_duration":60,"energy":60,"last_seen":"2025-08-24T17:57:15.084Z","linkquality":216,"power":0,"power_factor":100,"produced_energy":0,"voltage":230}'
[2025-08-24 19:57:15] info: 	z2m:mqtt: MQTT publish: topic 'zigbee2mqtt/Four et Plaque de Cuisson', payload '{"ac_frequency":49.94,"current":0,"data_report_duration":60,"energy":60,"last_seen":"2025-08-24T17:57:15.134Z","linkquality":216,"power":0,"power_factor":100,"produced_energy":0,"voltage":230}'
[2025-08-24 19:57:15] info: 	z2m:mqtt: MQTT publish: topic 'zigbee2mqtt/Four et Plaque de Cuisson', payload '{"ac_frequency":49.94,"current":0,"data_report_duration":60,"energy":60,"last_seen":"2025-08-24T17:57:15.184Z","linkquality":216,"power":0,"power_factor":100,"produced_energy":0,"voltage":230}'
[2025-08-24 19:57:15] info: 	z2m:mqtt: MQTT publish: topic 'zigbee2mqtt/Four et Plaque de Cuisson', payload '{"ac_frequency":49.94,"current":0,"data_report_duration":60,"energy":60,"last_seen":"2025-08-24T17:57:15.233Z","linkquality":216,"power":0,"power_factor":100,"produced_energy":0,"voltage":230}'
[2025-08-24 19:57:15] info: 	z2m:mqtt: MQTT publish: topic 'zigbee2mqtt/Four et Plaque de Cuisson', payload '{"ac_frequency":49.94,"current":0,"data_report_duration":60,"energy":60,"last_seen":"2025-08-24T17:57:15.281Z","linkquality":216,"power":0,"power_factor":100,"produced_energy":0,"voltage":230}'
[2025-08-24 19:57:15] info: 	z2m:mqtt: MQTT publish: topic 'zigbee2mqtt/Four et Plaque de Cuisson', payload '{"ac_frequency":49.94,"current":0,"data_report_duration":60,"energy":60,"last_seen":"2025-08-24T17:57:15.329Z","linkquality":216,"power":0,"power_factor":100,"produced_energy":0,"voltage":231}'
[2025-08-24 19:57:15] info: 	z2m:mqtt: MQTT publish: topic 'zigbee2mqtt/Four et Plaque de Cuisson', payload '{"ac_frequency":49.94,"current":0,"data_report_duration":60,"energy":60,"last_seen":"2025-08-24T17:57:15.375Z","linkquality":216,"power":0,"power_factor":100,"produced_energy":0,"voltage":231}'
[2025-08-24 19:57:15] info: 	z2m:mqtt: MQTT publish: topic 'zigbee2mqtt/Four et Plaque de Cuisson', payload '{"ac_frequency":49.94,"current":0,"data_report_duration":60,"energy":60,"last_seen":"2025-08-24T17:57:15.425Z","linkquality":216,"power":0,"power_factor":100,"produced_energy":0,"voltage":231}'
[2025-08-24 19:57:16] info: 	z2m:mqtt: MQTT publish: topic 'zigbee2mqtt/prise bureau pc (IKEA)', payload '{"current":1.02,"energy":615.26,"identify":null,"last_seen":"2025-08-24T17:57:16.863Z","linkquality":255,"power":177.8,"power_on_behavior":"previous","state":"ON","update":{"installed_version":33816645,"latest_version":33816645,"state":"idle"},"voltage":229.8}'
[2025-08-24 19:57:17] info: 	z2m:mqtt: MQTT publish: topic 'zigbee2mqtt/prise tete de lit chambre', payload '{"current":0,"energy":25.58,"identify":null,"last_seen":"2025-08-24T17:57:17.179Z","linkquality":192,"power":0,"power_on_behavior":"on","state":"OFF","update":{"installed_version":33816645,"latest_version":33816645,"state":"idle"},"voltage":236.4}'
[2025-08-24 19:57:17] info: 	z2m:mqtt: MQTT publish: topic 'zigbee2mqtt/prise mini pc (IKEA)', payload '{"current":0.07,"energy":5.86,"identify":null,"last_seen":"2025-08-24T17:57:17.381Z","linkquality":255,"power":7.2,"power_on_behavior":"previous","state":"ON","update":{"installed_version":33816645,"latest_version":33816645,"state":"idle"},"voltage":226.3}'
[2025-08-24 19:57:18] info: 	z2m:mqtt: MQTT publish: topic 'zigbee2mqtt/prise bureau pc (IKEA)', payload '{"current":1.02,"energy":615.26,"identify":null,"last_seen":"2025-08-24T17:57:18.350Z","linkquality":255,"power":177.8,"power_on_behavior":"previous","state":"ON","update":{"installed_version":33816645,"latest_version":33816645,"state":"idle"},"voltage":229.3}'
[2025-08-24 19:57:19] info: 	z2m:mqtt: MQTT publish: topic 'zigbee2mqtt/prise horloge (IKEA)', payload '{"current":0.004,"energy":1.24,"identify":null,"last_seen":"2025-08-24T17:57:19.379Z","linkquality":255,"power":0.2,"power_on_behavior":"previous","state":"ON","update":{"installed_version":33816645,"latest_version":33816645,"state":"idle"},"voltage":235.1}'
[2025-08-24 19:57:19] info: 	z2m:mqtt: MQTT publish: topic 'zigbee2mqtt/prise pc's gege (IKEA)', payload '{"current":0.67,"energy":310.05,"identify":null,"last_seen":"2025-08-24T17:57:19.423Z","linkquality":168,"power":119,"power_on_behavior":"on","state":"ON","update":{"installed_version":33816645,"latest_version":33816645,"state":"idle"},"voltage":229.6}'
[2025-08-24 19:57:19] info: 	z2m:mqtt: MQTT publish: topic 'zigbee2mqtt/prise pc's gege (IKEA)', payload '{"current":0.67,"energy":310.05,"identify":null,"last_seen":"2025-08-24T17:57:19.429Z","linkquality":164,"power":119,"power_on_behavior":"on","state":"ON","update":{"installed_version":33816645,"latest_version":33816645,"state":"idle"},"voltage":228.8}'
[2025-08-24 19:57:19] info: 	z2m:mqtt: MQTT publish: topic 'zigbee2mqtt/prise box internet (IKEA)', payload '{"current":0.12,"energy":86.62,"identify":null,"last_seen":"2025-08-24T17:57:19.438Z","linkquality":144,"power":13,"power_on_behavior":"previous","state":"ON","update":{"installed_version":33816645,"latest_version":33816645,"state":"idle"},"voltage":228.2}'
[2025-08-24 19:57:20] info: 	z2m:mqtt: MQTT publish: topic 'zigbee2mqtt/qualite air bureau (IKEA)', payload '{"humidity":65,"identify":null,"last_seen":"2025-08-24T17:57:20.920Z","linkquality":224,"pm25":18,"temperature":27,"update":{"installed_version":16777233,"latest_version":16777233,"state":"idle"},"voc_index":314}'
[2025-08-24 19:57:21] info: 	z2m:mqtt: MQTT publish: topic 'zigbee2mqtt/qualite air salon (IKEA)', payload '{"humidity":64,"identify":null,"last_seen":"2025-08-24T17:57:21.519Z","linkquality":172,"pm25":11,"temperature":27,"update":{"installed_version":16777233,"latest_version":16777233,"state":"idle"},"voc_index":290}'
[2025-08-24 19:57:22] info: 	z2m:mqtt: MQTT publish: topic 'zigbee2mqtt/qualite air chambre (IKEA)', payload '{"humidity":64,"identify":null,"last_seen":"2025-08-24T17:57:22.478Z","linkquality":200,"pm25":41,"temperature":27,"update":{"installed_version":16777233,"latest_version":16777233,"state":"idle"},"voc_index":336}'
[2025-08-24 19:57:24] info: 	z2m:mqtt: MQTT publish: topic 'zigbee2mqtt/prise lave linge (NOUS)', payload '{"child_lock":"LOCK","countdown":0,"current":0,"energy":100.64,"indicator_mode":"on","last_seen":"2025-08-24T17:57:24.325Z","linkquality":188,"power":0,"power_outage_memory":"on","state":"ON","update":{"installed_version":192,"latest_version":192,"state":"idle"},"voltage":229}'
[2025-08-24 19:57:27] info: 	z2m:mqtt: MQTT publish: topic 'zigbee2mqtt/prise tete de lit chambre', payload '{"current":0,"energy":25.58,"identify":null,"last_seen":"2025-08-24T17:57:27.466Z","linkquality":192,"power":0,"power_on_behavior":"on","state":"OFF","update":{"installed_version":33816645,"latest_version":33816645,"state":"idle"},"voltage":237}'
[2025-08-24 19:57:28] info: 	z2m:mqtt: MQTT publish: topic 'zigbee2mqtt/prise bureau pc (IKEA)', payload '{"current":1.02,"energy":615.26,"identify":null,"last_seen":"2025-08-24T17:57:28.699Z","linkquality":255,"power":177.8,"power_on_behavior":"previous","state":"ON","update":{"installed_version":33816645,"latest_version":33816645,"state":"idle"},"voltage":229.8}'
[2025-08-24 19:57:29] info: 	z2m:mqtt: MQTT publish: topic 'zigbee2mqtt/prise horloge (IKEA)', payload '{"current":0.004,"energy":1.24,"identify":null,"last_seen":"2025-08-24T17:57:29.289Z","linkquality":255,"power":0.2,"power_on_behavior":"previous","state":"ON","update":{"installed_version":33816645,"latest_version":33816645,"state":"idle"},"voltage":235.9}'
[2025-08-24 19:57:29] info: 	z2m:mqtt: MQTT publish: topic 'zigbee2mqtt/prise box internet (IKEA)', payload '{"current":0.12,"energy":86.62,"identify":null,"last_seen":"2025-08-24T17:57:29.334Z","linkquality":148,"power":13,"power_on_behavior":"previous","state":"ON","update":{"installed_version":33816645,"latest_version":33816645,"state":"idle"},"voltage":229}'
[2025-08-24 19:57:29] info: 	z2m:mqtt: MQTT publish: topic 'zigbee2mqtt/prise pc's gege (IKEA)', payload '{"current":0.67,"energy":310.05,"identify":null,"last_seen":"2025-08-24T17:57:29.355Z","linkquality":168,"power":118.8,"power_on_behavior":"on","state":"ON","update":{"installed_version":33816645,"latest_version":33816645,"state":"idle"},"voltage":228.8}'
[2025-08-24 19:57:29] info: 	z2m:mqtt: MQTT publish: topic 'zigbee2mqtt/prise pc's gege (IKEA)', payload '{"current":0.67,"energy":310.05,"identify":null,"last_seen":"2025-08-24T17:57:29.430Z","linkquality":168,"power":118.8,"power_on_behavior":"on","state":"ON","update":{"installed_version":33816645,"latest_version":33816645,"state":"idle"},"voltage":229.5}'
[2025-08-24 19:57:32] info: 	z2m:mqtt: MQTT publish: topic 'zigbee2mqtt/qualite air chambre (IKEA)', payload '{"humidity":65,"identify":null,"last_seen":"2025-08-24T17:57:32.447Z","linkquality":200,"pm25":41,"temperature":27,"update":{"installed_version":16777233,"latest_version":16777233,"state":"idle"},"voc_index":336}'
[2025-08-24 19:57:34] info: 	z2m:mqtt: MQTT publish: topic 'zigbee2mqtt/qualite air bureau (IKEA)', payload '{"humidity":64,"identify":null,"last_seen":"2025-08-24T17:57:34.568Z","linkquality":224,"pm25":18,"temperature":27,"update":{"installed_version":16777233,"latest_version":16777233,"state":"idle"},"voc_index":314}'
[2025-08-24 19:57:36] info: 	z2m:mqtt: MQTT publish: topic 'zigbee2mqtt/prise bureau pc (IKEA)', payload '{"current":1.02,"energy":615.26,"identify":null,"last_seen":"2025-08-24T17:57:36.425Z","linkquality":255,"power":184.6,"power_on_behavior":"previous","state":"ON","update":{"installed_version":33816645,"latest_version":33816645,"state":"idle"},"voltage":229.8}'
[2025-08-24 19:57:36] info: 	z2m:mqtt: MQTT publish: topic 'zigbee2mqtt/prise mini pc (IKEA)', payload '{"current":0.13,"energy":5.86,"identify":null,"last_seen":"2025-08-24T17:57:36.986Z","linkquality":255,"power":7.2,"power_on_behavior":"previous","state":"ON","update":{"installed_version":33816645,"latest_version":33816645,"state":"idle"},"voltage":226.3}'
[2025-08-24 19:57:37] info: 	z2m:mqtt: MQTT publish: topic 'zigbee2mqtt/prise lave vaisselle (NOUS)', payload '{"child_lock":"LOCK","countdown":0,"current":0,"energy":115.82,"indicator_mode":"on","last_seen":"2025-08-24T17:57:37.065Z","linkquality":156,"power":0,"power_outage_memory":"on","state":"ON","update":{"installed_version":192,"latest_version":192,"state":"idle"},"voltage":229}'
[2025-08-24 19:57:37] info: 	z2m:mqtt: MQTT publish: topic 'zigbee2mqtt/prise lave vaisselle (NOUS)', payload '{"child_lock":"LOCK","countdown":0,"current":0,"energy":115.82,"indicator_mode":"on","last_seen":"2025-08-24T17:57:37.109Z","linkquality":160,"power":0,"power_outage_memory":"on","state":"ON","update":{"installed_version":192,"latest_version":192,"state":"idle"},"voltage":229}'
[2025-08-24 19:57:37] info: 	z2m:mqtt: MQTT publish: topic 'zigbee2mqtt/prise bureau pc (IKEA)', payload '{"current":1.07,"energy":615.26,"identify":null,"last_seen":"2025-08-24T17:57:37.447Z","linkquality":255,"power":184.6,"power_on_behavior":"previous","state":"ON","update":{"installed_version":33816645,"latest_version":33816645,"state":"idle"},"voltage":229.8}'
[2025-08-24 19:57:37] info: 	z2m:mqtt: MQTT publish: topic 'zigbee2mqtt/prise mini pc (IKEA)', payload '{"current":0.13,"energy":5.86,"identify":null,"last_seen":"2025-08-24T17:57:37.455Z","linkquality":255,"power":16.7,"power_on_behavior":"previous","state":"ON","update":{"installed_version":33816645,"latest_version":33816645,"state":"idle"},"voltage":226.3}'
[2025-08-24 19:57:40] info: 	z2m:mqtt: MQTT publish: topic 'zigbee2mqtt/Th Salon', payload '{"battery":40,"comfort_humidity_max":55,"comfort_humidity_min":40,"comfort_temperature_max":25,"comfort_temperature_min":21,"humidity":59.6,"humidity_calibration":0,"last_seen":"2025-08-24T17:57:40.060Z","linkquality":164,"temperature":26.7,"temperature_calibration":0,"temperature_units":"celsius","update":{"installed_version":8960,"latest_version":8960,"state":"idle"}}'
[2025-08-24 19:57:40] info: 	z2m:mqtt: MQTT publish: topic 'zigbee2mqtt/Th Salon', payload '{"battery":40,"comfort_humidity_max":55,"comfort_humidity_min":40,"comfort_temperature_max":25,"comfort_temperature_min":21,"humidity":59.6,"humidity_calibration":0,"last_seen":"2025-08-24T17:57:40.413Z","linkquality":168,"temperature":26.7,"temperature_calibration":0,"temperature_units":"celsius","update":{"installed_version":8960,"latest_version":8960,"state":"idle"}}'
[2025-08-24 19:57:40] info: 	z2m:mqtt: MQTT publish: topic 'zigbee2mqtt/prise pc's gege (IKEA)', payload '{"current":0.67,"energy":310.05,"identify":null,"last_seen":"2025-08-24T17:57:40.551Z","linkquality":168,"power":125.2,"power_on_behavior":"on","state":"ON","update":{"installed_version":33816645,"latest_version":33816645,"state":"idle"},"voltage":229.5}'
[2025-08-24 19:57:41] info: 	z2m:mqtt: MQTT publish: topic 'zigbee2mqtt/prise horloge (IKEA)', payload '{"current":0.004,"energy":1.24,"identify":null,"last_seen":"2025-08-24T17:57:41.543Z","linkquality":255,"power":0.2,"power_on_behavior":"previous","state":"ON","update":{"installed_version":33816645,"latest_version":33816645,"state":"idle"},"voltage":236.4}'
[2025-08-24 19:57:41] info: 	z2m:mqtt: MQTT publish: topic 'zigbee2mqtt/prise box internet (IKEA)', payload '{"current":0.12,"energy":86.62,"identify":null,"last_seen":"2025-08-24T17:57:41.583Z","linkquality":148,"power":13,"power_on_behavior":"previous","state":"ON","update":{"installed_version":33816645,"latest_version":33816645,"state":"idle"},"voltage":229.5}'
[2025-08-24 19:57:41] info: 	z2m:mqtt: MQTT publish: topic 'zigbee2mqtt/prise pc's gege (IKEA)', payload '{"current":0.67,"energy":310.05,"identify":null,"last_seen":"2025-08-24T17:57:41.704Z","linkquality":168,"power":125.2,"power_on_behavior":"on","state":"ON","update":{"installed_version":33816645,"latest_version":33816645,"state":"idle"},"voltage":230}'
[2025-08-24 19:57:42] info: 	z2m:mqtt: MQTT publish: topic 'zigbee2mqtt/qualite air chambre (IKEA)', payload '{"humidity":65,"identify":null,"last_seen":"2025-08-24T17:57:42.415Z","linkquality":200,"pm25":41,"temperature":27,"update":{"installed_version":16777233,"latest_version":16777233,"state":"idle"},"voc_index":336}'
[2025-08-24 19:57:42] info: 	z2m:mqtt: MQTT publish: topic 'zigbee2mqtt/prise four micro ondes (NOUS)', payload '{"child_lock":"UNLOCK","countdown":0,"current":0.03,"energy":57.38,"indicator_mode":"off/on","last_seen":"2025-08-24T17:57:42.696Z","linkquality":255,"power":0,"power_outage_memory":"restore","state":"ON","update":{"installed_version":192,"latest_version":192,"state":"idle"},"voltage":228}'
[2025-08-24 19:57:44] info: 	z2m:mqtt: MQTT publish: topic 'zigbee2mqtt/qualite air bureau (IKEA)', payload '{"humidity":65,"identify":null,"last_seen":"2025-08-24T17:57:44.550Z","linkquality":224,"pm25":18,"temperature":27,"update":{"installed_version":16777233,"latest_version":16777233,"state":"idle"},"voc_index":314}'
[2025-08-24 19:57:44] info: 	z2m:mqtt: MQTT publish: topic 'zigbee2mqtt/prise bureau pc (IKEA)', payload '{"current":1.07,"energy":615.26,"identify":null,"last_seen":"2025-08-24T17:57:44.997Z","linkquality":255,"power":184.6,"power_on_behavior":"previous","state":"ON","update":{"installed_version":33816645,"latest_version":33816645,"state":"idle"},"voltage":230.3}'
[2025-08-24 19:57:45] info: 	z2m:mqtt: MQTT publish: topic 'zigbee2mqtt/prise tete de lit chambre', payload '{"current":0,"energy":25.58,"identify":null,"last_seen":"2025-08-24T17:57:45.205Z","linkquality":196,"power":0,"power_on_behavior":"on","state":"OFF","update":{"installed_version":33816645,"latest_version":33816645,"state":"idle"},"voltage":237.5}'
[2025-08-24 19:57:45] info: 	z2m:mqtt: MQTT publish: topic 'zigbee2mqtt/prise salon chargeur (NOUS)', payload '{"child_lock":"UNLOCK","countdown":0,"current":0.05,"energy":37.11,"indicator_mode":"off","last_seen":"2025-08-24T17:57:45.321Z","linkquality":176,"power":5,"power_outage_memory":"on","state":"ON","update":{"installed_version":192,"latest_version":192,"state":"idle"},"voltage":228}'
[2025-08-24 19:57:46] info: 	z2m:mqtt: MQTT publish: topic 'zigbee2mqtt/prise bureau pc (IKEA)', payload '{"current":1.07,"energy":615.26,"identify":null,"last_seen":"2025-08-24T17:57:46.414Z","linkquality":255,"power":177.9,"power_on_behavior":"previous","state":"ON","update":{"installed_version":33816645,"latest_version":33816645,"state":"idle"},"voltage":230.3}'
[2025-08-24 19:57:46] info: 	z2m:mqtt: MQTT publish: topic 'zigbee2mqtt/prise mini pc (IKEA)', payload '{"current":0.07,"energy":5.86,"identify":null,"last_seen":"2025-08-24T17:57:46.949Z","linkquality":255,"power":16.7,"power_on_behavior":"previous","state":"ON","update":{"installed_version":33816645,"latest_version":33816645,"state":"idle"},"voltage":226.3}'
[2025-08-24 19:57:47] info: 	z2m:mqtt: MQTT publish: topic 'zigbee2mqtt/prise bureau pc (IKEA)', payload '{"current":1.01,"energy":615.26,"identify":null,"last_seen":"2025-08-24T17:57:47.408Z","linkquality":255,"power":177.9,"power_on_behavior":"previous","state":"ON","update":{"installed_version":33816645,"latest_version":33816645,"state":"idle"},"voltage":230.3}'
[2025-08-24 19:57:47] info: 	z2m:mqtt: MQTT publish: topic 'zigbee2mqtt/prise mini pc (IKEA)', payload '{"current":0.07,"energy":5.86,"identify":null,"last_seen":"2025-08-24T17:57:47.419Z","linkquality":255,"power":7.1,"power_on_behavior":"previous","state":"ON","update":{"installed_version":33816645,"latest_version":33816645,"state":"idle"},"voltage":226.3}'
[2025-08-24 19:57:47] info: 	z2m:mqtt: MQTT publish: topic 'zigbee2mqtt/prise tv chambre (NOUS)', payload '{"child_lock":"LOCK","countdown":0,"current":0,"energy":164.71,"indicator_mode":"off","last_seen":"2025-08-24T17:57:47.944Z","linkquality":164,"power":0,"power_outage_memory":"on","state":"ON","update":{"installed_version":192,"latest_version":192,"state":"idle"},"voltage":228}'
[2025-08-24 19:57:47] info: 	z2m:mqtt: MQTT publish: topic 'zigbee2mqtt/prise tv chambre (NOUS)', payload '{"child_lock":"LOCK","countdown":0,"current":0,"energy":164.71,"indicator_mode":"off","last_seen":"2025-08-24T17:57:47.986Z","linkquality":168,"power":0,"power_outage_memory":"on","state":"ON","update":{"installed_version":192,"latest_version":192,"state":"idle"},"voltage":228}'
[2025-08-24 19:57:49] info: 	z2m:mqtt: MQTT publish: topic 'zigbee2mqtt/prise lave linge (NOUS)', payload '{"child_lock":"LOCK","countdown":0,"current":0,"energy":100.64,"indicator_mode":"on","last_seen":"2025-08-24T17:57:49.362Z","linkquality":188,"power":0,"power_outage_memory":"on","state":"ON","update":{"installed_version":192,"latest_version":192,"state":"idle"},"voltage":230}'
[2025-08-24 19:57:49] info: 	z2m:mqtt: MQTT publish: topic 'zigbee2mqtt/prise lave linge (NOUS)', payload '{"child_lock":"LOCK","countdown":0,"current":0,"energy":100.64,"indicator_mode":"on","last_seen":"2025-08-24T17:57:49.404Z","linkquality":188,"power":0,"power_outage_memory":"on","state":"ON","update":{"installed_version":192,"latest_version":192,"state":"idle"},"voltage":230}'
[2025-08-24 19:57:50] info: 	z2m:mqtt: MQTT publish: topic 'zigbee2mqtt/prise pc's gege (IKEA)', payload '{"current":0.67,"energy":310.05,"identify":null,"last_seen":"2025-08-24T17:57:50.558Z","linkquality":168,"power":118.3,"power_on_behavior":"on","state":"ON","update":{"installed_version":33816645,"latest_version":33816645,"state":"idle"},"voltage":230}'
[2025-08-24 19:57:58] info: 	z2m:mqtt: MQTT publish: topic 'zigbee2mqtt/prise lave vaisselle (NOUS)', payload '{"child_lock":"LOCK","countdown":0,"current":0,"energy":115.82,"indicator_mode":"on","last_seen":"2025-08-24T17:57:37.109Z","linkquality":160,"power":0,"power_outage_memory":"on","state":"ON","update":{"installed_version":192,"latest_version":192,"state":"idle"},"voltage":229}'
[2025-08-24 19:57:58] info: 	z2m:mqtt: MQTT publish: topic 'zigbee2mqtt/prise lave vaisselle (NOUS)', payload '{"child_lock":"LOCK","countdown":0,"current":0,"energy":115.82,"indicator_mode":"on","last_seen":"2025-08-24T17:57:37.109Z","linkquality":160,"power":0,"power_outage_memory":"on","state":"ON","update":{"installed_version":192,"latest_version":192,"state":"idle"},"voltage":229}'
[2025-08-24 19:57:59] info: 	z2m:mqtt: MQTT publish: topic 'zigbee2mqtt/Radiateur élec cuisine ', payload '{"current":0,"energy":98.99,"last_seen":"2025-08-24T17:57:59.697Z","linkquality":196,"power":0,"power_outage_memory":"restore","state":"OFF","switch_type":"state","update":{"installed_version":72,"latest_version":72,"state":"idle"},"voltage":231}'
[2025-08-24 19:58:00] info: 	z2m:mqtt: MQTT publish: topic 'zigbee2mqtt/prise pc's gege (IKEA)', payload '{"current":0.67,"energy":310.05,"identify":null,"last_seen":"2025-08-24T17:58:00.563Z","linkquality":168,"power":118.7,"power_on_behavior":"on","state":"ON","update":{"installed_version":33816645,"latest_version":33816645,"state":"idle"},"voltage":230}'
[2025-08-24 19:58:01] info: 	z2m:mqtt: MQTT publish: topic 'zigbee2mqtt/prise bureau pc (IKEA)', payload '{"current":1.01,"energy":615.26,"identify":null,"last_seen":"2025-08-24T17:58:01.298Z","linkquality":255,"power":177.9,"power_on_behavior":"previous","state":"ON","update":{"installed_version":33816645,"latest_version":33816645,"state":"idle"},"voltage":229.8}'
[2025-08-24 19:58:04] info: 	z2m:mqtt: MQTT publish: topic 'zigbee2mqtt/prise tete de lit chambre', payload '{"current":0,"energy":25.58,"identify":null,"last_seen":"2025-08-24T17:58:04.453Z","linkquality":196,"power":0,"power_on_behavior":"on","state":"OFF","update":{"installed_version":33816645,"latest_version":33816645,"state":"idle"},"voltage":237}'
[2025-08-24 19:58:05] info: 	z2m:mqtt: MQTT publish: topic 'zigbee2mqtt/qualite air salon (IKEA)', payload '{"humidity":65,"identify":null,"last_seen":"2025-08-24T17:58:05.190Z","linkquality":164,"pm25":11,"temperature":27,"update":{"installed_version":16777233,"latest_version":16777233,"state":"idle"},"voc_index":290}'
[2025-08-24 19:58:06] info: 	z2m:mqtt: MQTT publish: topic 'zigbee2mqtt/prise mini pc (IKEA)', payload '{"current":0.13,"energy":5.86,"identify":null,"last_seen":"2025-08-24T17:58:06.568Z","linkquality":255,"power":7.1,"power_on_behavior":"previous","state":"ON","update":{"installed_version":33816645,"latest_version":33816645,"state":"idle"},"voltage":226.3}'
[2025-08-24 19:58:07] info: 	z2m:mqtt: MQTT publish: topic 'zigbee2mqtt/prise mini pc (IKEA)', payload '{"current":0.13,"energy":5.86,"identify":null,"last_seen":"2025-08-24T17:58:07.035Z","linkquality":255,"power":16.3,"power_on_behavior":"previous","state":"ON","update":{"installed_version":33816645,"latest_version":33816645,"state":"idle"},"voltage":226.3}'
[2025-08-24 19:58:07] info: 	z2m:mqtt: MQTT publish: topic 'zigbee2mqtt/prise bureau pc (IKEA)', payload '{"current":1.07,"energy":615.26,"identify":null,"last_seen":"2025-08-24T17:58:07.097Z","linkquality":255,"power":177.9,"power_on_behavior":"previous","state":"ON","update":{"installed_version":33816645,"latest_version":33816645,"state":"idle"},"voltage":229.8}'
[2025-08-24 19:58:07] info: 	z2m:mqtt: MQTT publish: topic 'zigbee2mqtt/prise bureau pc (IKEA)', payload '{"current":1.07,"energy":615.26,"identify":null,"last_seen":"2025-08-24T17:58:07.570Z","linkquality":255,"power":186.1,"power_on_behavior":"previous","state":"ON","update":{"installed_version":33816645,"latest_version":33816645,"state":"idle"},"voltage":229.8}'
[2025-08-24 19:58:08] info: 	z2m:mqtt: MQTT publish: topic 'zigbee2mqtt/prise horloge (IKEA)', payload '{"current":0.004,"energy":1.24,"identify":null,"last_seen":"2025-08-24T17:58:08.232Z","linkquality":255,"power":0.2,"power_on_behavior":"previous","state":"ON","update":{"installed_version":33816645,"latest_version":33816645,"state":"idle"},"voltage":235.9}'
[2025-08-24 19:58:08] info: 	z2m:mqtt: MQTT publish: topic 'zigbee2mqtt/prise box internet (IKEA)', payload '{"current":0.12,"energy":86.62,"identify":null,"last_seen":"2025-08-24T17:58:08.255Z","linkquality":148,"power":13,"power_on_behavior":"previous","state":"ON","update":{"installed_version":33816645,"latest_version":33816645,"state":"idle"},"voltage":229}'
[2025-08-24 19:58:08] info: 	z2m:mqtt: MQTT publish: topic 'zigbee2mqtt/Clim Salon (NOUS)', payload '{"child_lock":"LOCK","countdown":0,"current":0,"energy":414.52,"indicator_mode":"on","last_seen":"2025-08-24T17:58:08.346Z","linkquality":255,"power":0,"power_outage_memory":"restore","state":"OFF","update":{"installed_version":192,"latest_version":192,"state":"idle"},"voltage":228}'
[2025-08-24 19:58:08] info: 	z2m:mqtt: MQTT publish: topic 'zigbee2mqtt/prise pc's gege (IKEA)', payload '{"current":0.67,"energy":310.05,"identify":null,"last_seen":"2025-08-24T17:58:08.429Z","linkquality":168,"power":118.7,"power_on_behavior":"on","state":"ON","update":{"installed_version":33816645,"latest_version":33816645,"state":"idle"},"voltage":229.5}'
[2025-08-24 19:58:08] info: 	z2m:mqtt: MQTT publish: topic 'zigbee2mqtt/Clim Salon (NOUS)', payload '{"child_lock":"LOCK","countdown":0,"current":0,"energy":414.52,"indicator_mode":"on","last_seen":"2025-08-24T17:58:08.527Z","linkquality":255,"power":0,"power_outage_memory":"restore","state":"OFF","update":{"installed_version":192,"latest_version":192,"state":"idle"},"voltage":229}'
[2025-08-24 19:58:08] info: 	z2m:mqtt: MQTT publish: topic 'zigbee2mqtt/prise tv chambre (NOUS)', payload '{"child_lock":"LOCK","countdown":0,"current":0,"energy":164.71,"indicator_mode":"off","last_seen":"2025-08-24T17:57:47.986Z","linkquality":168,"power":0,"power_outage_memory":"on","state":"ON","update":{"installed_version":192,"latest_version":192,"state":"idle"},"voltage":228}'
[2025-08-24 19:58:08] info: 	z2m:mqtt: MQTT publish: topic 'zigbee2mqtt/prise tv chambre (NOUS)', payload '{"child_lock":"LOCK","countdown":0,"current":0,"energy":164.71,"indicator_mode":"off","last_seen":"2025-08-24T17:57:47.986Z","linkquality":168,"power":0,"power_outage_memory":"on","state":"ON","update":{"installed_version":192,"latest_version":192,"state":"idle"},"voltage":228}'
[2025-08-24 19:58:10] info: 	z2m:mqtt: MQTT publish: topic 'zigbee2mqtt/prise lave linge (NOUS)', payload '{"child_lock":"LOCK","countdown":0,"current":0,"energy":100.64,"indicator_mode":"on","last_seen":"2025-08-24T17:57:49.404Z","linkquality":188,"power":0,"power_outage_memory":"on","state":"ON","update":{"installed_version":192,"latest_version":192,"state":"idle"},"voltage":230}'
[2025-08-24 19:58:10] info: 	z2m:mqtt: MQTT publish: topic 'zigbee2mqtt/prise lave linge (NOUS)', payload '{"child_lock":"LOCK","countdown":0,"current":0,"energy":100.64,"indicator_mode":"on","last_seen":"2025-08-24T17:57:49.404Z","linkquality":188,"power":0,"power_outage_memory":"on","state":"ON","update":{"installed_version":192,"latest_version":192,"state":"idle"},"voltage":230}'
[2025-08-24 19:58:11] info: 	z2m:mqtt: MQTT publish: topic 'zigbee2mqtt/prise pc's gege (IKEA)', payload '{"current":0.67,"energy":310.05,"identify":null,"last_seen":"2025-08-24T17:58:11.770Z","linkquality":168,"power":124.5,"power_on_behavior":"on","state":"ON","update":{"installed_version":33816645,"latest_version":33816645,"state":"idle"},"voltage":229.5}'
[2025-08-24 19:58:12] info: 	z2m:mqtt: MQTT publish: topic 'zigbee2mqtt/Clim Chambre (NOUS)', payload '{"child_lock":"LOCK","countdown":0,"current":0,"energy":392.86,"indicator_mode":"on","last_seen":"2025-08-24T17:58:12.251Z","linkquality":160,"power":0,"power_outage_memory":"restore","state":"OFF","update":{"installed_version":192,"latest_version":192,"state":"idle"},"voltage":228}'
[2025-08-24 19:58:14] info: 	z2m:mqtt: MQTT publish: topic 'zigbee2mqtt/Four et Plaque de Cuisson', payload '{"ac_frequency":49.94,"current":0,"data_report_duration":60,"energy":60,"last_seen":"2025-08-24T17:58:14.964Z","linkquality":216,"power":0,"power_factor":100,"produced_energy":0,"voltage":231}'
[2025-08-24 19:58:15] info: 	z2m:mqtt: MQTT publish: topic 'zigbee2mqtt/Four et Plaque de Cuisson', payload '{"ac_frequency":49.94,"current":0,"data_report_duration":60,"energy":60,"last_seen":"2025-08-24T17:58:15.012Z","linkquality":216,"power":0,"power_factor":100,"produced_energy":0,"voltage":231}'
[2025-08-24 19:58:15] info: 	z2m:mqtt: MQTT publish: topic 'zigbee2mqtt/Four et Plaque de Cuisson', payload '{"ac_frequency":49.94,"current":0,"data_report_duration":60,"energy":60,"last_seen":"2025-08-24T17:58:15.063Z","linkquality":216,"power":0,"power_factor":100,"produced_energy":0,"voltage":231}'
[2025-08-24 19:58:15] info: 	z2m:mqtt: MQTT publish: topic 'zigbee2mqtt/Four et Plaque de Cuisson', payload '{"ac_frequency":49.94,"current":0,"data_report_duration":60,"energy":60,"last_seen":"2025-08-24T17:58:15.111Z","linkquality":216,"power":0,"power_factor":100,"produced_energy":0,"voltage":231}'
[2025-08-24 19:58:15] info: 	z2m:mqtt: MQTT publish: topic 'zigbee2mqtt/Four et Plaque de Cuisson', payload '{"ac_frequency":49.94,"current":0,"data_report_duration":60,"energy":60,"last_seen":"2025-08-24T17:58:15.158Z","linkquality":216,"power":0,"power_factor":100,"produced_energy":0,"voltage":231}'
[2025-08-24 19:58:15] info: 	z2m:mqtt: MQTT publish: topic 'zigbee2mqtt/Four et Plaque de Cuisson', payload '{"ac_frequency":49.94,"current":0,"data_report_duration":60,"energy":60,"last_seen":"2025-08-24T17:58:15.205Z","linkquality":216,"power":0,"power_factor":100,"produced_energy":0,"voltage":231}'
[2025-08-24 19:58:15] info: 	z2m:mqtt: MQTT publish: topic 'zigbee2mqtt/Four et Plaque de Cuisson', payload '{"ac_frequency":49.94,"current":0,"data_report_duration":60,"energy":60,"last_seen":"2025-08-24T17:58:15.251Z","linkquality":216,"power":0,"power_factor":100,"produced_energy":0,"voltage":231}'
[2025-08-24 19:58:15] info: 	z2m:mqtt: MQTT publish: topic 'zigbee2mqtt/Four et Plaque de Cuisson', payload '{"ac_frequency":49.94,"current":0,"data_report_duration":60,"energy":60,"last_seen":"2025-08-24T17:58:15.298Z","linkquality":216,"power":0,"power_factor":100,"produced_energy":0,"voltage":231}'
[2025-08-24 19:58:16] info: 	z2m:mqtt: MQTT publish: topic 'zigbee2mqtt/qualite air chambre (IKEA)', payload '{"humidity":64,"identify":null,"last_seen":"2025-08-24T17:58:16.009Z","linkquality":200,"pm25":41,"temperature":27,"update":{"installed_version":16777233,"latest_version":16777233,"state":"idle"},"voc_index":336}'
[2025-08-24 19:58:16] info: 	z2m:mqtt: MQTT publish: topic 'zigbee2mqtt/prise mini pc (IKEA)', payload '{"current":0.07,"energy":5.86,"identify":null,"last_seen":"2025-08-24T17:58:16.575Z","linkquality":255,"power":16.3,"power_on_behavior":"previous","state":"ON","update":{"installed_version":33816645,"latest_version":33816645,"state":"idle"},"voltage":226.3}'
[2025-08-24 19:58:17] info: 	z2m:mqtt: MQTT publish: topic 'zigbee2mqtt/prise mini pc (IKEA)', payload '{"current":0.07,"energy":5.86,"identify":null,"last_seen":"2025-08-24T17:58:17.014Z","linkquality":255,"power":7.2,"power_on_behavior":"previous","state":"ON","update":{"installed_version":33816645,"latest_version":33816645,"state":"idle"},"voltage":226.3}'
[2025-08-24 19:58:17] info: 	z2m:mqtt: MQTT publish: topic 'zigbee2mqtt/prise bureau pc (IKEA)', payload '{"current":1.01,"energy":615.26,"identify":null,"last_seen":"2025-08-24T17:58:17.104Z","linkquality":255,"power":186.1,"power_on_behavior":"previous","state":"ON","update":{"installed_version":33816645,"latest_version":33816645,"state":"idle"},"voltage":229.8}'
[2025-08-24 19:58:17] info: 	z2m:mqtt: MQTT publish: topic 'zigbee2mqtt/prise bureau pc (IKEA)', payload '{"current":1.01,"energy":615.26,"identify":null,"last_seen":"2025-08-24T17:58:17.568Z","linkquality":255,"power":177.5,"power_on_behavior":"previous","state":"ON","update":{"installed_version":33816645,"latest_version":33816645,"state":"idle"},"voltage":229.8}'
[2025-08-24 19:58:19] info: 	z2m:mqtt: MQTT publish: topic 'zigbee2mqtt/Clim Salon (NOUS)', payload '{"child_lock":"LOCK","countdown":0,"current":0,"energy":414.52,"indicator_mode":"on","last_seen":"2025-08-24T17:58:08.527Z","linkquality":255,"power":0,"power_outage_memory":"restore","state":"OFF","update":{"installed_version":192,"latest_version":192,"state":"idle"},"voltage":229}'
[2025-08-24 19:58:19] info: 	z2m:mqtt: MQTT publish: topic 'zigbee2mqtt/Clim Salon (NOUS)', payload '{"child_lock":"LOCK","countdown":0,"current":0,"energy":414.52,"indicator_mode":"on","last_seen":"2025-08-24T17:58:08.527Z","linkquality":255,"power":0,"power_outage_memory":"restore","state":"OFF","update":{"installed_version":192,"latest_version":192,"state":"idle"},"voltage":229}'
[2025-08-24 19:58:20] info: 	z2m:mqtt: MQTT publish: topic 'zigbee2mqtt/qualite air chambre (IKEA)', payload '{"humidity":64,"identify":null,"last_seen":"2025-08-24T17:58:20.478Z","linkquality":200,"pm25":36,"temperature":27,"update":{"installed_version":16777233,"latest_version":16777233,"state":"idle"},"voc_index":336}'
[2025-08-24 19:58:20] info: 	z2m:mqtt: MQTT publish: topic 'zigbee2mqtt/qualite air chambre (IKEA)', payload '{"humidity":64,"identify":null,"last_seen":"2025-08-24T17:58:20.567Z","linkquality":200,"pm25":36,"temperature":27,"update":{"installed_version":16777233,"latest_version":16777233,"state":"idle"},"voc_index":331}'
[2025-08-24 19:58:21] info: 	z2m:mqtt: MQTT publish: topic 'zigbee2mqtt/prise pc's gege (IKEA)', payload '{"current":0.67,"energy":310.05,"identify":null,"last_seen":"2025-08-24T17:58:21.754Z","linkquality":168,"power":118.2,"power_on_behavior":"on","state":"ON","update":{"installed_version":33816645,"latest_version":33816645,"state":"idle"},"voltage":229.5}'
[2025-08-24 19:58:22] info: 	z2m:mqtt: MQTT publish: topic 'zigbee2mqtt/Prise Bureau Fer à Repasser (NOUS)', payload '{"child_lock":"UNLOCK","countdown":0,"current":0,"energy":1.99,"indicator_mode":"off/on","last_seen":"2025-08-24T17:58:22.928Z","linkquality":192,"power":0,"power_outage_memory":"on","state":"ON","update":{"installed_version":192,"latest_version":192,"state":"idle"},"voltage":229}'
[2025-08-24 19:58:22] info: 	z2m:mqtt: MQTT publish: topic 'zigbee2mqtt/Prise Bureau Fer à Repasser (NOUS)', payload '{"child_lock":"UNLOCK","countdown":0,"current":0,"energy":1.99,"indicator_mode":"off/on","last_seen":"2025-08-24T17:58:22.972Z","linkquality":192,"power":0,"power_outage_memory":"on","state":"ON","update":{"installed_version":192,"latest_version":192,"state":"idle"},"voltage":229}'
[2025-08-24 19:58:23] info: 	z2m:mqtt: MQTT publish: topic 'zigbee2mqtt/qualite air salon (IKEA)', payload '{"humidity":64,"identify":null,"last_seen":"2025-08-24T17:58:23.574Z","linkquality":164,"pm25":11,"temperature":27,"update":{"installed_version":16777233,"latest_version":16777233,"state":"idle"},"voc_index":290}'
[2025-08-24 19:58:25] info: 	z2m:mqtt: MQTT publish: topic 'zigbee2mqtt/qualite air chambre (IKEA)', payload '{"humidity":65,"identify":null,"last_seen":"2025-08-24T17:58:25.931Z","linkquality":200,"pm25":36,"temperature":27,"update":{"installed_version":16777233,"latest_version":16777233,"state":"idle"},"voc_index":331}'
[2025-08-24 19:58:26] info: 	z2m:mqtt: MQTT publish: topic 'zigbee2mqtt/prise salon chargeur (NOUS)', payload '{"child_lock":"UNLOCK","countdown":0,"current":0.05,"energy":37.11,"indicator_mode":"off","last_seen":"2025-08-24T17:58:26.893Z","linkquality":180,"power":5,"power_outage_memory":"on","state":"ON","update":{"installed_version":192,"latest_version":192,"state":"idle"},"voltage":228}'
[2025-08-24 19:58:26] info: 	z2m:mqtt: MQTT publish: topic 'zigbee2mqtt/prise salon chargeur (NOUS)', payload '{"child_lock":"UNLOCK","countdown":0,"current":0.05,"energy":37.11,"indicator_mode":"off","last_seen":"2025-08-24T17:58:26.935Z","linkquality":176,"power":5,"power_outage_memory":"on","state":"ON","update":{"installed_version":192,"latest_version":192,"state":"idle"},"voltage":228}'
[2025-08-24 19:58:31] info: 	z2m:mqtt: MQTT publish: topic 'zigbee2mqtt/prise pc's gege (IKEA)', payload '{"current":0.67,"energy":310.05,"identify":null,"last_seen":"2025-08-24T17:58:31.760Z","linkquality":168,"power":122.2,"power_on_behavior":"on","state":"ON","update":{"installed_version":33816645,"latest_version":33816645,"state":"idle"},"voltage":229.5}'
[2025-08-24 19:58:33] info: 	z2m:mqtt: MQTT publish: topic 'zigbee2mqtt/qualite air salon (IKEA)', payload '{"humidity":65,"identify":null,"last_seen":"2025-08-24T17:58:33.503Z","linkquality":164,"pm25":11,"temperature":27,"update":{"installed_version":16777233,"latest_version":16777233,"state":"idle"},"voc_index":290}'
[2025-08-24 19:58:33] info: 	z2m:mqtt: MQTT publish: topic 'zigbee2mqtt/Prise Bureau Fer à Repasser (NOUS)', payload '{"child_lock":"UNLOCK","countdown":0,"current":0,"energy":1.99,"indicator_mode":"off/on","last_seen":"2025-08-24T17:58:22.972Z","linkquality":192,"power":0,"power_outage_memory":"on","state":"ON","update":{"installed_version":192,"latest_version":192,"state":"idle"},"voltage":229}'
[2025-08-24 19:58:33] info: 	z2m:mqtt: MQTT publish: topic 'zigbee2mqtt/Prise Bureau Fer à Repasser (NOUS)', payload '{"child_lock":"UNLOCK","countdown":0,"current":0,"energy":1.99,"indicator_mode":"off/on","last_seen":"2025-08-24T17:58:22.972Z","linkquality":192,"power":0,"power_outage_memory":"on","state":"ON","update":{"installed_version":192,"latest_version":192,"state":"idle"},"voltage":229}'
[2025-08-24 19:58:34] info: 	z2m:mqtt: MQTT publish: topic 'zigbee2mqtt/Prise Radiateur Salle de Bain (NOUS)', payload '{"child_lock":"LOCK","countdown":0,"current":0,"energy":0.27,"indicator_mode":"off/on","last_seen":"2025-08-24T17:58:34.340Z","linkquality":255,"power":0,"power_outage_memory":"restore","state":"OFF","update":{"installed_version":192,"latest_version":192,"state":"idle"},"voltage":229}'
[2025-08-24 19:58:36] info: 	z2m:mqtt: MQTT publish: topic 'zigbee2mqtt/prise mini pc (IKEA)', payload '{"current":0.07,"energy":5.86,"identify":null,"last_seen":"2025-08-24T17:58:36.607Z","linkquality":255,"power":16.1,"power_on_behavior":"previous","state":"ON","update":{"installed_version":33816645,"latest_version":33816645,"state":"idle"},"voltage":226.3}'
[2025-08-24 19:58:36] info: 	z2m:mqtt: MQTT publish: topic 'zigbee2mqtt/prise bureau pc (IKEA)', payload '{"current":1.07,"energy":615.26,"identify":null,"last_seen":"2025-08-24T17:58:36.754Z","linkquality":255,"power":177.5,"power_on_behavior":"previous","state":"ON","update":{"installed_version":33816645,"latest_version":33816645,"state":"idle"},"voltage":229.8}'
[2025-08-24 19:58:36] info: 	z2m:mqtt: MQTT publish: topic 'zigbee2mqtt/prise bureau pc (IKEA)', payload '{"current":1.07,"energy":615.26,"identify":null,"last_seen":"2025-08-24T17:58:36.900Z","linkquality":255,"power":177.5,"power_on_behavior":"previous","state":"ON","update":{"installed_version":33816645,"latest_version":33816645,"state":"idle"},"voltage":229.2}'
[2025-08-24 19:58:37] info: 	z2m:mqtt: MQTT publish: topic 'zigbee2mqtt/prise tete de lit chambre', payload '{"current":0,"energy":25.58,"identify":null,"last_seen":"2025-08-24T17:58:37.129Z","linkquality":196,"power":0,"power_on_behavior":"on","state":"OFF","update":{"installed_version":33816645,"latest_version":33816645,"state":"idle"},"voltage":236.4}'
[2025-08-24 19:58:37] info: 	z2m:mqtt: MQTT publish: topic 'zigbee2mqtt/prise bureau pc (IKEA)', payload '{"current":1.07,"energy":615.26,"identify":null,"last_seen":"2025-08-24T17:58:37.246Z","linkquality":255,"power":186,"power_on_behavior":"previous","state":"ON","update":{"installed_version":33816645,"latest_version":33816645,"state":"idle"},"voltage":229.2}'
[2025-08-24 19:58:37] info: 	z2m:mqtt: MQTT publish: topic 'zigbee2mqtt/prise box internet (IKEA)', payload '{"current":0.12,"energy":86.62,"identify":null,"last_seen":"2025-08-24T17:58:37.958Z","linkquality":148,"power":13,"power_on_behavior":"previous","state":"ON","update":{"installed_version":33816645,"latest_version":33816645,"state":"idle"},"voltage":228.5}'
[2025-08-24 19:58:39] info: 	z2m:mqtt: MQTT publish: topic 'zigbee2mqtt/qualite air bureau (IKEA)', payload '{"humidity":65,"identify":null,"last_seen":"2025-08-24T17:58:39.398Z","linkquality":224,"pm25":16,"temperature":27,"update":{"installed_version":16777233,"latest_version":16777233,"state":"idle"},"voc_index":314}'
[2025-08-24 19:58:39] info: 	z2m:mqtt: MQTT publish: topic 'zigbee2mqtt/qualite air bureau (IKEA)', payload '{"humidity":65,"identify":null,"last_seen":"2025-08-24T17:58:39.447Z","linkquality":224,"pm25":16,"temperature":27,"update":{"installed_version":16777233,"latest_version":16777233,"state":"idle"},"voc_index":313}'
[2025-08-24 19:58:41] info: 	z2m:mqtt: MQTT publish: topic 'zigbee2mqtt/prise pc's gege (IKEA)', payload '{"current":0.67,"energy":310.05,"identify":null,"last_seen":"2025-08-24T17:58:41.768Z","linkquality":168,"power":117.5,"power_on_behavior":"on","state":"ON","update":{"installed_version":33816645,"latest_version":33816645,"state":"idle"},"voltage":229.5}'
[2025-08-24 19:58:42] info: 	z2m:mqtt: MQTT publish: topic 'zigbee2mqtt/prise airfryer ninja (NOUS)', payload '{"child_lock":"UNLOCK","countdown":0,"current":0,"energy":72.19,"indicator_mode":"on","last_seen":"2025-08-24T17:58:42.335Z","linkquality":232,"power":0,"power_outage_memory":"restore","state":"ON","update":{"installed_version":192,"latest_version":192,"state":"idle"},"voltage":229}'
[2025-08-24 19:58:42] info: 	z2m:mqtt: MQTT publish: topic 'zigbee2mqtt/prise airfryer ninja (NOUS)', payload '{"child_lock":"UNLOCK","countdown":0,"current":0,"energy":72.19,"indicator_mode":"on","last_seen":"2025-08-24T17:58:42.379Z","linkquality":232,"power":0,"power_outage_memory":"restore","state":"ON","update":{"installed_version":192,"latest_version":192,"state":"idle"},"voltage":229}'
[2025-08-24 19:58:43] info: 	z2m:mqtt: MQTT publish: topic 'zigbee2mqtt/qualite air salon (IKEA)', payload '{"humidity":64,"identify":null,"last_seen":"2025-08-24T17:58:43.477Z","linkquality":164,"pm25":11,"temperature":27,"update":{"installed_version":16777233,"latest_version":16777233,"state":"idle"},"voc_index":290}'
[2025-08-24 19:58:46] info: 	z2m:mqtt: MQTT publish: topic 'zigbee2mqtt/prise mini pc (IKEA)', payload '{"current":0.07,"energy":5.86,"identify":null,"last_seen":"2025-08-24T17:58:46.610Z","linkquality":255,"power":7.1,"power_on_behavior":"previous","state":"ON","update":{"installed_version":33816645,"latest_version":33816645,"state":"idle"},"voltage":226.3}'
[2025-08-24 19:58:46] info: 	z2m:mqtt: MQTT publish: topic 'zigbee2mqtt/prise bureau pc (IKEA)', payload '{"current":1,"energy":615.26,"identify":null,"last_seen":"2025-08-24T17:58:46.715Z","linkquality":255,"power":186,"power_on_behavior":"previous","state":"ON","update":{"installed_version":33816645,"latest_version":33816645,"state":"idle"},"voltage":229.2}'
[2025-08-24 19:58:46] info: 	z2m:mqtt: MQTT publish: topic 'zigbee2mqtt/prise bureau pc (IKEA)', payload '{"current":1,"energy":615.26,"identify":null,"last_seen":"2025-08-24T17:58:46.859Z","linkquality":255,"power":186,"power_on_behavior":"previous","state":"ON","update":{"installed_version":33816645,"latest_version":33816645,"state":"idle"},"voltage":229.5}'
[2025-08-24 19:58:47] info: 	z2m:mqtt: MQTT publish: topic 'zigbee2mqtt/prise tete de lit chambre', payload '{"current":0,"energy":25.58,"identify":null,"last_seen":"2025-08-24T17:58:47.035Z","linkquality":196,"power":0,"power_on_behavior":"on","state":"OFF","update":{"installed_version":33816645,"latest_version":33816645,"state":"idle"},"voltage":236.7}'
[2025-08-24 19:58:47] info: 	z2m:mqtt: MQTT publish: topic 'zigbee2mqtt/prise bureau pc (IKEA)', payload '{"current":1,"energy":615.26,"identify":null,"last_seen":"2025-08-24T17:58:47.220Z","linkquality":255,"power":176.4,"power_on_behavior":"previous","state":"ON","update":{"installed_version":33816645,"latest_version":33816645,"state":"idle"},"voltage":229.5}'
[2025-08-24 19:58:47] info: 	z2m:mqtt: MQTT publish: topic 'zigbee2mqtt/prise box internet (IKEA)', payload '{"current":0.12,"energy":86.62,"identify":null,"last_seen":"2025-08-24T17:58:47.861Z","linkquality":144,"power":13,"power_on_behavior":"previous","state":"ON","update":{"installed_version":33816645,"latest_version":33816645,"state":"idle"},"voltage":228.6}'
[2025-08-24 19:58:51] info: 	z2m:mqtt: MQTT publish: topic 'zigbee2mqtt/prise pc's gege (IKEA)', payload '{"current":0.67,"energy":310.05,"identify":null,"last_seen":"2025-08-24T17:58:51.823Z","linkquality":164,"power":117.3,"power_on_behavior":"on","state":"ON","update":{"installed_version":33816645,"latest_version":33816645,"state":"idle"},"voltage":229.5}'
[2025-08-24 19:58:52] info: 	z2m:mqtt: MQTT publish: topic 'zigbee2mqtt/prise horloge (IKEA)', payload '{"current":0.004,"energy":1.24,"identify":null,"last_seen":"2025-08-24T17:58:52.857Z","linkquality":255,"power":0.2,"power_on_behavior":"previous","state":"ON","update":{"installed_version":33816645,"latest_version":33816645,"state":"idle"},"voltage":235.4}'
[2025-08-24 19:58:52] info: 	z2m:mqtt: MQTT publish: topic 'zigbee2mqtt/prise pc's gege (IKEA)', payload '{"current":0.67,"energy":310.05,"identify":null,"last_seen":"2025-08-24T17:58:52.985Z","linkquality":168,"power":117.3,"power_on_behavior":"on","state":"ON","update":{"installed_version":33816645,"latest_version":33816645,"state":"idle"},"voltage":229}'
[2025-08-24 19:58:53] info: 	z2m:mqtt: MQTT publish: topic 'zigbee2mqtt/qualite air salon (IKEA)', payload '{"humidity":64,"identify":null,"last_seen":"2025-08-24T17:58:53.450Z","linkquality":156,"pm25":11,"temperature":27,"update":{"installed_version":16777233,"latest_version":16777233,"state":"idle"},"voc_index":290}'
[2025-08-24 19:58:55] info: 	z2m:mqtt: MQTT publish: topic 'zigbee2mqtt/Th Cellier', payload '{"battery":100,"comfort_humidity_max":60,"comfort_humidity_min":40,"comfort_temperature_max":27,"comfort_temperature_min":19,"humidity":60.2,"humidity_calibration":0,"last_seen":"2025-08-24T17:58:55.300Z","linkquality":255,"temperature":26.6,"temperature_calibration":0,"temperature_units":"celsius","update":{"installed_version":8960,"latest_version":8960,"state":"idle"}}'
[2025-08-24 19:58:55] info: 	z2m:mqtt: MQTT publish: topic 'zigbee2mqtt/Th Cellier', payload '{"battery":100,"comfort_humidity_max":60,"comfort_humidity_min":40,"comfort_temperature_max":27,"comfort_temperature_min":19,"humidity":60.2,"humidity_calibration":0,"last_seen":"2025-08-24T17:58:55.618Z","linkquality":255,"temperature":26.6,"temperature_calibration":0,"temperature_units":"celsius","update":{"installed_version":8960,"latest_version":8960,"state":"idle"}}'
[2025-08-24 19:58:59] info: 	z2m:mqtt: MQTT publish: topic 'zigbee2mqtt/qualite air salon (IKEA)', payload '{"humidity":64,"identify":null,"last_seen":"2025-08-24T17:58:59.012Z","linkquality":160,"pm25":8,"temperature":27,"update":{"installed_version":16777233,"latest_version":16777233,"state":"idle"},"voc_index":290}'
[2025-08-24 19:58:59] info: 	z2m:mqtt: MQTT publish: topic 'zigbee2mqtt/qualite air salon (IKEA)', payload '{"humidity":64,"identify":null,"last_seen":"2025-08-24T17:58:59.071Z","linkquality":160,"pm25":8,"temperature":27,"update":{"installed_version":16777233,"latest_version":16777233,"state":"idle"},"voc_index":328}'
[2025-08-24 19:58:59] info: 	z2m:mqtt: MQTT publish: topic 'zigbee2mqtt/Prise Radiateur Salle de Bain (NOUS)', payload '{"child_lock":"LOCK","countdown":0,"current":0,"energy":0.27,"indicator_mode":"off/on","last_seen":"2025-08-24T17:58:59.709Z","linkquality":255,"power":0,"power_outage_memory":"restore","state":"OFF","update":{"installed_version":192,"latest_version":192,"state":"idle"},"voltage":228}'
[2025-08-24 19:58:59] info: 	z2m:mqtt: MQTT publish: topic 'zigbee2mqtt/qualite air chambre (IKEA)', payload '{"humidity":64,"identify":null,"last_seen":"2025-08-24T17:58:59.766Z","linkquality":200,"pm25":36,"temperature":27,"update":{"installed_version":16777233,"latest_version":16777233,"state":"idle"},"voc_index":331}'
[2025-08-24 19:58:59] info: 	z2m:mqtt: MQTT publish: topic 'zigbee2mqtt/Prise Radiateur Salle de Bain (NOUS)', payload '{"child_lock":"LOCK","countdown":0,"current":0,"energy":0.27,"indicator_mode":"off/on","last_seen":"2025-08-24T17:58:59.839Z","linkquality":255,"power":0,"power_outage_memory":"restore","state":"OFF","update":{"installed_version":192,"latest_version":192,"state":"idle"},"voltage":228}'
[2025-08-24 19:59:03] info: 	z2m:mqtt: MQTT publish: topic 'zigbee2mqtt/prise airfryer ninja (NOUS)', payload '{"child_lock":"UNLOCK","countdown":0,"current":0,"energy":72.19,"indicator_mode":"on","last_seen":"2025-08-24T17:58:42.379Z","linkquality":232,"power":0,"power_outage_memory":"restore","state":"ON","update":{"installed_version":192,"latest_version":192,"state":"idle"},"voltage":229}'
[2025-08-24 19:59:03] info: 	z2m:mqtt: MQTT publish: topic 'zigbee2mqtt/prise airfryer ninja (NOUS)', payload '{"child_lock":"UNLOCK","countdown":0,"current":0,"energy":72.19,"indicator_mode":"on","last_seen":"2025-08-24T17:58:42.379Z","linkquality":232,"power":0,"power_outage_memory":"restore","state":"ON","update":{"installed_version":192,"latest_version":192,"state":"idle"},"voltage":229}'
[2025-08-24 19:59:03] info: 	z2m:mqtt: MQTT publish: topic 'zigbee2mqtt/qualite air salon (IKEA)', payload '{"humidity":64,"identify":null,"last_seen":"2025-08-24T17:59:03.424Z","linkquality":164,"pm25":8,"temperature":27,"update":{"installed_version":16777233,"latest_version":16777233,"state":"idle"},"voc_index":328}'
[2025-08-24 19:59:03] info: 	z2m:mqtt: MQTT publish: topic 'zigbee2mqtt/prise pc's gege (IKEA)', payload '{"current":0.67,"energy":310.05,"identify":null,"last_seen":"2025-08-24T17:59:03.748Z","linkquality":168,"power":121.5,"power_on_behavior":"on","state":"ON","update":{"installed_version":33816645,"latest_version":33816645,"state":"idle"},"voltage":229}'
[2025-08-24 19:59:06] info: 	z2m:mqtt: MQTT publish: topic 'zigbee2mqtt/prise bureau pc (IKEA)', payload '{"current":1,"energy":615.26,"identify":null,"last_seen":"2025-08-24T17:59:06.848Z","linkquality":255,"power":186.2,"power_on_behavior":"previous","state":"ON","update":{"installed_version":33816645,"latest_version":33816645,"state":"idle"},"voltage":229.5}'
[2025-08-24 19:59:07] info: 	z2m:mqtt: MQTT publish: topic 'zigbee2mqtt/prise mini pc (IKEA)', payload '{"current":0.13,"energy":5.86,"identify":null,"last_seen":"2025-08-24T17:59:07.196Z","linkquality":255,"power":7.1,"power_on_behavior":"previous","state":"ON","update":{"installed_version":33816645,"latest_version":33816645,"state":"idle"},"voltage":226.3}'
[2025-08-24 19:59:09] info: 	z2m:mqtt: MQTT publish: topic 'zigbee2mqtt/qualite air chambre (IKEA)', payload '{"humidity":65,"identify":null,"last_seen":"2025-08-24T17:59:09.736Z","linkquality":200,"pm25":36,"temperature":27,"update":{"installed_version":16777233,"latest_version":16777233,"state":"idle"},"voc_index":331}'
[2025-08-24 19:59:10] info: 	z2m:mqtt: MQTT publish: topic 'zigbee2mqtt/Prise Radiateur Salle de Bain (NOUS)', payload '{"child_lock":"LOCK","countdown":0,"current":0,"energy":0.27,"indicator_mode":"off/on","last_seen":"2025-08-24T17:58:59.839Z","linkquality":255,"power":0,"power_outage_memory":"restore","state":"OFF","update":{"installed_version":192,"latest_version":192,"state":"idle"},"voltage":228}'
[2025-08-24 19:59:10] info: 	z2m:mqtt: MQTT publish: topic 'zigbee2mqtt/Prise Radiateur Salle de Bain (NOUS)', payload '{"child_lock":"LOCK","countdown":0,"current":0,"energy":0.27,"indicator_mode":"off/on","last_seen":"2025-08-24T17:58:59.839Z","linkquality":255,"power":0,"power_outage_memory":"restore","state":"OFF","update":{"installed_version":192,"latest_version":192,"state":"idle"},"voltage":228}'
[2025-08-24 19:59:11] info: 	z2m:mqtt: MQTT publish: topic 'zigbee2mqtt/Clim du Bureau (NOUS)', payload '{"child_lock":"LOCK","countdown":0,"current":0,"energy":332.61,"indicator_mode":"off/on","last_seen":"2025-08-24T17:59:11.963Z","linkquality":164,"power":0,"power_outage_memory":"restore","state":"OFF","update":{"installed_version":192,"latest_version":192,"state":"idle"},"voltage":226}'
[2025-08-24 19:59:13] info: 	z2m:mqtt: MQTT publish: topic 'zigbee2mqtt/prise pc's gege (IKEA)', payload '{"current":0.67,"energy":310.05,"identify":null,"last_seen":"2025-08-24T17:59:13.831Z","linkquality":168,"power":119,"power_on_behavior":"on","state":"ON","update":{"installed_version":33816645,"latest_version":33816645,"state":"idle"},"voltage":229}'
[2025-08-24 19:59:14] info: 	z2m:mqtt: MQTT publish: topic 'zigbee2mqtt/prise horloge (IKEA)', payload '{"current":0.004,"energy":1.24,"identify":null,"last_seen":"2025-08-24T17:59:14.700Z","linkquality":255,"power":0.2,"power_on_behavior":"previous","state":"ON","update":{"installed_version":33816645,"latest_version":33816645,"state":"idle"},"voltage":235.4}'
[2025-08-24 19:59:14] info: 	z2m:mqtt: MQTT publish: topic 'zigbee2mqtt/Four et Plaque de Cuisson', payload '{"ac_frequency":49.94,"current":0,"data_report_duration":60,"energy":60,"last_seen":"2025-08-24T17:59:14.826Z","linkquality":216,"power":0,"power_factor":100,"produced_energy":0,"voltage":231}'
[2025-08-24 19:59:14] info: 	z2m:mqtt: MQTT publish: topic 'zigbee2mqtt/prise tv chambre (NOUS)', payload '{"child_lock":"LOCK","countdown":0,"current":0,"energy":164.71,"indicator_mode":"off","last_seen":"2025-08-24T17:59:14.857Z","linkquality":168,"power":0,"power_outage_memory":"on","state":"ON","update":{"installed_version":192,"latest_version":192,"state":"idle"},"voltage":228}'
[2025-08-24 19:59:14] info: 	z2m:mqtt: MQTT publish: topic 'zigbee2mqtt/Four et Plaque de Cuisson', payload '{"ac_frequency":49.94,"current":0,"data_report_duration":60,"energy":60,"last_seen":"2025-08-24T17:59:14.876Z","linkquality":216,"power":0,"power_factor":100,"produced_energy":0,"voltage":231}'
[2025-08-24 19:59:14] info: 	z2m:mqtt: MQTT publish: topic 'zigbee2mqtt/Four et Plaque de Cuisson', payload '{"ac_frequency":49.94,"current":0,"data_report_duration":60,"energy":60,"last_seen":"2025-08-24T17:59:14.925Z","linkquality":216,"power":0,"power_factor":100,"produced_energy":0,"voltage":231}'
[2025-08-24 19:59:14] info: 	z2m:mqtt: MQTT publish: topic 'zigbee2mqtt/Four et Plaque de Cuisson', payload '{"ac_frequency":49.94,"current":0,"data_report_duration":60,"energy":60,"last_seen":"2025-08-24T17:59:14.972Z","linkquality":216,"power":0,"power_factor":100,"produced_energy":0,"voltage":231}'
[2025-08-24 19:59:15] info: 	z2m:mqtt: MQTT publish: topic 'zigbee2mqtt/Four et Plaque de Cuisson', payload '{"ac_frequency":49.96,"current":0,"data_report_duration":60,"energy":60,"last_seen":"2025-08-24T17:59:15.020Z","linkquality":216,"power":0,"power_factor":100,"produced_energy":0,"voltage":231}'
[2025-08-24 19:59:15] info: 	z2m:mqtt: MQTT publish: topic 'zigbee2mqtt/Four et Plaque de Cuisson', payload '{"ac_frequency":49.96,"current":0,"data_report_duration":60,"energy":60,"last_seen":"2025-08-24T17:59:15.069Z","linkquality":216,"power":0,"power_factor":100,"produced_energy":0,"voltage":231}'
[2025-08-24 19:59:15] info: 	z2m:mqtt: MQTT publish: topic 'zigbee2mqtt/Four et Plaque de Cuisson', payload '{"ac_frequency":49.96,"current":0,"data_report_duration":60,"energy":60,"last_seen":"2025-08-24T17:59:15.118Z","linkquality":216,"power":0,"power_factor":100,"produced_energy":0,"voltage":231}'
[2025-08-24 19:59:15] info: 	z2m:mqtt: MQTT publish: topic 'zigbee2mqtt/Four et Plaque de Cuisson', payload '{"ac_frequency":49.96,"current":0,"data_report_duration":60,"energy":60,"last_seen":"2025-08-24T17:59:15.163Z","linkquality":216,"power":0,"power_factor":100,"produced_energy":0,"voltage":231}'
[2025-08-24 19:59:16] info: 	z2m:mqtt: MQTT publish: topic 'zigbee2mqtt/prise bureau pc (IKEA)', payload '{"current":1,"energy":615.26,"identify":null,"last_seen":"2025-08-24T17:59:16.913Z","linkquality":255,"power":176.1,"power_on_behavior":"previous","state":"ON","update":{"installed_version":33816645,"latest_version":33816645,"state":"idle"},"voltage":229.5}'
[2025-08-24 19:59:17] info: 	z2m:mqtt: MQTT publish: topic 'zigbee2mqtt/prise mini pc (IKEA)', payload '{"current":0.07,"energy":5.86,"identify":null,"last_seen":"2025-08-24T17:59:17.201Z","linkquality":255,"power":7.1,"power_on_behavior":"previous","state":"ON","update":{"installed_version":33816645,"latest_version":33816645,"state":"idle"},"voltage":226.3}'
[2025-08-24 19:59:18] info: 	z2m:mqtt: MQTT publish: topic 'zigbee2mqtt/prise airfryer ninja (NOUS)', payload '{"child_lock":"UNLOCK","countdown":0,"current":0,"energy":72.19,"indicator_mode":"on","last_seen":"2025-08-24T17:59:18.116Z","linkquality":232,"power":0,"power_outage_memory":"restore","state":"ON","update":{"installed_version":192,"latest_version":192,"state":"idle"},"voltage":229}'
[2025-08-24 19:59:19] info: 	z2m:mqtt: MQTT publish: topic 'zigbee2mqtt/Clim Salon (NOUS)', payload '{"child_lock":"LOCK","countdown":0,"current":0,"energy":414.52,"indicator_mode":"on","last_seen":"2025-08-24T17:59:19.202Z","linkquality":255,"power":0,"power_outage_memory":"restore","state":"OFF","update":{"installed_version":192,"latest_version":192,"state":"idle"},"voltage":229}'
[2025-08-24 19:59:24] info: 	z2m:mqtt: MQTT publish: topic 'zigbee2mqtt/Prise Bureau Fer à Repasser (NOUS)', payload '{"child_lock":"UNLOCK","countdown":0,"current":0,"energy":1.99,"indicator_mode":"off/on","last_seen":"2025-08-24T17:59:24.540Z","linkquality":192,"power":0,"power_outage_memory":"on","state":"ON","update":{"installed_version":192,"latest_version":192,"state":"idle"},"voltage":229}'
[2025-08-24 19:59:24] info: 	z2m:mqtt: MQTT publish: topic 'zigbee2mqtt/qualite air salon (IKEA)', payload '{"humidity":65,"identify":null,"last_seen":"2025-08-24T17:59:24.724Z","linkquality":156,"pm25":8,"temperature":27,"update":{"installed_version":16777233,"latest_version":16777233,"state":"idle"},"voc_index":328}'
[2025-08-24 19:59:25] info: 	z2m:mqtt: MQTT publish: topic 'zigbee2mqtt/prise pc's gege (IKEA)', payload '{"current":0.67,"energy":310.05,"identify":null,"last_seen":"2025-08-24T17:59:25.714Z","linkquality":168,"power":119,"power_on_behavior":"on","state":"ON","update":{"installed_version":33816645,"latest_version":33816645,"state":"idle"},"voltage":229.5}'
[2025-08-24 19:59:26] info: 	z2m:mqtt: MQTT publish: topic 'zigbee2mqtt/prise bureau pc (IKEA)', payload '{"current":1,"energy":615.26,"identify":null,"last_seen":"2025-08-24T17:59:26.808Z","linkquality":255,"power":180.2,"power_on_behavior":"previous","state":"ON","update":{"installed_version":33816645,"latest_version":33816645,"state":"idle"},"voltage":229.5}'
[2025-08-24 19:59:29] info: 	z2m:mqtt: MQTT publish: topic 'zigbee2mqtt/prise four micro ondes (NOUS)', payload '{"child_lock":"UNLOCK","countdown":0,"current":0.03,"energy":57.38,"indicator_mode":"off/on","last_seen":"2025-08-24T17:59:29.817Z","linkquality":255,"power":0,"power_outage_memory":"restore","state":"ON","update":{"installed_version":192,"latest_version":192,"state":"idle"},"voltage":228}'
[2025-08-24 19:59:32] info: 	z2m:mqtt: MQTT publish: topic 'zigbee2mqtt/prise horloge (IKEA)', payload '{"current":0.004,"energy":1.24,"identify":null,"last_seen":"2025-08-24T17:59:32.806Z","linkquality":255,"power":0.2,"power_on_behavior":"previous","state":"ON","update":{"installed_version":33816645,"latest_version":33816645,"state":"idle"},"voltage":235.9}'
[2025-08-24 19:59:34] info: 	z2m:mqtt: MQTT publish: topic 'zigbee2mqtt/qualite air salon (IKEA)', payload '{"humidity":65,"identify":null,"last_seen":"2025-08-24T17:59:34.653Z","linkquality":160,"pm25":8,"temperature":27,"update":{"installed_version":16777233,"latest_version":16777233,"state":"idle"},"voc_index":328}'
[2025-08-24 19:59:35] info: 	z2m:mqtt: MQTT publish: topic 'zigbee2mqtt/prise lave vaisselle (NOUS)', payload '{"child_lock":"LOCK","countdown":0,"current":0,"energy":115.82,"indicator_mode":"on","last_seen":"2025-08-24T17:59:35.325Z","linkquality":156,"power":0,"power_outage_memory":"on","state":"ON","update":{"installed_version":192,"latest_version":192,"state":"idle"},"voltage":229}'
[2025-08-24 19:59:36] info: 	z2m:mqtt: MQTT publish: topic 'zigbee2mqtt/prise bureau pc (IKEA)', payload '{"current":1,"energy":615.26,"identify":null,"last_seen":"2025-08-24T17:59:36.765Z","linkquality":255,"power":184.3,"power_on_behavior":"previous","state":"ON","update":{"installed_version":33816645,"latest_version":33816645,"state":"idle"},"voltage":229.5}'
[2025-08-24 19:59:36] info: 	z2m:mqtt: MQTT publish: topic 'zigbee2mqtt/prise mini pc (IKEA)', payload '{"current":0.13,"energy":5.86,"identify":null,"last_seen":"2025-08-24T17:59:36.815Z","linkquality":255,"power":7.1,"power_on_behavior":"previous","state":"ON","update":{"installed_version":33816645,"latest_version":33816645,"state":"idle"},"voltage":226.3}'
[2025-08-24 19:59:37] info: 	z2m:mqtt: MQTT publish: topic 'zigbee2mqtt/prise mini pc (IKEA)', payload '{"current":0.13,"energy":5.86,"identify":null,"last_seen":"2025-08-24T17:59:37.282Z","linkquality":255,"power":16.9,"power_on_behavior":"previous","state":"ON","update":{"installed_version":33816645,"latest_version":33816645,"state":"idle"},"voltage":226.3}'
[2025-08-24 19:59:43] info: 	z2m:mqtt: MQTT publish: topic 'zigbee2mqtt/Th Balcon Nord', payload '{"battery":100,"comfort_humidity_max":55,"comfort_humidity_min":40,"comfort_temperature_max":25,"comfort_temperature_min":21,"humidity":65.9,"humidity_calibration":0,"last_seen":"2025-08-24T17:59:43.139Z","linkquality":236,"temperature":25.5,"temperature_calibration":0,"temperature_units":"celsius","update":{"installed_version":8960,"latest_version":8960,"state":"idle"}}'
[2025-08-24 19:59:43] info: 	z2m:mqtt: MQTT publish: topic 'zigbee2mqtt/Th Cuisine', payload '{"battery":22,"comfort_humidity_max":55,"comfort_humidity_min":40,"comfort_temperature_max":25,"comfort_temperature_min":21,"humidity":62.9,"humidity_calibration":0,"last_seen":"2025-08-24T17:59:43.894Z","linkquality":224,"temperature":26.6,"temperature_calibration":0,"temperature_units":"celsius","update":{"installed_version":8960,"latest_version":8960,"state":"idle"}}'
[2025-08-24 19:59:44] info: 	z2m:mqtt: MQTT publish: topic 'zigbee2mqtt/Four et Plaque de Cuisson', payload '{"ac_frequency":49.96,"current":0,"data_report_duration":60,"energy":60,"last_seen":"2025-08-24T17:59:44.668Z","linkquality":216,"power":0,"power_factor":100,"produced_energy":0,"voltage":231}'
[2025-08-24 19:59:46] info: 	z2m:mqtt: MQTT publish: topic 'zigbee2mqtt/prise mini pc (IKEA)', payload '{"current":0.07,"energy":5.86,"identify":null,"last_seen":"2025-08-24T17:59:46.777Z","linkquality":255,"power":16.9,"power_on_behavior":"previous","state":"ON","update":{"installed_version":33816645,"latest_version":33816645,"state":"idle"},"voltage":226.3}'
[2025-08-24 19:59:46] info: 	z2m:mqtt: MQTT publish: topic 'zigbee2mqtt/prise bureau pc (IKEA)', payload '{"current":1,"energy":615.26,"identify":null,"last_seen":"2025-08-24T17:59:46.784Z","linkquality":255,"power":176.3,"power_on_behavior":"previous","state":"ON","update":{"installed_version":33816645,"latest_version":33816645,"state":"idle"},"voltage":229.5}'
[2025-08-24 19:59:47] info: 	z2m:mqtt: MQTT publish: topic 'zigbee2mqtt/prise mini pc (IKEA)', payload '{"current":0.07,"energy":5.86,"identify":null,"last_seen":"2025-08-24T17:59:47.249Z","linkquality":255,"power":7.2,"power_on_behavior":"previous","state":"ON","update":{"installed_version":33816645,"latest_version":33816645,"state":"idle"},"voltage":226.3}'
[2025-08-24 19:59:47] info: 	z2m:mqtt: MQTT publish: topic 'zigbee2mqtt/prise box internet (IKEA)', payload '{"current":0.12,"energy":86.62,"identify":null,"last_seen":"2025-08-24T17:59:47.538Z","linkquality":148,"power":13,"power_on_behavior":"previous","state":"ON","update":{"installed_version":33816645,"latest_version":33816645,"state":"idle"},"voltage":229.3}'
[2025-08-24 19:59:48] info: 	z2m:mqtt: MQTT publish: topic 'zigbee2mqtt/prise bureau pc (IKEA)', payload '{"current":1,"energy":615.26,"identify":null,"last_seen":"2025-08-24T17:59:48.058Z","linkquality":255,"power":176.3,"power_on_behavior":"previous","state":"ON","update":{"installed_version":33816645,"latest_version":33816645,"state":"idle"},"voltage":230.1}'
[2025-08-24 19:59:48] info: 	z2m:mqtt: MQTT publish: topic 'zigbee2mqtt/prise tete de lit chambre', payload '{"current":0,"energy":25.58,"identify":null,"last_seen":"2025-08-24T17:59:48.197Z","linkquality":196,"power":0,"power_on_behavior":"on","state":"OFF","update":{"installed_version":33816645,"latest_version":33816645,"state":"idle"},"voltage":237.3}'
[2025-08-24 19:59:53] info: 	z2m:mqtt: MQTT publish: topic 'zigbee2mqtt/prise frigo cuisine (NOUS)', payload '{"child_lock":"LOCK","countdown":0,"current":0,"energy":106.05,"indicator_mode":"on/off","last_seen":"2025-08-24T17:59:53.114Z","linkquality":88,"power":0,"power_outage_memory":"on","state":"ON","update":{"installed_version":192,"latest_version":192,"state":"idle"},"voltage":227}'
[2025-08-24 19:59:57] info: 	z2m:mqtt: MQTT publish: topic 'zigbee2mqtt/prise box internet (IKEA)', payload '{"current":0.12,"energy":86.62,"identify":null,"last_seen":"2025-08-24T17:59:57.831Z","linkquality":144,"power":13,"power_on_behavior":"previous","state":"ON","update":{"installed_version":33816645,"latest_version":33816645,"state":"idle"},"voltage":228.7}'
[2025-08-24 19:59:58] info: 	z2m:mqtt: MQTT publish: topic 'zigbee2mqtt/prise bureau pc (IKEA)', payload '{"current":1,"energy":615.26,"identify":null,"last_seen":"2025-08-24T17:59:58.019Z","linkquality":255,"power":176.3,"power_on_behavior":"previous","state":"ON","update":{"installed_version":33816645,"latest_version":33816645,"state":"idle"},"voltage":229.5}'
[2025-08-24 19:59:58] info: 	z2m:mqtt: MQTT publish: topic 'zigbee2mqtt/prise tete de lit chambre', payload '{"current":0,"energy":25.58,"identify":null,"last_seen":"2025-08-24T17:59:58.105Z","linkquality":196,"power":0,"power_on_behavior":"on","state":"OFF","update":{"installed_version":33816645,"latest_version":33816645,"state":"idle"},"voltage":236.7}'
[2025-08-24 19:59:58] info: 	z2m:mqtt: MQTT publish: topic 'zigbee2mqtt/prise congelateur cuisine (NOUS)', payload '{"child_lock":"LOCK","countdown":0,"current":0.21,"energy":186.79,"indicator_mode":"on","last_seen":"2025-08-24T17:59:58.112Z","linkquality":248,"power":30,"power_outage_memory":"on","state":"ON","update":{"installed_version":192,"latest_version":192,"state":"idle"},"voltage":227}'
[2025-08-24 19:59:58] info: 	zh:ember:ezsp: Received network/route error ROUTE_ERROR_SOURCE_ROUTE_FAILURE for "11216".
[2025-08-24 19:59:59] info: 	z2m:mqtt: MQTT publish: topic 'zigbee2mqtt/prise congelateur cuisine (NOUS)', payload '{"child_lock":"LOCK","countdown":0,"current":0.21,"energy":186.79,"indicator_mode":"on","last_seen":"2025-08-24T17:59:59.470Z","linkquality":248,"power":30,"power_outage_memory":"on","state":"ON","update":{"installed_version":192,"latest_version":192,"state":"idle"},"voltage":227}'
[2025-08-24 19:59:59] info: 	z2m:mqtt: MQTT publish: topic 'zigbee2mqtt/prise horloge (IKEA)', payload '{"current":0.004,"energy":1.24,"identify":null,"last_seen":"2025-08-24T17:59:59.489Z","linkquality":255,"power":0.2,"power_on_behavior":"previous","state":"ON","update":{"installed_version":33816645,"latest_version":33816645,"state":"idle"},"voltage":235.4}'
[2025-08-24 19:59:59] info: 	zh:ember:ezsp: Received network/route error ROUTE_ERROR_SOURCE_ROUTE_FAILURE for "11216".
[2025-08-24 19:59:59] info: 	z2m:mqtt: MQTT publish: topic 'zigbee2mqtt/prise pc's gege (IKEA)', payload '{"current":0.67,"energy":310.05,"identify":null,"last_seen":"2025-08-24T17:59:59.841Z","linkquality":172,"power":119,"power_on_behavior":"on","state":"ON","update":{"installed_version":33816645,"latest_version":33816645,"state":"idle"},"voltage":229}'
[2025-08-24 20:00:05] info: 	z2m:mqtt: MQTT publish: topic 'zigbee2mqtt/prise lave linge (NOUS)', payload '{"child_lock":"LOCK","countdown":0,"current":0,"energy":100.64,"indicator_mode":"on","last_seen":"2025-08-24T18:00:05.959Z","linkquality":188,"power":0,"power_outage_memory":"on","state":"ON","update":{"installed_version":192,"latest_version":192,"state":"idle"},"voltage":230}'
[2025-08-24 20:00:06] info: 	z2m:mqtt: MQTT publish: topic 'zigbee2mqtt/prise pc's gege (IKEA)', payload '{"current":0.67,"energy":310.05,"identify":null,"last_seen":"2025-08-24T18:00:06.117Z","linkquality":172,"power":123.9,"power_on_behavior":"on","state":"ON","update":{"installed_version":33816645,"latest_version":33816645,"state":"idle"},"voltage":229}'
[2025-08-24 20:00:06] info: 	z2m:mqtt: MQTT publish: topic 'zigbee2mqtt/prise mini pc (IKEA)', payload '{"current":0.07,"energy":5.86,"identify":null,"last_seen":"2025-08-24T18:00:06.849Z","linkquality":255,"power":16.6,"power_on_behavior":"previous","state":"ON","update":{"installed_version":33816645,"latest_version":33816645,"state":"idle"},"voltage":226.3}'
[2025-08-24 20:00:07] info: 	z2m:mqtt: MQTT publish: topic 'zigbee2mqtt/prise bureau pc (IKEA)', payload '{"current":1.07,"energy":615.26,"identify":null,"last_seen":"2025-08-24T18:00:07.174Z","linkquality":255,"power":176.3,"power_on_behavior":"previous","state":"ON","update":{"installed_version":33816645,"latest_version":33816645,"state":"idle"},"voltage":229.5}'
[2025-08-24 20:00:07] info: 	z2m:mqtt: MQTT publish: topic 'zigbee2mqtt/prise bureau pc (IKEA)', payload '{"current":1.07,"energy":615.26,"identify":null,"last_seen":"2025-08-24T18:00:07.643Z","linkquality":255,"power":179.1,"power_on_behavior":"previous","state":"ON","update":{"installed_version":33816645,"latest_version":33816645,"state":"idle"},"voltage":229.5}'
[2025-08-24 20:00:14] info: 	z2m:mqtt: MQTT publish: topic 'zigbee2mqtt/Four et Plaque de Cuisson', payload '{"ac_frequency":49.96,"current":0,"data_report_duration":60,"energy":60,"last_seen":"2025-08-24T18:00:14.716Z","linkquality":216,"power":0,"power_factor":100,"produced_energy":0,"voltage":231}'
[2025-08-24 20:00:14] info: 	z2m:mqtt: MQTT publish: topic 'zigbee2mqtt/Four et Plaque de Cuisson', payload '{"ac_frequency":49.96,"current":0,"data_report_duration":60,"energy":60,"last_seen":"2025-08-24T18:00:14.764Z","linkquality":216,"power":0,"power_factor":100,"produced_energy":0,"voltage":231}'
[2025-08-24 20:00:14] info: 	z2m:mqtt: MQTT publish: topic 'zigbee2mqtt/Four et Plaque de Cuisson', payload '{"ac_frequency":49.96,"current":0,"data_report_duration":60,"energy":60,"last_seen":"2025-08-24T18:00:14.813Z","linkquality":216,"power":0,"power_factor":100,"produced_energy":0,"voltage":231}'
[2025-08-24 20:00:14] info: 	z2m:mqtt: MQTT publish: topic 'zigbee2mqtt/Four et Plaque de Cuisson', payload '{"ac_frequency":49.96,"current":0,"data_report_duration":60,"energy":60,"last_seen":"2025-08-24T18:00:14.858Z","linkquality":216,"power":0,"power_factor":100,"produced_energy":0,"voltage":231}'
[2025-08-24 20:00:14] info: 	z2m:mqtt: MQTT publish: topic 'zigbee2mqtt/Four et Plaque de Cuisson', payload '{"ac_frequency":49.98,"current":0,"data_report_duration":60,"energy":60,"last_seen":"2025-08-24T18:00:14.907Z","linkquality":216,"power":0,"power_factor":100,"produced_energy":0,"voltage":231}'
[2025-08-24 20:00:14] info: 	z2m:mqtt: MQTT publish: topic 'zigbee2mqtt/Four et Plaque de Cuisson', payload '{"ac_frequency":49.98,"current":0,"data_report_duration":60,"energy":60,"last_seen":"2025-08-24T18:00:14.954Z","linkquality":216,"power":0,"power_factor":100,"produced_energy":0,"voltage":231}'
[2025-08-24 20:00:15] info: 	z2m:mqtt: MQTT publish: topic 'zigbee2mqtt/Four et Plaque de Cuisson', payload '{"ac_frequency":49.98,"current":0,"data_report_duration":60,"energy":60,"last_seen":"2025-08-24T18:00:15.002Z","linkquality":216,"power":0,"power_factor":100,"produced_energy":0,"voltage":231}'
[2025-08-24 20:00:15] info: 	z2m:mqtt: MQTT publish: topic 'zigbee2mqtt/Four et Plaque de Cuisson', payload '{"ac_frequency":49.98,"current":0,"data_report_duration":60,"energy":60,"last_seen":"2025-08-24T18:00:15.055Z","linkquality":216,"power":0,"power_factor":100,"produced_energy":0,"voltage":231}'
[2025-08-24 20:00:16] info: 	z2m:mqtt: MQTT publish: topic 'zigbee2mqtt/prise salon chargeur (NOUS)', payload '{"child_lock":"UNLOCK","countdown":0,"current":0.05,"energy":37.11,"indicator_mode":"off","last_seen":"2025-08-24T18:00:16.068Z","linkquality":180,"power":5,"power_outage_memory":"on","state":"ON","update":{"installed_version":192,"latest_version":192,"state":"idle"},"voltage":228}'
[2025-08-24 20:00:16] info: 	z2m:mqtt: MQTT publish: topic 'zigbee2mqtt/prise pc's gege (IKEA)', payload '{"current":0.67,"energy":310.05,"identify":null,"last_seen":"2025-08-24T18:00:16.213Z","linkquality":168,"power":118.7,"power_on_behavior":"on","state":"ON","update":{"installed_version":33816645,"latest_version":33816645,"state":"idle"},"voltage":229}'
[2025-08-24 20:00:16] info: 	z2m:mqtt: MQTT publish: topic 'zigbee2mqtt/prise mini pc (IKEA)', payload '{"current":0.07,"energy":5.86,"identify":null,"last_seen":"2025-08-24T18:00:16.896Z","linkquality":255,"power":7.2,"power_on_behavior":"previous","state":"ON","update":{"installed_version":33816645,"latest_version":33816645,"state":"idle"},"voltage":226.3}'
[2025-08-24 20:00:17] info: 	z2m:mqtt: MQTT publish: topic 'zigbee2mqtt/prise bureau pc (IKEA)', payload '{"current":1.01,"energy":615.26,"identify":null,"last_seen":"2025-08-24T18:00:17.178Z","linkquality":255,"power":179.1,"power_on_behavior":"previous","state":"ON","update":{"installed_version":33816645,"latest_version":33816645,"state":"idle"},"voltage":229.5}'
[2025-08-24 20:00:17] info: 	z2m:mqtt: MQTT publish: topic 'zigbee2mqtt/prise bureau pc (IKEA)', payload '{"current":1.01,"energy":615.26,"identify":null,"last_seen":"2025-08-24T18:00:17.652Z","linkquality":255,"power":178.1,"power_on_behavior":"previous","state":"ON","update":{"installed_version":33816645,"latest_version":33816645,"state":"idle"},"voltage":229.5}'
[2025-08-24 20:00:18] info: 	z2m:mqtt: MQTT publish: topic 'zigbee2mqtt/qualite air salon (IKEA)', payload '{"humidity":64,"identify":null,"last_seen":"2025-08-24T18:00:18.741Z","linkquality":168,"pm25":8,"temperature":27,"update":{"installed_version":16777233,"latest_version":16777233,"state":"idle"},"voc_index":328}'
[2025-08-24 20:00:19] info: 	z2m:mqtt: MQTT publish: topic 'zigbee2mqtt/prise bureau pc (IKEA)', payload '{"current":1.01,"energy":615.26,"identify":null,"last_seen":"2025-08-24T18:00:19.218Z","linkquality":255,"power":178.1,"power_on_behavior":"previous","state":"ON","update":{"installed_version":33816645,"latest_version":33816645,"state":"idle"},"voltage":228.9}'
[2025-08-24 20:00:19] info: 	z2m:mqtt: MQTT publish: topic 'zigbee2mqtt/prise tete de lit chambre', payload '{"current":0,"energy":25.58,"identify":null,"last_seen":"2025-08-24T18:00:19.330Z","linkquality":196,"power":0,"power_on_behavior":"on","state":"OFF","update":{"installed_version":33816645,"latest_version":33816645,"state":"idle"},"voltage":236}'
[2025-08-24 20:00:20] info: 	z2m:mqtt: MQTT publish: topic 'zigbee2mqtt/qualite air chambre (IKEA)', payload '{"humidity":65,"identify":null,"last_seen":"2025-08-24T18:00:20.138Z","linkquality":200,"pm25":27,"temperature":27,"update":{"installed_version":16777233,"latest_version":16777233,"state":"idle"},"voc_index":331}'
[2025-08-24 20:00:20] info: 	z2m:mqtt: MQTT publish: topic 'zigbee2mqtt/qualite air chambre (IKEA)', payload '{"humidity":65,"identify":null,"last_seen":"2025-08-24T18:00:20.182Z","linkquality":200,"pm25":27,"temperature":27,"update":{"installed_version":16777233,"latest_version":16777233,"state":"idle"},"voc_index":327}'
[2025-08-24 20:00:20] info: 	z2m:mqtt: MQTT publish: topic 'zigbee2mqtt/Clim Chambre (NOUS)', payload '{"child_lock":"LOCK","countdown":0,"current":0,"energy":392.86,"indicator_mode":"on","last_seen":"2025-08-24T18:00:20.751Z","linkquality":160,"power":0,"power_outage_memory":"restore","state":"OFF","update":{"installed_version":192,"latest_version":192,"state":"idle"},"voltage":228}'
[2025-08-24 20:00:20] info: 	z2m:mqtt: MQTT publish: topic 'zigbee2mqtt/Clim Chambre (NOUS)', payload '{"child_lock":"LOCK","countdown":0,"current":0,"energy":392.86,"indicator_mode":"on","last_seen":"2025-08-24T18:00:20.793Z","linkquality":160,"power":0,"power_outage_memory":"restore","state":"OFF","update":{"installed_version":192,"latest_version":192,"state":"idle"},"voltage":228}'
[2025-08-24 20:00:21] info: 	z2m:mqtt: MQTT publish: topic 'zigbee2mqtt/prise box internet (IKEA)', payload '{"current":0.12,"energy":86.62,"identify":null,"last_seen":"2025-08-24T18:00:21.591Z","linkquality":148,"power":13,"power_on_behavior":"previous","state":"ON","update":{"installed_version":33816645,"latest_version":33816645,"state":"idle"},"voltage":228.2}'
[2025-08-24 20:00:26] info: 	z2m:mqtt: MQTT publish: topic 'zigbee2mqtt/prise pc's gege (IKEA)', payload '{"current":0.67,"energy":310.05,"identify":null,"last_seen":"2025-08-24T18:00:26.152Z","linkquality":168,"power":117.4,"power_on_behavior":"on","state":"ON","update":{"installed_version":33816645,"latest_version":33816645,"state":"idle"},"voltage":229}'
[2025-08-24 20:00:26] info: 	z2m:mqtt: MQTT publish: topic 'zigbee2mqtt/prise horloge (IKEA)', payload '{"current":0.004,"energy":1.24,"identify":null,"last_seen":"2025-08-24T18:00:26.231Z","linkquality":255,"power":0.2,"power_on_behavior":"previous","state":"ON","update":{"installed_version":33816645,"latest_version":33816645,"state":"idle"},"voltage":234.9}'
[2025-08-24 20:00:28] info: 	z2m:mqtt: MQTT publish: topic 'zigbee2mqtt/prise pc's gege (IKEA)', payload '{"current":0.67,"energy":310.05,"identify":null,"last_seen":"2025-08-24T18:00:28.091Z","linkquality":168,"power":117.4,"power_on_behavior":"on","state":"ON","update":{"installed_version":33816645,"latest_version":33816645,"state":"idle"},"voltage":228.5}'
[2025-08-24 20:00:28] info: 	z2m:mqtt: MQTT publish: topic 'zigbee2mqtt/qualite air salon (IKEA)', payload '{"humidity":65,"identify":null,"last_seen":"2025-08-24T18:00:28.670Z","linkquality":168,"pm25":8,"temperature":27,"update":{"installed_version":16777233,"latest_version":16777233,"state":"idle"},"voc_index":328}'
[2025-08-24 20:00:31] info: 	z2m:mqtt: MQTT publish: topic 'zigbee2mqtt/Clim Chambre (NOUS)', payload '{"child_lock":"LOCK","countdown":0,"current":0,"energy":392.86,"indicator_mode":"on","last_seen":"2025-08-24T18:00:20.793Z","linkquality":160,"power":0,"power_outage_memory":"restore","state":"OFF","update":{"installed_version":192,"latest_version":192,"state":"idle"},"voltage":228}'
[2025-08-24 20:00:31] info: 	z2m:mqtt: MQTT publish: topic 'zigbee2mqtt/Clim Chambre (NOUS)', payload '{"child_lock":"LOCK","countdown":0,"current":0,"energy":392.86,"indicator_mode":"on","last_seen":"2025-08-24T18:00:20.793Z","linkquality":160,"power":0,"power_outage_memory":"restore","state":"OFF","update":{"installed_version":192,"latest_version":192,"state":"idle"},"voltage":228}'
[2025-08-24 20:00:35] info: 	z2m:mqtt: MQTT publish: topic 'zigbee2mqtt/prise bureau pc (IKEA)', payload '{"current":1.01,"energy":615.26,"identify":null,"last_seen":"2025-08-24T18:00:35.841Z","linkquality":255,"power":174.2,"power_on_behavior":"previous","state":"ON","update":{"installed_version":33816645,"latest_version":33816645,"state":"idle"},"voltage":228.9}'
[2025-08-24 20:00:36] info: 	z2m:mqtt: MQTT publish: topic 'zigbee2mqtt/prise pc's gege (IKEA)', payload '{"current":0.67,"energy":310.05,"identify":null,"last_seen":"2025-08-24T18:00:36.159Z","linkquality":168,"power":119.3,"power_on_behavior":"on","state":"ON","update":{"installed_version":33816645,"latest_version":33816645,"state":"idle"},"voltage":228.5}'
[2025-08-24 20:00:36] info: 	z2m:mqtt: MQTT publish: topic 'zigbee2mqtt/prise bureau pc (IKEA)', payload '{"current":1.09,"energy":615.26,"identify":null,"last_seen":"2025-08-24T18:00:36.862Z","linkquality":255,"power":174.2,"power_on_behavior":"previous","state":"ON","update":{"installed_version":33816645,"latest_version":33816645,"state":"idle"},"voltage":228.9}'
[2025-08-24 20:00:37] info: 	z2m:mqtt: MQTT publish: topic 'zigbee2mqtt/prise mini pc (IKEA)', payload '{"current":0.14,"energy":5.86,"identify":null,"last_seen":"2025-08-24T18:00:37.437Z","linkquality":255,"power":7.2,"power_on_behavior":"previous","state":"ON","update":{"installed_version":33816645,"latest_version":33816645,"state":"idle"},"voltage":226.3}'
[2025-08-24 20:00:39] info: 	z2m:mqtt: MQTT publish: topic 'zigbee2mqtt/qualite air bureau (IKEA)', payload '{"humidity":65,"identify":null,"last_seen":"2025-08-24T18:00:39.175Z","linkquality":228,"pm25":10,"temperature":27,"update":{"installed_version":16777233,"latest_version":16777233,"state":"idle"},"voc_index":313}'
[2025-08-24 20:00:39] info: 	z2m:mqtt: MQTT publish: topic 'zigbee2mqtt/qualite air bureau (IKEA)', payload '{"humidity":65,"identify":null,"last_seen":"2025-08-24T18:00:39.221Z","linkquality":224,"pm25":10,"temperature":27,"update":{"installed_version":16777233,"latest_version":16777233,"state":"idle"},"voc_index":382}'
[2025-08-24 20:00:39] info: 	z2m:mqtt: MQTT publish: topic 'zigbee2mqtt/prise horloge (IKEA)', payload '{"current":0.004,"energy":1.24,"identify":null,"last_seen":"2025-08-24T18:00:39.503Z","linkquality":255,"power":0.2,"power_on_behavior":"previous","state":"ON","update":{"installed_version":33816645,"latest_version":33816645,"state":"idle"},"voltage":235.4}'
[2025-08-24 20:00:39] info: 	z2m:mqtt: MQTT publish: topic 'zigbee2mqtt/prise pc's gege (IKEA)', payload '{"current":0.67,"energy":310.05,"identify":null,"last_seen":"2025-08-24T18:00:39.970Z","linkquality":168,"power":119.3,"power_on_behavior":"on","state":"ON","update":{"installed_version":33816645,"latest_version":33816645,"state":"idle"},"voltage":229.1}'
[2025-08-24 20:00:39] info: 	z2m:mqtt: MQTT publish: topic 'zigbee2mqtt/prise bureau pc (IKEA)', payload '{"current":1.09,"energy":615.26,"identify":null,"last_seen":"2025-08-24T18:00:39.976Z","linkquality":255,"power":174.2,"power_on_behavior":"previous","state":"ON","update":{"installed_version":33816645,"latest_version":33816645,"state":"idle"},"voltage":229.4}'
[2025-08-24 20:00:40] info: 	z2m:mqtt: MQTT publish: topic 'zigbee2mqtt/Radiateur élec cuisine ', payload '{"current":0,"energy":98.99,"last_seen":"2025-08-24T18:00:40.036Z","linkquality":196,"power":0,"power_outage_memory":"restore","state":"OFF","switch_type":"state","update":{"installed_version":72,"latest_version":72,"state":"idle"},"voltage":231}'
[2025-08-24 20:00:40] info: 	z2m:mqtt: MQTT publish: topic 'zigbee2mqtt/prise box internet (IKEA)', payload '{"current":0.12,"energy":86.62,"identify":null,"last_seen":"2025-08-24T18:00:40.764Z","linkquality":148,"power":13,"power_on_behavior":"previous","state":"ON","update":{"installed_version":33816645,"latest_version":33816645,"state":"idle"},"voltage":228.9}'
[2025-08-24 20:00:41] info: 	z2m:mqtt: MQTT publish: topic 'zigbee2mqtt/prise tete de lit chambre', payload '{"current":0,"energy":25.58,"identify":null,"last_seen":"2025-08-24T18:00:41.483Z","linkquality":196,"power":0,"power_on_behavior":"on","state":"OFF","update":{"installed_version":33816645,"latest_version":33816645,"state":"idle"},"voltage":236.9}'
[2025-08-24 20:00:45] info: 	z2m:mqtt: MQTT publish: topic 'zigbee2mqtt/prise bureau pc (IKEA)', payload '{"current":1.09,"energy":615.26,"identify":null,"last_seen":"2025-08-24T18:00:45.849Z","linkquality":255,"power":176.9,"power_on_behavior":"previous","state":"ON","update":{"installed_version":33816645,"latest_version":33816645,"state":"idle"},"voltage":229.4}'
[2025-08-24 20:00:46] info: 	z2m:mqtt: MQTT publish: topic 'zigbee2mqtt/prise bureau pc (IKEA)', payload '{"current":1,"energy":615.26,"identify":null,"last_seen":"2025-08-24T18:00:46.826Z","linkquality":255,"power":176.9,"power_on_behavior":"previous","state":"ON","update":{"installed_version":33816645,"latest_version":33816645,"state":"idle"},"voltage":229.4}'
[2025-08-24 20:00:47] info: 	z2m:mqtt: MQTT publish: topic 'zigbee2mqtt/prise mini pc (IKEA)', payload '{"current":0.07,"energy":5.86,"identify":null,"last_seen":"2025-08-24T18:00:47.401Z","linkquality":255,"power":7.2,"power_on_behavior":"previous","state":"ON","update":{"installed_version":33816645,"latest_version":33816645,"state":"idle"},"voltage":226.3}'
[2025-08-24 20:00:47] info: 	z2m:mqtt: MQTT publish: topic 'zigbee2mqtt/prise pc's gege (IKEA)', payload '{"current":0.67,"energy":310.05,"identify":null,"last_seen":"2025-08-24T18:00:47.725Z","linkquality":168,"power":122.5,"power_on_behavior":"on","state":"ON","update":{"installed_version":33816645,"latest_version":33816645,"state":"idle"},"voltage":229.1}'
[2025-08-24 20:00:48] info: 	z2m:mqtt: MQTT publish: topic 'zigbee2mqtt/Clim Chambre (NOUS)', payload '{"child_lock":"LOCK","countdown":0,"current":0,"energy":392.86,"indicator_mode":"on","last_seen":"2025-08-24T18:00:48.718Z","linkquality":160,"power":0,"power_outage_memory":"restore","state":"OFF","update":{"installed_version":192,"latest_version":192,"state":"idle"},"voltage":228}'
[2025-08-24 20:00:49] info: 	z2m:mqtt: MQTT publish: topic 'zigbee2mqtt/prise horloge (IKEA)', payload '{"current":0.004,"energy":1.24,"identify":null,"last_seen":"2025-08-24T18:00:49.484Z","linkquality":255,"power":0.2,"power_on_behavior":"previous","state":"ON","update":{"installed_version":33816645,"latest_version":33816645,"state":"idle"},"voltage":235.8}'
[2025-08-24 20:00:50] info: 	z2m:mqtt: MQTT publish: topic 'zigbee2mqtt/prise tv chambre (NOUS)', payload '{"child_lock":"LOCK","countdown":0,"current":0,"energy":164.71,"indicator_mode":"off","last_seen":"2025-08-24T18:00:50.421Z","linkquality":168,"power":0,"power_outage_memory":"on","state":"ON","update":{"installed_version":192,"latest_version":192,"state":"idle"},"voltage":228}'
[2025-08-24 20:00:57] info: 	z2m:mqtt: MQTT publish: topic 'zigbee2mqtt/prise pc's gege (IKEA)', payload '{"current":0.67,"energy":310.05,"identify":null,"last_seen":"2025-08-24T18:00:57.734Z","linkquality":168,"power":119.6,"power_on_behavior":"on","state":"ON","update":{"installed_version":33816645,"latest_version":33816645,"state":"idle"},"voltage":229.1}'
[2025-08-24 20:00:58] info: 	z2m:mqtt: MQTT publish: topic 'zigbee2mqtt/qualite air salon (IKEA)', payload '{"humidity":65,"identify":null,"last_seen":"2025-08-24T18:00:58.687Z","linkquality":160,"pm25":6,"temperature":27,"update":{"installed_version":16777233,"latest_version":16777233,"state":"idle"},"voc_index":328}'
[2025-08-24 20:00:58] info: 	z2m:mqtt: MQTT publish: topic 'zigbee2mqtt/qualite air salon (IKEA)', payload '{"humidity":65,"identify":null,"last_seen":"2025-08-24T18:00:58.746Z","linkquality":160,"pm25":6,"temperature":27,"update":{"installed_version":16777233,"latest_version":16777233,"state":"idle"},"voc_index":317}'
[2025-08-24 20:00:59] info: 	z2m:mqtt: MQTT publish: topic 'zigbee2mqtt/prise tete de lit chambre', payload '{"current":0,"energy":25.58,"identify":null,"last_seen":"2025-08-24T18:00:59.267Z","linkquality":196,"power":0,"power_on_behavior":"on","state":"OFF","update":{"installed_version":33816645,"latest_version":33816645,"state":"idle"},"voltage":236.3}'
[2025-08-24 20:01:00] info: 	z2m:mqtt: MQTT publish: topic 'zigbee2mqtt/prise box internet (IKEA)', payload '{"current":0.12,"energy":86.62,"identify":null,"last_seen":"2025-08-24T18:00:59.999Z","linkquality":148,"power":13,"power_on_behavior":"previous","state":"ON","update":{"installed_version":33816645,"latest_version":33816645,"state":"idle"},"voltage":228.4}'
[2025-08-24 20:01:00] info: 	z2m:mqtt: MQTT publish: topic 'zigbee2mqtt/Clim du Bureau (NOUS)', payload '{"child_lock":"LOCK","countdown":0,"current":0,"energy":332.61,"indicator_mode":"off/on","last_seen":"2025-08-24T18:01:00.393Z","linkquality":164,"power":0,"power_outage_memory":"restore","state":"OFF","update":{"installed_version":192,"latest_version":192,"state":"idle"},"voltage":226}'
[2025-08-24 20:01:00] info: 	z2m:mqtt: MQTT publish: topic 'zigbee2mqtt/Clim du Bureau (NOUS)', payload '{"child_lock":"LOCK","countdown":0,"current":0,"energy":332.61,"indicator_mode":"off/on","last_seen":"2025-08-24T18:01:00.437Z","linkquality":164,"power":0,"power_outage_memory":"restore","state":"OFF","update":{"installed_version":192,"latest_version":192,"state":"idle"},"voltage":227}'
[2025-08-24 20:01:00] info: 	z2m:mqtt: MQTT publish: topic 'zigbee2mqtt/qualite air salon (IKEA)', payload '{"humidity":64,"identify":null,"last_seen":"2025-08-24T18:01:00.493Z","linkquality":164,"pm25":6,"temperature":27,"update":{"installed_version":16777233,"latest_version":16777233,"state":"idle"},"voc_index":317}'
[2025-08-24 20:01:06] info: 	z2m:mqtt: MQTT publish: topic 'zigbee2mqtt/prise bureau pc (IKEA)', payload '{"current":1,"energy":615.26,"identify":null,"last_seen":"2025-08-24T18:01:06.985Z","linkquality":255,"power":186.8,"power_on_behavior":"previous","state":"ON","update":{"installed_version":33816645,"latest_version":33816645,"state":"idle"},"voltage":229.4}'
[2025-08-24 20:01:06] info: 	z2m:mqtt: MQTT publish: topic 'zigbee2mqtt/prise mini pc (IKEA)', payload '{"current":0.13,"energy":5.86,"identify":null,"last_seen":"2025-08-24T18:01:06.995Z","linkquality":255,"power":7.2,"power_on_behavior":"previous","state":"ON","update":{"installed_version":33816645,"latest_version":33816645,"state":"idle"},"voltage":226.3}'
[2025-08-24 20:01:07] info: 	z2m:mqtt: MQTT publish: topic 'zigbee2mqtt/prise mini pc (IKEA)', payload '{"current":0.13,"energy":5.86,"identify":null,"last_seen":"2025-08-24T18:01:07.465Z","linkquality":255,"power":16.5,"power_on_behavior":"previous","state":"ON","update":{"installed_version":33816645,"latest_version":33816645,"state":"idle"},"voltage":226.3}'
[2025-08-24 20:01:07] info: 	z2m:mqtt: MQTT publish: topic 'zigbee2mqtt/prise pc's gege (IKEA)', payload '{"current":0.67,"energy":310.05,"identify":null,"last_seen":"2025-08-24T18:01:07.743Z","linkquality":168,"power":117.3,"power_on_behavior":"on","state":"ON","update":{"installed_version":33816645,"latest_version":33816645,"state":"idle"},"voltage":229.1}'
[2025-08-24 20:01:08] info: 	z2m:mqtt: MQTT publish: topic 'zigbee2mqtt/prise pc's gege (IKEA)', payload '{"current":0.67,"energy":310.05,"identify":null,"last_seen":"2025-08-24T18:01:08.193Z","linkquality":168,"power":117.3,"power_on_behavior":"on","state":"ON","update":{"installed_version":33816645,"latest_version":33816645,"state":"idle"},"voltage":229.6}'
[2025-08-24 20:01:09] info: 	z2m:mqtt: MQTT publish: topic 'zigbee2mqtt/prise tete de lit chambre', payload '{"current":0,"energy":25.58,"identify":null,"last_seen":"2025-08-24T18:01:09.241Z","linkquality":196,"power":0,"power_on_behavior":"on","state":"OFF","update":{"installed_version":33816645,"latest_version":33816645,"state":"idle"},"voltage":237.1}'
[2025-08-24 20:01:09] info: 	z2m:mqtt: MQTT publish: topic 'zigbee2mqtt/prise box internet (IKEA)', payload '{"current":0.12,"energy":86.62,"identify":null,"last_seen":"2025-08-24T18:01:09.975Z","linkquality":148,"power":13,"power_on_behavior":"previous","state":"ON","update":{"installed_version":33816645,"latest_version":33816645,"state":"idle"},"voltage":229}'
[2025-08-24 20:01:10] info: 	z2m:mqtt: MQTT publish: topic 'zigbee2mqtt/qualite air salon (IKEA)', payload '{"humidity":65,"identify":null,"last_seen":"2025-08-24T18:01:10.511Z","linkquality":168,"pm25":6,"temperature":27,"update":{"installed_version":16777233,"latest_version":16777233,"state":"idle"},"voc_index":317}'
[2025-08-24 20:01:11] info: 	z2m:mqtt: MQTT publish: topic 'zigbee2mqtt/prise tv chambre (NOUS)', payload '{"child_lock":"LOCK","countdown":0,"current":0,"energy":164.71,"indicator_mode":"off","last_seen":"2025-08-24T18:00:50.421Z","linkquality":168,"power":0,"power_outage_memory":"on","state":"ON","update":{"installed_version":192,"latest_version":192,"state":"idle"},"voltage":228}'
[2025-08-24 20:01:11] info: 	z2m:mqtt: MQTT publish: topic 'zigbee2mqtt/Clim du Bureau (NOUS)', payload '{"child_lock":"LOCK","countdown":0,"current":0,"energy":332.61,"indicator_mode":"off/on","last_seen":"2025-08-24T18:01:00.437Z","linkquality":164,"power":0,"power_outage_memory":"restore","state":"OFF","update":{"installed_version":192,"latest_version":192,"state":"idle"},"voltage":227}'
[2025-08-24 20:01:11] info: 	z2m:mqtt: MQTT publish: topic 'zigbee2mqtt/Clim du Bureau (NOUS)', payload '{"child_lock":"LOCK","countdown":0,"current":0,"energy":332.61,"indicator_mode":"off/on","last_seen":"2025-08-24T18:01:00.437Z","linkquality":164,"power":0,"power_outage_memory":"restore","state":"OFF","update":{"installed_version":192,"latest_version":192,"state":"idle"},"voltage":227}'
[2025-08-24 20:01:14] info: 	z2m:mqtt: MQTT publish: topic 'zigbee2mqtt/Four et Plaque de Cuisson', payload '{"ac_frequency":49.98,"current":0,"data_report_duration":60,"energy":60,"last_seen":"2025-08-24T18:01:14.578Z","linkquality":216,"power":0,"power_factor":100,"produced_energy":0,"voltage":231}'
[2025-08-24 20:01:14] info: 	z2m:mqtt: MQTT publish: topic 'zigbee2mqtt/Four et Plaque de Cuisson', payload '{"ac_frequency":49.98,"current":0,"data_report_duration":60,"energy":60,"last_seen":"2025-08-24T18:01:14.625Z","linkquality":212,"power":0,"power_factor":100,"produced_energy":0,"voltage":231}'
[2025-08-24 20:01:14] info: 	z2m:mqtt: MQTT publish: topic 'zigbee2mqtt/Four et Plaque de Cuisson', payload '{"ac_frequency":49.98,"current":0,"data_report_duration":60,"energy":60,"last_seen":"2025-08-24T18:01:14.673Z","linkquality":216,"power":0,"power_factor":100,"produced_energy":0,"voltage":231}'
[2025-08-24 20:01:14] info: 	z2m:mqtt: MQTT publish: topic 'zigbee2mqtt/Four et Plaque de Cuisson', payload '{"ac_frequency":49.98,"current":0,"data_report_duration":60,"energy":60,"last_seen":"2025-08-24T18:01:14.723Z","linkquality":216,"power":0,"power_factor":100,"produced_energy":0,"voltage":231}'
[2025-08-24 20:01:14] info: 	z2m:mqtt: MQTT publish: topic 'zigbee2mqtt/Four et Plaque de Cuisson', payload '{"ac_frequency":49.98,"current":0,"data_report_duration":60,"energy":60,"last_seen":"2025-08-24T18:01:14.770Z","linkquality":216,"power":0,"power_factor":100,"produced_energy":0,"voltage":231}'
[2025-08-24 20:01:14] info: 	z2m:mqtt: MQTT publish: topic 'zigbee2mqtt/Four et Plaque de Cuisson', payload '{"ac_frequency":49.98,"current":0,"data_report_duration":60,"energy":60,"last_seen":"2025-08-24T18:01:14.834Z","linkquality":216,"power":0,"power_factor":100,"produced_energy":0,"voltage":231}'
[2025-08-24 20:01:14] info: 	z2m:mqtt: MQTT publish: topic 'zigbee2mqtt/Four et Plaque de Cuisson', payload '{"ac_frequency":49.98,"current":0,"data_report_duration":60,"energy":60,"last_seen":"2025-08-24T18:01:14.881Z","linkquality":216,"power":0,"power_factor":100,"produced_energy":0,"voltage":231}'
[2025-08-24 20:01:14] info: 	z2m:mqtt: MQTT publish: topic 'zigbee2mqtt/Th Bureau', payload '{"battery":25,"comfort_humidity_max":55,"comfort_humidity_min":40,"comfort_temperature_max":25,"comfort_temperature_min":21,"humidity":59.6,"humidity_calibration":0,"last_seen":"2025-08-24T18:01:14.887Z","linkquality":255,"temperature":27.2,"temperature_calibration":0,"temperature_units":"celsius","update":{"installed_version":8960,"latest_version":8960,"state":"idle"}}'
[2025-08-24 20:01:14] info: 	z2m:mqtt: MQTT publish: topic 'zigbee2mqtt/Four et Plaque de Cuisson', payload '{"ac_frequency":49.98,"current":0,"data_report_duration":60,"energy":60,"last_seen":"2025-08-24T18:01:14.928Z","linkquality":216,"power":0,"power_factor":100,"produced_energy":0,"voltage":231}'
[2025-08-24 20:01:15] info: 	z2m:mqtt: MQTT publish: topic 'zigbee2mqtt/Th Bureau', payload '{"battery":25,"comfort_humidity_max":55,"comfort_humidity_min":40,"comfort_temperature_max":25,"comfort_temperature_min":21,"humidity":59.6,"humidity_calibration":0,"last_seen":"2025-08-24T18:01:15.107Z","linkquality":255,"temperature":27.2,"temperature_calibration":0,"temperature_units":"celsius","update":{"installed_version":8960,"latest_version":8960,"state":"idle"}}'
[2025-08-24 20:01:16] info: 	z2m:mqtt: MQTT publish: topic 'zigbee2mqtt/prise bureau pc (IKEA)', payload '{"current":1,"energy":615.26,"identify":null,"last_seen":"2025-08-24T18:01:16.966Z","linkquality":255,"power":176.6,"power_on_behavior":"previous","state":"ON","update":{"installed_version":33816645,"latest_version":33816645,"state":"idle"},"voltage":229.4}'
[2025-08-24 20:01:17] info: 	z2m:mqtt: MQTT publish: topic 'zigbee2mqtt/prise mini pc (IKEA)', payload '{"current":0.07,"energy":5.86,"identify":null,"last_seen":"2025-08-24T18:01:17.004Z","linkquality":255,"power":16.5,"power_on_behavior":"previous","state":"ON","update":{"installed_version":33816645,"latest_version":33816645,"state":"idle"},"voltage":226.3}'
[2025-08-24 20:01:17] info: 	z2m:mqtt: MQTT publish: topic 'zigbee2mqtt/prise mini pc (IKEA)', payload '{"current":0.07,"energy":5.86,"identify":null,"last_seen":"2025-08-24T18:01:17.456Z","linkquality":255,"power":7.3,"power_on_behavior":"previous","state":"ON","update":{"installed_version":33816645,"latest_version":33816645,"state":"idle"},"voltage":226.3}'
[2025-08-24 20:01:17] info: 	z2m:mqtt: MQTT publish: topic 'zigbee2mqtt/prise pc's gege (IKEA)', payload '{"current":0.67,"energy":310.05,"identify":null,"last_seen":"2025-08-24T18:01:17.798Z","linkquality":172,"power":118.7,"power_on_behavior":"on","state":"ON","update":{"installed_version":33816645,"latest_version":33816645,"state":"idle"},"voltage":229.6}'
[2025-08-24 20:01:18] info: 	z2m:mqtt: MQTT publish: topic 'zigbee2mqtt/prise bureau pc (IKEA)', payload '{"current":1,"energy":615.26,"identify":null,"last_seen":"2025-08-24T18:01:18.526Z","linkquality":255,"power":176.6,"power_on_behavior":"previous","state":"ON","update":{"installed_version":33816645,"latest_version":33816645,"state":"idle"},"voltage":230}'
[2025-08-24 20:01:18] info: 	z2m:mqtt: MQTT publish: topic 'zigbee2mqtt/Prise Radiateur Salle de Bain (NOUS)', payload '{"child_lock":"LOCK","countdown":0,"current":0,"energy":0.27,"indicator_mode":"off/on","last_seen":"2025-08-24T18:01:18.825Z","linkquality":248,"power":0,"power_outage_memory":"restore","state":"OFF","update":{"installed_version":192,"latest_version":192,"state":"idle"},"voltage":228}'
[2025-08-24 20:01:19] info: 	z2m:mqtt: MQTT publish: topic 'zigbee2mqtt/prise horloge (IKEA)', payload '{"current":0.004,"energy":1.24,"identify":null,"last_seen":"2025-08-24T18:01:19.588Z","linkquality":255,"power":0.2,"power_on_behavior":"previous","state":"ON","update":{"installed_version":33816645,"latest_version":33816645,"state":"idle"},"voltage":236.5}'
[2025-08-24 20:01:20] info: 	z2m:mqtt: MQTT publish: topic 'zigbee2mqtt/prise pc's gege (IKEA)', payload '{"current":0.67,"energy":310.05,"identify":null,"last_seen":"2025-08-24T18:01:20.069Z","linkquality":168,"power":118.7,"power_on_behavior":"on","state":"ON","update":{"installed_version":33816645,"latest_version":33816645,"state":"idle"},"voltage":230.1}'
[2025-08-24 20:01:20] info: 	z2m:mqtt: MQTT publish: topic 'zigbee2mqtt/prise tete de lit chambre', payload '{"current":0,"energy":25.58,"identify":null,"last_seen":"2025-08-24T18:01:20.074Z","linkquality":196,"power":0,"power_on_behavior":"on","state":"OFF","update":{"installed_version":33816645,"latest_version":33816645,"state":"idle"},"voltage":237.6}'
[2025-08-24 20:01:20] info: 	z2m:mqtt: MQTT publish: topic 'zigbee2mqtt/qualite air salon (IKEA)', payload '{"humidity":65,"identify":null,"last_seen":"2025-08-24T18:01:20.484Z","linkquality":168,"pm25":6,"temperature":27,"update":{"installed_version":16777233,"latest_version":16777233,"state":"idle"},"voc_index":317}'
[2025-08-24 20:01:20] info: 	z2m:mqtt: MQTT publish: topic 'zigbee2mqtt/prise box internet (IKEA)', payload '{"current":0.12,"energy":86.62,"identify":null,"last_seen":"2025-08-24T18:01:20.855Z","linkquality":148,"power":13,"power_on_behavior":"previous","state":"ON","update":{"installed_version":33816645,"latest_version":33816645,"state":"idle"},"voltage":229.5}'
[2025-08-24 20:01:27] info: 	z2m:mqtt: MQTT publish: topic 'zigbee2mqtt/prise pc's gege (IKEA)', payload '{"current":0.67,"energy":310.05,"identify":null,"last_seen":"2025-08-24T18:01:27.805Z","linkquality":172,"power":119.8,"power_on_behavior":"on","state":"ON","update":{"installed_version":33816645,"latest_version":33816645,"state":"idle"},"voltage":230.1}'
[2025-08-24 20:01:30] info: 	z2m:mqtt: MQTT publish: topic 'zigbee2mqtt/qualite air salon (IKEA)', payload '{"humidity":65,"identify":null,"last_seen":"2025-08-24T18:01:30.415Z","linkquality":168,"pm25":6,"temperature":27,"update":{"installed_version":16777233,"latest_version":16777233,"state":"idle"},"voc_index":317}'
[2025-08-24 20:01:36] info: 	z2m:mqtt: MQTT publish: topic 'zigbee2mqtt/prise bureau pc (IKEA)', payload '{"current":1,"energy":615.26,"identify":null,"last_seen":"2025-08-24T18:01:36.585Z","linkquality":255,"power":182.8,"power_on_behavior":"previous","state":"ON","update":{"installed_version":33816645,"latest_version":33816645,"state":"idle"},"voltage":230}'
[2025-08-24 20:01:36] info: 	z2m:mqtt: MQTT publish: topic 'zigbee2mqtt/prise mini pc (IKEA)', payload '{"current":0.13,"energy":5.86,"identify":null,"last_seen":"2025-08-24T18:01:36.609Z","linkquality":255,"power":7.3,"power_on_behavior":"previous","state":"ON","update":{"installed_version":33816645,"latest_version":33816645,"state":"idle"},"voltage":226.3}'
[2025-08-24 20:01:37] info: 	z2m:mqtt: MQTT publish: topic 'zigbee2mqtt/prise mini pc (IKEA)', payload '{"current":0.13,"energy":5.86,"identify":null,"last_seen":"2025-08-24T18:01:37.085Z","linkquality":255,"power":16.3,"power_on_behavior":"previous","state":"ON","update":{"installed_version":33816645,"latest_version":33816645,"state":"idle"},"voltage":226.3}'
[2025-08-24 20:01:40] info: 	z2m:mqtt: MQTT publish: topic 'zigbee2mqtt/qualite air salon (IKEA)', payload '{"humidity":65,"identify":null,"last_seen":"2025-08-24T18:01:40.390Z","linkquality":168,"pm25":6,"temperature":27,"update":{"installed_version":16777233,"latest_version":16777233,"state":"idle"},"voc_index":317}'
[2025-08-24 20:01:42] info: 	z2m:mqtt: MQTT publish: topic 'zigbee2mqtt/prise four micro ondes (NOUS)', payload '{"child_lock":"UNLOCK","countdown":0,"current":0.03,"energy":57.38,"indicator_mode":"off/on","last_seen":"2025-08-24T18:01:42.819Z","linkquality":255,"power":0,"power_outage_memory":"restore","state":"ON","update":{"installed_version":192,"latest_version":192,"state":"idle"},"voltage":230}'
[2025-08-24 20:01:42] info: 	z2m:mqtt: MQTT publish: topic 'zigbee2mqtt/prise four micro ondes (NOUS)', payload '{"child_lock":"UNLOCK","countdown":0,"current":0.03,"energy":57.38,"indicator_mode":"off/on","last_seen":"2025-08-24T18:01:42.862Z","linkquality":255,"power":0,"power_outage_memory":"restore","state":"ON","update":{"installed_version":192,"latest_version":192,"state":"idle"},"voltage":230}'
[2025-08-24 20:01:46] info: 	z2m:mqtt: MQTT publish: topic 'zigbee2mqtt/prise bureau pc (IKEA)', payload '{"current":1,"energy":615.26,"identify":null,"last_seen":"2025-08-24T18:01:46.549Z","linkquality":255,"power":176.6,"power_on_behavior":"previous","state":"ON","update":{"installed_version":33816645,"latest_version":33816645,"state":"idle"},"voltage":230}'
[2025-08-24 20:01:46] info: 	z2m:mqtt: MQTT publish: topic 'zigbee2mqtt/prise mini pc (IKEA)', payload '{"current":0.07,"energy":5.86,"identify":null,"last_seen":"2025-08-24T18:01:46.574Z","linkquality":255,"power":16.3,"power_on_behavior":"previous","state":"ON","update":{"installed_version":33816645,"latest_version":33816645,"state":"idle"},"voltage":226.3}'
[2025-08-24 20:01:47] info: 	z2m:mqtt: MQTT publish: topic 'zigbee2mqtt/prise mini pc (IKEA)', payload '{"current":0.07,"energy":5.86,"identify":null,"last_seen":"2025-08-24T18:01:47.047Z","linkquality":255,"power":7.4,"power_on_behavior":"previous","state":"ON","update":{"installed_version":33816645,"latest_version":33816645,"state":"idle"},"voltage":226.3}'
[2025-08-24 20:01:50] info: 	z2m:mqtt: MQTT publish: topic 'zigbee2mqtt/qualite air salon (IKEA)', payload '{"humidity":64,"identify":null,"last_seen":"2025-08-24T18:01:50.364Z","linkquality":160,"pm25":6,"temperature":27,"update":{"installed_version":16777233,"latest_version":16777233,"state":"idle"},"voc_index":317}'
[2025-08-24 20:01:50] info: 	z2m:mqtt: MQTT publish: topic 'zigbee2mqtt/prise horloge (IKEA)', payload '{"current":0.004,"energy":1.24,"identify":null,"last_seen":"2025-08-24T18:01:50.691Z","linkquality":255,"power":0.2,"power_on_behavior":"previous","state":"ON","update":{"installed_version":33816645,"latest_version":33816645,"state":"idle"},"voltage":237}'
[2025-08-24 20:01:51] info: 	z2m:mqtt: MQTT publish: topic 'zigbee2mqtt/prise bureau pc (IKEA)', payload '{"current":1,"energy":615.26,"identify":null,"last_seen":"2025-08-24T18:01:51.073Z","linkquality":255,"power":176.6,"power_on_behavior":"previous","state":"ON","update":{"installed_version":33816645,"latest_version":33816645,"state":"idle"},"voltage":230.7}'
[2025-08-24 20:01:57] info: 	z2m:mqtt: MQTT publish: topic 'zigbee2mqtt/Clim Salon (NOUS)', payload '{"child_lock":"LOCK","countdown":0,"current":0,"energy":414.52,"indicator_mode":"on","last_seen":"2025-08-24T18:01:57.853Z","linkquality":168,"power":0,"power_outage_memory":"restore","state":"OFF","update":{"installed_version":192,"latest_version":192,"state":"idle"},"voltage":229}'
[2025-08-24 20:01:59] info: 	z2m:mqtt: MQTT publish: topic 'zigbee2mqtt/Clim du Bureau (NOUS)', payload '{"child_lock":"LOCK","countdown":0,"current":0,"energy":332.61,"indicator_mode":"off/on","last_seen":"2025-08-24T18:01:59.305Z","linkquality":164,"power":0,"power_outage_memory":"restore","state":"OFF","update":{"installed_version":192,"latest_version":192,"state":"idle"},"voltage":227}'
[2025-08-24 20:02:01] info: 	z2m:mqtt: MQTT publish: topic 'zigbee2mqtt/prise tv chambre (NOUS)', payload '{"child_lock":"LOCK","countdown":0,"current":0,"energy":164.71,"indicator_mode":"off","last_seen":"2025-08-24T18:02:01.416Z","linkquality":168,"power":0,"power_outage_memory":"on","state":"ON","update":{"installed_version":192,"latest_version":192,"state":"idle"},"voltage":228}'
[2025-08-24 20:02:03] info: 	z2m:mqtt: MQTT publish: topic 'zigbee2mqtt/prise four micro ondes (NOUS)', payload '{"child_lock":"UNLOCK","countdown":0,"current":0.03,"energy":57.38,"indicator_mode":"off/on","last_seen":"2025-08-24T18:02:03.761Z","linkquality":255,"power":0,"power_outage_memory":"restore","state":"ON","update":{"installed_version":192,"latest_version":192,"state":"idle"},"voltage":230}'
[2025-08-24 20:02:03] info: 	z2m:mqtt: MQTT publish: topic 'zigbee2mqtt/prise four micro ondes (NOUS)', payload '{"child_lock":"UNLOCK","countdown":0,"current":0.03,"energy":57.38,"indicator_mode":"off/on","last_seen":"2025-08-24T18:02:03.761Z","linkquality":255,"power":0,"power_outage_memory":"restore","state":"ON","update":{"installed_version":192,"latest_version":192,"state":"idle"},"voltage":230}'
[2025-08-24 20:02:04] info: 	z2m:mqtt: MQTT publish: topic 'zigbee2mqtt/prise box internet (IKEA)', payload '{"current":0.11,"energy":86.62,"identify":null,"last_seen":"2025-08-24T18:02:04.086Z","linkquality":148,"power":13,"power_on_behavior":"previous","state":"ON","update":{"installed_version":33816645,"latest_version":33816645,"state":"idle"},"voltage":229.5}'
[2025-08-24 20:02:05] info: 	z2m:mqtt: MQTT publish: topic 'zigbee2mqtt/prise frigo cuisine (NOUS)', payload '{"child_lock":"LOCK","countdown":0,"current":0,"energy":106.05,"indicator_mode":"on/off","last_seen":"2025-08-24T18:02:05.281Z","linkquality":88,"power":0,"power_outage_memory":"on","state":"ON","update":{"installed_version":192,"latest_version":192,"state":"idle"},"voltage":228}'
[2025-08-24 20:02:05] info: 	z2m:mqtt: MQTT publish: topic 'zigbee2mqtt/prise frigo cuisine (NOUS)', payload '{"child_lock":"LOCK","countdown":0,"current":0,"energy":106.05,"indicator_mode":"on/off","last_seen":"2025-08-24T18:02:05.331Z","linkquality":92,"power":0,"power_outage_memory":"on","state":"ON","update":{"installed_version":192,"latest_version":192,"state":"idle"},"voltage":228}'
[2025-08-24 20:02:06] info: 	z2m:mqtt: MQTT publish: topic 'zigbee2mqtt/prise mini pc (IKEA)', payload '{"current":0.07,"energy":5.86,"identify":null,"last_seen":"2025-08-24T18:02:06.649Z","linkquality":255,"power":15.4,"power_on_behavior":"previous","state":"ON","update":{"installed_version":33816645,"latest_version":33816645,"state":"idle"},"voltage":226.3}'
[2025-08-24 20:02:07] info: 	z2m:mqtt: MQTT publish: topic 'zigbee2mqtt/prise horloge (IKEA)', payload '{"current":0.004,"energy":1.24,"identify":null,"last_seen":"2025-08-24T18:02:07.141Z","linkquality":255,"power":0.2,"power_on_behavior":"previous","state":"ON","update":{"installed_version":33816645,"latest_version":33816645,"state":"idle"},"voltage":236.5}'
[2025-08-24 20:02:07] info: 	z2m:mqtt: MQTT publish: topic 'zigbee2mqtt/prise bureau pc (IKEA)', payload '{"current":1.07,"energy":615.26,"identify":null,"last_seen":"2025-08-24T18:02:07.209Z","linkquality":255,"power":176.6,"power_on_behavior":"previous","state":"ON","update":{"installed_version":33816645,"latest_version":33816645,"state":"idle"},"voltage":230.7}'
[2025-08-24 20:02:07] info: 	z2m:mqtt: MQTT publish: topic 'zigbee2mqtt/prise bureau pc (IKEA)', payload '{"current":1.07,"energy":615.26,"identify":null,"last_seen":"2025-08-24T18:02:07.355Z","linkquality":255,"power":176.6,"power_on_behavior":"previous","state":"ON","update":{"installed_version":33816645,"latest_version":33816645,"state":"idle"},"voltage":230.1}'
[2025-08-24 20:02:08] info: 	z2m:mqtt: MQTT publish: topic 'zigbee2mqtt/Prise Bureau Fer à Repasser (NOUS)', payload '{"child_lock":"UNLOCK","countdown":0,"current":0,"energy":1.99,"indicator_mode":"off/on","last_seen":"2025-08-24T18:02:08.169Z","linkquality":196,"power":0,"power_outage_memory":"on","state":"ON","update":{"installed_version":192,"latest_version":192,"state":"idle"},"voltage":229}'
[2025-08-24 20:02:08] info: 	z2m:mqtt: MQTT publish: topic 'zigbee2mqtt/prise tete de lit chambre', payload '{"current":0,"energy":25.58,"identify":null,"last_seen":"2025-08-24T18:02:08.825Z","linkquality":196,"power":0,"power_on_behavior":"on","state":"OFF","update":{"installed_version":33816645,"latest_version":33816645,"state":"idle"},"voltage":236.9}'
[2025-08-24 20:02:08] info: 	z2m:mqtt: MQTT publish: topic 'zigbee2mqtt/prise pc's gege (IKEA)', payload '{"current":0.67,"energy":310.05,"identify":null,"last_seen":"2025-08-24T18:02:08.972Z","linkquality":172,"power":119.8,"power_on_behavior":"on","state":"ON","update":{"installed_version":33816645,"latest_version":33816645,"state":"idle"},"voltage":229.5}'
[2025-08-24 20:02:09] info: 	z2m:mqtt: MQTT publish: topic 'zigbee2mqtt/prise box internet (IKEA)', payload '{"current":0.11,"energy":86.62,"identify":null,"last_seen":"2025-08-24T18:02:09.687Z","linkquality":148,"power":13,"power_on_behavior":"previous","state":"ON","update":{"installed_version":33816645,"latest_version":33816645,"state":"idle"},"voltage":229}'
[2025-08-24 20:02:11] info: 	z2m:mqtt: MQTT publish: topic 'zigbee2mqtt/prise airfryer ninja (NOUS)', payload '{"child_lock":"UNLOCK","countdown":0,"current":0,"energy":72.19,"indicator_mode":"on","last_seen":"2025-08-24T18:02:11.195Z","linkquality":232,"power":0,"power_outage_memory":"restore","state":"ON","update":{"installed_version":192,"latest_version":192,"state":"idle"},"voltage":229}'
[2025-08-24 20:02:11] info: 	z2m:mqtt: MQTT publish: topic 'zigbee2mqtt/prise lave vaisselle (NOUS)', payload '{"child_lock":"LOCK","countdown":0,"current":0,"energy":115.82,"indicator_mode":"on","last_seen":"2025-08-24T18:02:11.331Z","linkquality":152,"power":0,"power_outage_memory":"on","state":"ON","update":{"installed_version":192,"latest_version":192,"state":"idle"},"voltage":229}'
[2025-08-24 20:02:12] info: 	z2m:mqtt: MQTT publish: topic 'zigbee2mqtt/prise pc's gege (IKEA)', payload '{"current":0.67,"energy":310.05,"identify":null,"last_seen":"2025-08-24T18:02:12.345Z","linkquality":172,"power":126.6,"power_on_behavior":"on","state":"ON","update":{"installed_version":33816645,"latest_version":33816645,"state":"idle"},"voltage":229.5}'
[2025-08-24 20:02:14] info: 	z2m:mqtt: MQTT publish: topic 'zigbee2mqtt/Four et Plaque de Cuisson', payload '{"ac_frequency":49.98,"current":0,"data_report_duration":60,"energy":60,"last_seen":"2025-08-24T18:02:14.473Z","linkquality":216,"power":0,"power_factor":100,"produced_energy":0,"voltage":231}'
[2025-08-24 20:02:14] info: 	z2m:mqtt: MQTT publish: topic 'zigbee2mqtt/Four et Plaque de Cuisson', payload '{"ac_frequency":49.98,"current":0,"data_report_duration":60,"energy":60,"last_seen":"2025-08-24T18:02:14.522Z","linkquality":216,"power":0,"power_factor":100,"produced_energy":0,"voltage":231}'
[2025-08-24 20:02:14] info: 	z2m:mqtt: MQTT publish: topic 'zigbee2mqtt/Four et Plaque de Cuisson', payload '{"ac_frequency":49.98,"current":0,"data_report_duration":60,"energy":60,"last_seen":"2025-08-24T18:02:14.569Z","linkquality":216,"power":0,"power_factor":100,"produced_energy":0,"voltage":231}'
[2025-08-24 20:02:14] info: 	z2m:mqtt: MQTT publish: topic 'zigbee2mqtt/Four et Plaque de Cuisson', payload '{"ac_frequency":49.98,"current":0,"data_report_duration":60,"energy":60,"last_seen":"2025-08-24T18:02:14.617Z","linkquality":216,"power":0,"power_factor":100,"produced_energy":0,"voltage":231}'
[2025-08-24 20:02:14] info: 	z2m:mqtt: MQTT publish: topic 'zigbee2mqtt/Four et Plaque de Cuisson', payload '{"ac_frequency":50,"current":0,"data_report_duration":60,"energy":60,"last_seen":"2025-08-24T18:02:14.667Z","linkquality":216,"power":0,"power_factor":100,"produced_energy":0,"voltage":231}'
[2025-08-24 20:02:14] info: 	z2m:mqtt: MQTT publish: topic 'zigbee2mqtt/Four et Plaque de Cuisson', payload '{"ac_frequency":50,"current":0,"data_report_duration":60,"energy":60,"last_seen":"2025-08-24T18:02:14.719Z","linkquality":216,"power":0,"power_factor":100,"produced_energy":0,"voltage":231}'
[2025-08-24 20:02:14] info: 	z2m:mqtt: MQTT publish: topic 'zigbee2mqtt/Four et Plaque de Cuisson', payload '{"ac_frequency":50,"current":0,"data_report_duration":60,"energy":60,"last_seen":"2025-08-24T18:02:14.770Z","linkquality":216,"power":0,"power_factor":100,"produced_energy":0,"voltage":231}'
[2025-08-24 20:02:14] info: 	z2m:mqtt: MQTT publish: topic 'zigbee2mqtt/Four et Plaque de Cuisson', payload '{"ac_frequency":50,"current":0,"data_report_duration":60,"energy":60,"last_seen":"2025-08-24T18:02:14.823Z","linkquality":216,"power":0,"power_factor":100,"produced_energy":0,"voltage":231}'
[2025-08-24 20:02:15] info: 	z2m:mqtt: MQTT publish: topic 'zigbee2mqtt/qualite air salon (IKEA)', payload '{"humidity":65,"identify":null,"last_seen":"2025-08-24T18:02:15.965Z","linkquality":164,"pm25":6,"temperature":27,"update":{"installed_version":16777233,"latest_version":16777233,"state":"idle"},"voc_index":317}'
[2025-08-24 20:02:16] info: 	z2m:mqtt: MQTT publish: topic 'zigbee2mqtt/prise mini pc (IKEA)', payload '{"current":0.07,"energy":5.86,"identify":null,"last_seen":"2025-08-24T18:02:16.696Z","linkquality":255,"power":7.8,"power_on_behavior":"previous","state":"ON","update":{"installed_version":33816645,"latest_version":33816645,"state":"idle"},"voltage":226.3}'
[2025-08-24 20:02:17] info: 	z2m:mqtt: MQTT publish: topic 'zigbee2mqtt/prise horloge (IKEA)', payload '{"current":0.004,"energy":1.24,"identify":null,"last_seen":"2025-08-24T18:02:17.167Z","linkquality":255,"power":0.2,"power_on_behavior":"previous","state":"ON","update":{"installed_version":33816645,"latest_version":33816645,"state":"idle"},"voltage":236.3}'
[2025-08-24 20:02:17] info: 	z2m:mqtt: MQTT publish: topic 'zigbee2mqtt/prise bureau pc (IKEA)', payload '{"current":1,"energy":615.26,"identify":null,"last_seen":"2025-08-24T18:02:17.218Z","linkquality":255,"power":176.6,"power_on_behavior":"previous","state":"ON","update":{"installed_version":33816645,"latest_version":33816645,"state":"idle"},"voltage":230.1}'
[2025-08-24 20:02:17] info: 	z2m:mqtt: MQTT publish: topic 'zigbee2mqtt/prise bureau pc (IKEA)', payload '{"current":1,"energy":615.26,"identify":null,"last_seen":"2025-08-24T18:02:17.317Z","linkquality":255,"power":176.6,"power_on_behavior":"previous","state":"ON","update":{"installed_version":33816645,"latest_version":33816645,"state":"idle"},"voltage":230.1}'
[2025-08-24 20:02:18] info: 	z2m:mqtt: MQTT publish: topic 'zigbee2mqtt/prise tete de lit chambre', payload '{"current":0,"energy":25.58,"identify":null,"last_seen":"2025-08-24T18:02:18.848Z","linkquality":196,"power":0,"power_on_behavior":"on","state":"OFF","update":{"installed_version":33816645,"latest_version":33816645,"state":"idle"},"voltage":237.2}'
[2025-08-24 20:02:19] info: 	z2m:mqtt: MQTT publish: topic 'zigbee2mqtt/prise pc's gege (IKEA)', payload '{"current":0.67,"energy":310.05,"identify":null,"last_seen":"2025-08-24T18:02:19.402Z","linkquality":172,"power":126.6,"power_on_behavior":"on","state":"ON","update":{"installed_version":33816645,"latest_version":33816645,"state":"idle"},"voltage":230.1}'
[2025-08-24 20:02:19] info: 	z2m:mqtt: MQTT publish: topic 'zigbee2mqtt/qualite air chambre (IKEA)', payload '{"humidity":65,"identify":null,"last_seen":"2025-08-24T18:02:19.763Z","linkquality":200,"pm25":20,"temperature":27,"update":{"installed_version":16777233,"latest_version":16777233,"state":"idle"},"voc_index":327}'
[2025-08-24 20:02:19] info: 	z2m:mqtt: MQTT publish: topic 'zigbee2mqtt/qualite air chambre (IKEA)', payload '{"humidity":65,"identify":null,"last_seen":"2025-08-24T18:02:19.812Z","linkquality":200,"pm25":20,"temperature":27,"update":{"installed_version":16777233,"latest_version":16777233,"state":"idle"},"voc_index":359}'
[2025-08-24 20:02:20] info: 	z2m:mqtt: MQTT publish: topic 'zigbee2mqtt/prise box internet (IKEA)', payload '{"current":0.11,"energy":86.62,"identify":null,"last_seen":"2025-08-24T18:02:20.117Z","linkquality":148,"power":13,"power_on_behavior":"previous","state":"ON","update":{"installed_version":33816645,"latest_version":33816645,"state":"idle"},"voltage":229.6}'
[2025-08-24 20:02:22] info: 	z2m:mqtt: MQTT publish: topic 'zigbee2mqtt/prise pc's gege (IKEA)', payload '{"current":0.67,"energy":310.05,"identify":null,"last_seen":"2025-08-24T18:02:22.308Z","linkquality":168,"power":119.5,"power_on_behavior":"on","state":"ON","update":{"installed_version":33816645,"latest_version":33816645,"state":"idle"},"voltage":230.1}'
[2025-08-24 20:02:25] info: 	z2m:mqtt: MQTT publish: topic 'zigbee2mqtt/qualite air salon (IKEA)', payload '{"humidity":65,"identify":null,"last_seen":"2025-08-24T18:02:25.894Z","linkquality":164,"pm25":6,"temperature":27,"update":{"installed_version":16777233,"latest_version":16777233,"state":"idle"},"voc_index":317}'
[2025-08-24 20:02:26] info: 	z2m:mqtt: MQTT publish: topic 'zigbee2mqtt/prise frigo cuisine (NOUS)', payload '{"child_lock":"LOCK","countdown":0,"current":0,"energy":106.05,"indicator_mode":"on/off","last_seen":"2025-08-24T18:02:05.331Z","linkquality":92,"power":0,"power_outage_memory":"on","state":"ON","update":{"installed_version":192,"latest_version":192,"state":"idle"},"voltage":228}'
[2025-08-24 20:02:26] info: 	z2m:mqtt: MQTT publish: topic 'zigbee2mqtt/prise frigo cuisine (NOUS)', payload '{"child_lock":"LOCK","countdown":0,"current":0,"energy":106.05,"indicator_mode":"on/off","last_seen":"2025-08-24T18:02:05.331Z","linkquality":92,"power":0,"power_outage_memory":"on","state":"ON","update":{"installed_version":192,"latest_version":192,"state":"idle"},"voltage":228}'
[2025-08-24 20:02:28] info: 	z2m:mqtt: MQTT publish: topic 'zigbee2mqtt/prise tete de lit chambre', payload '{"current":0,"energy":25.58,"identify":null,"last_seen":"2025-08-24T18:02:28.780Z","linkquality":196,"power":0,"power_on_behavior":"on","state":"OFF","update":{"installed_version":33816645,"latest_version":33816645,"state":"idle"},"voltage":237.7}'
[2025-08-24 20:02:29] info: 	z2m:mqtt: MQTT publish: topic 'zigbee2mqtt/prise horloge (IKEA)', payload '{"current":0.004,"energy":1.24,"identify":null,"last_seen":"2025-08-24T18:02:29.624Z","linkquality":255,"power":0.2,"power_on_behavior":"previous","state":"ON","update":{"installed_version":33816645,"latest_version":33816645,"state":"idle"},"voltage":236.8}'
[2025-08-24 20:02:30] info: 	z2m:mqtt: MQTT publish: topic 'zigbee2mqtt/Radiateur élec cuisine ', payload '{"current":0,"energy":98.99,"last_seen":"2025-08-24T18:02:30.295Z","linkquality":196,"power":0,"power_outage_memory":"restore","state":"OFF","switch_type":"state","update":{"installed_version":72,"latest_version":72,"state":"idle"},"voltage":231}'
[2025-08-24 20:02:30] info: 	z2m:mqtt: MQTT publish: topic 'zigbee2mqtt/Radiateur élec cuisine ', payload '{"current":0,"energy":98.99,"last_seen":"2025-08-24T18:02:30.339Z","linkquality":196,"power":0,"power_outage_memory":"restore","state":"OFF","switch_type":"state","update":{"installed_version":72,"latest_version":72,"state":"idle"},"voltage":231}'
[2025-08-24 20:02:33] info: 	z2m:mqtt: MQTT publish: topic 'zigbee2mqtt/Four et Plaque de Cuisson', payload '{"ac_frequency":50,"current":0,"data_report_duration":60,"energy":60,"last_seen":"2025-08-24T18:02:33.170Z","linkquality":216,"power":0,"power_factor":100,"produced_energy":0,"voltage":231}'
[2025-08-24 20:02:33] info: 	z2m:mqtt: MQTT publish: topic 'zigbee2mqtt/prise congelateur cuisine (NOUS)', payload '{"child_lock":"LOCK","countdown":0,"current":0.21,"energy":186.79,"indicator_mode":"on","last_seen":"2025-08-24T18:02:33.991Z","linkquality":248,"power":30,"power_outage_memory":"on","state":"ON","update":{"installed_version":192,"latest_version":192,"state":"idle"},"voltage":227}'
[2025-08-24 20:02:34] info: 	zh:ember:ezsp: Received network/route error ROUTE_ERROR_SOURCE_ROUTE_FAILURE for "11216".
[2025-08-24 20:02:35] info: 	z2m:mqtt: MQTT publish: topic 'zigbee2mqtt/prise bureau pc (IKEA)', payload '{"current":1,"energy":615.26,"identify":null,"last_seen":"2025-08-24T18:02:35.570Z","linkquality":255,"power":176.6,"power_on_behavior":"previous","state":"ON","update":{"installed_version":33816645,"latest_version":33816645,"state":"idle"},"voltage":230.6}'
[2025-08-24 20:02:36] info: 	z2m:mqtt: MQTT publish: topic 'zigbee2mqtt/prise lave linge (NOUS)', payload '{"child_lock":"LOCK","countdown":0,"current":0,"energy":100.64,"indicator_mode":"on","last_seen":"2025-08-24T18:02:36.275Z","linkquality":188,"power":0,"power_outage_memory":"on","state":"ON","update":{"installed_version":192,"latest_version":192,"state":"idle"},"voltage":230}'
[2025-08-24 20:02:36] info: 	z2m:mqtt: MQTT publish: topic 'zigbee2mqtt/qualite air bureau (IKEA)', payload '{"humidity":66,"identify":null,"last_seen":"2025-08-24T18:02:36.549Z","linkquality":224,"pm25":10,"temperature":27,"update":{"installed_version":16777233,"latest_version":16777233,"state":"idle"},"voc_index":382}'
[2025-08-24 20:02:36] info: 	z2m:mqtt: MQTT publish: topic 'zigbee2mqtt/prise bureau pc (IKEA)', payload '{"current":1.06,"energy":615.26,"identify":null,"last_seen":"2025-08-24T18:02:36.914Z","linkquality":255,"power":176.6,"power_on_behavior":"previous","state":"ON","update":{"installed_version":33816645,"latest_version":33816645,"state":"idle"},"voltage":230.6}'
[2025-08-24 20:02:37] info: 	z2m:mqtt: MQTT publish: topic 'zigbee2mqtt/prise mini pc (IKEA)', payload '{"current":0.13,"energy":5.86,"identify":null,"last_seen":"2025-08-24T18:02:37.260Z","linkquality":255,"power":7.8,"power_on_behavior":"previous","state":"ON","update":{"installed_version":33816645,"latest_version":33816645,"state":"idle"},"voltage":226.3}'
[2025-08-24 20:02:37] info: 	z2m:mqtt: MQTT publish: topic 'zigbee2mqtt/prise pc's gege (IKEA)', payload '{"current":0.67,"energy":310.05,"identify":null,"last_seen":"2025-08-24T18:02:37.296Z","linkquality":168,"power":119.5,"power_on_behavior":"on","state":"ON","update":{"installed_version":33816645,"latest_version":33816645,"state":"idle"},"voltage":230.6}'
[2025-08-24 20:02:37] info: 	z2m:mqtt: MQTT publish: topic 'zigbee2mqtt/prise bureau pc (IKEA)', payload '{"current":1.06,"energy":615.26,"identify":null,"last_seen":"2025-08-24T18:02:37.382Z","linkquality":255,"power":185,"power_on_behavior":"previous","state":"ON","update":{"installed_version":33816645,"latest_version":33816645,"state":"idle"},"voltage":230.6}'
[2025-08-24 20:02:38] info: 	z2m:mqtt: MQTT publish: topic 'zigbee2mqtt/qualite air bureau (IKEA)', payload '{"humidity":66,"identify":null,"last_seen":"2025-08-24T18:02:38.915Z","linkquality":224,"pm25":9,"temperature":27,"update":{"installed_version":16777233,"latest_version":16777233,"state":"idle"},"voc_index":382}'
[2025-08-24 20:02:39] info: 	z2m:mqtt: MQTT publish: topic 'zigbee2mqtt/qualite air bureau (IKEA)', payload '{"humidity":66,"identify":null,"last_seen":"2025-08-24T18:02:39.007Z","linkquality":224,"pm25":9,"temperature":27,"update":{"installed_version":16777233,"latest_version":16777233,"state":"idle"},"voc_index":364}'
[2025-08-24 20:02:39] info: 	z2m:mqtt: MQTT publish: topic 'zigbee2mqtt/prise box internet (IKEA)', payload '{"current":0.11,"energy":86.62,"identify":null,"last_seen":"2025-08-24T18:02:39.281Z","linkquality":148,"power":13,"power_on_behavior":"previous","state":"ON","update":{"installed_version":33816645,"latest_version":33816645,"state":"idle"},"voltage":230.1}'
[2025-08-24 20:02:40] info: 	z2m:mqtt: MQTT publish: topic 'zigbee2mqtt/prise frigo cuisine (NOUS)', payload '{"child_lock":"LOCK","countdown":0,"current":0,"energy":106.05,"indicator_mode":"on/off","last_seen":"2025-08-24T18:02:40.776Z","linkquality":92,"power":0,"power_outage_memory":"on","state":"ON","update":{"installed_version":192,"latest_version":192,"state":"idle"},"voltage":228}'
[2025-08-24 20:02:45] info: 	z2m:mqtt: MQTT publish: topic 'zigbee2mqtt/prise lave vaisselle (NOUS)', payload '{"child_lock":"LOCK","countdown":0,"current":0,"energy":115.82,"indicator_mode":"on","last_seen":"2025-08-24T18:02:45.424Z","linkquality":156,"power":0,"power_outage_memory":"on","state":"ON","update":{"installed_version":192,"latest_version":192,"state":"idle"},"voltage":230}'
[2025-08-24 20:02:45] info: 	z2m:mqtt: MQTT publish: topic 'zigbee2mqtt/prise lave vaisselle (NOUS)', payload '{"child_lock":"LOCK","countdown":0,"current":0,"energy":115.82,"indicator_mode":"on","last_seen":"2025-08-24T18:02:45.464Z","linkquality":156,"power":0,"power_outage_memory":"on","state":"ON","update":{"installed_version":192,"latest_version":192,"state":"idle"},"voltage":230}'
[2025-08-24 20:02:46] info: 	z2m:mqtt: MQTT publish: topic 'zigbee2mqtt/qualite air bureau (IKEA)', payload '{"humidity":65,"identify":null,"last_seen":"2025-08-24T18:02:46.536Z","linkquality":224,"pm25":9,"temperature":27,"update":{"installed_version":16777233,"latest_version":16777233,"state":"idle"},"voc_index":364}'
[2025-08-24 20:02:46] info: 	z2m:mqtt: MQTT publish: topic 'zigbee2mqtt/prise bureau pc (IKEA)', payload '{"current":1.01,"energy":615.26,"identify":null,"last_seen":"2025-08-24T18:02:46.921Z","linkquality":255,"power":185,"power_on_behavior":"previous","state":"ON","update":{"installed_version":33816645,"latest_version":33816645,"state":"idle"},"voltage":230.6}'
[2025-08-24 20:02:47] info: 	z2m:mqtt: MQTT publish: topic 'zigbee2mqtt/prise mini pc (IKEA)', payload '{"current":0.07,"energy":5.86,"identify":null,"last_seen":"2025-08-24T18:02:47.267Z","linkquality":255,"power":7.8,"power_on_behavior":"previous","state":"ON","update":{"installed_version":33816645,"latest_version":33816645,"state":"idle"},"voltage":226.3}'
[2025-08-24 20:02:47] info: 	z2m:mqtt: MQTT publish: topic 'zigbee2mqtt/prise bureau pc (IKEA)', payload '{"current":1.01,"energy":615.26,"identify":null,"last_seen":"2025-08-24T18:02:47.449Z","linkquality":255,"power":176.4,"power_on_behavior":"previous","state":"ON","update":{"installed_version":33816645,"latest_version":33816645,"state":"idle"},"voltage":230.6}'
[2025-08-24 20:02:56] info: 	z2m:mqtt: MQTT publish: topic 'zigbee2mqtt/qualite air bureau (IKEA)', payload '{"humidity":66,"identify":null,"last_seen":"2025-08-24T18:02:56.516Z","linkquality":224,"pm25":9,"temperature":27,"update":{"installed_version":16777233,"latest_version":16777233,"state":"idle"},"voc_index":364}'
[2025-08-24 20:02:57] info: 	z2m:mqtt: MQTT publish: topic 'zigbee2mqtt/prise bureau pc (IKEA)', payload '{"current":1.01,"energy":615.26,"identify":null,"last_seen":"2025-08-24T18:02:57.341Z","linkquality":255,"power":180.5,"power_on_behavior":"previous","state":"ON","update":{"installed_version":33816645,"latest_version":33816645,"state":"idle"},"voltage":230.6}'
[2025-08-24 20:02:58] info: 	z2m:mqtt: MQTT publish: topic 'zigbee2mqtt/qualite air salon (IKEA)', payload '{"humidity":65,"identify":null,"last_seen":"2025-08-24T18:02:58.414Z","linkquality":168,"pm25":6,"temperature":27,"update":{"installed_version":16777233,"latest_version":16777233,"state":"idle"},"voc_index":317}'
[2025-08-24 20:02:58] info: 	z2m:mqtt: MQTT publish: topic 'zigbee2mqtt/qualite air salon (IKEA)', payload '{"humidity":65,"identify":null,"last_seen":"2025-08-24T18:02:58.431Z","linkquality":168,"pm25":6,"temperature":27,"update":{"installed_version":16777233,"latest_version":16777233,"state":"idle"},"voc_index":296}'
[2025-08-24 20:03:00] info: 	z2m:mqtt: MQTT publish: topic 'zigbee2mqtt/prise bureau pc (IKEA)', payload '{"current":1.01,"energy":615.26,"identify":null,"last_seen":"2025-08-24T18:03:00.793Z","linkquality":255,"power":180.5,"power_on_behavior":"previous","state":"ON","update":{"installed_version":33816645,"latest_version":33816645,"state":"idle"},"voltage":230}'
[2025-08-24 20:03:00] info: 	z2m:mqtt: MQTT publish: topic 'zigbee2mqtt/prise tete de lit chambre', payload '{"current":0,"energy":25.58,"identify":null,"last_seen":"2025-08-24T18:03:00.872Z","linkquality":196,"power":0,"power_on_behavior":"on","state":"OFF","update":{"installed_version":33816645,"latest_version":33816645,"state":"idle"},"voltage":237.2}'
[2025-08-24 20:03:00] info: 	z2m:mqtt: MQTT publish: topic 'zigbee2mqtt/prise horloge (IKEA)', payload '{"current":0.004,"energy":1.24,"identify":null,"last_seen":"2025-08-24T18:03:00.970Z","linkquality":255,"power":0.2,"power_on_behavior":"previous","state":"ON","update":{"installed_version":33816645,"latest_version":33816645,"state":"idle"},"voltage":236.3}'
[2025-08-24 20:03:01] info: 	z2m:mqtt: MQTT publish: topic 'zigbee2mqtt/prise pc's gege (IKEA)', payload '{"current":0.67,"energy":310.05,"identify":null,"last_seen":"2025-08-24T18:03:01.201Z","linkquality":168,"power":119.5,"power_on_behavior":"on","state":"ON","update":{"installed_version":33816645,"latest_version":33816645,"state":"idle"},"voltage":229.9}'
[2025-08-24 20:03:02] info: 	z2m:mqtt: MQTT publish: topic 'zigbee2mqtt/prise frigo cuisine (NOUS)', payload '{"child_lock":"LOCK","countdown":0,"current":5.35,"energy":106.05,"indicator_mode":"on/off","last_seen":"2025-08-24T18:03:02.140Z","linkquality":84,"power":0,"power_outage_memory":"on","state":"ON","update":{"installed_version":192,"latest_version":192,"state":"idle"},"voltage":228}'
[2025-08-24 20:03:02] info: 	z2m:mqtt: MQTT publish: topic 'zigbee2mqtt/prise frigo cuisine (NOUS)', payload '{"child_lock":"LOCK","countdown":0,"current":5.35,"energy":106.05,"indicator_mode":"on/off","last_seen":"2025-08-24T18:03:02.146Z","linkquality":92,"power":1051,"power_outage_memory":"on","state":"ON","update":{"installed_version":192,"latest_version":192,"state":"idle"},"voltage":228}'
[2025-08-24 20:03:05] info: 	z2m:mqtt: MQTT publish: topic 'zigbee2mqtt/prise tv chambre (NOUS)', payload '{"child_lock":"LOCK","countdown":0,"current":0,"energy":164.71,"indicator_mode":"off","last_seen":"2025-08-24T18:03:05.582Z","linkquality":164,"power":0,"power_outage_memory":"on","state":"ON","update":{"installed_version":192,"latest_version":192,"state":"idle"},"voltage":228}'
[2025-08-24 20:03:05] info: 	z2m:mqtt: MQTT publish: topic 'zigbee2mqtt/prise tv chambre (NOUS)', payload '{"child_lock":"LOCK","countdown":0,"current":0,"energy":164.71,"indicator_mode":"off","last_seen":"2025-08-24T18:03:05.624Z","linkquality":164,"power":0,"power_outage_memory":"on","state":"ON","update":{"installed_version":192,"latest_version":192,"state":"idle"},"voltage":228}'
[2025-08-24 20:03:06] info: 	z2m:mqtt: MQTT publish: topic 'zigbee2mqtt/Th Cuisine', payload '{"battery":22,"comfort_humidity_max":55,"comfort_humidity_min":40,"comfort_temperature_max":25,"comfort_temperature_min":21,"humidity":62.9,"humidity_calibration":0,"last_seen":"2025-08-24T18:03:06.155Z","linkquality":224,"temperature":26.6,"temperature_calibration":0,"temperature_units":"celsius","update":{"installed_version":8960,"latest_version":8960,"state":"idle"}}'
[2025-08-24 20:03:06] info: 	z2m:mqtt: MQTT publish: topic 'zigbee2mqtt/Th Cuisine', payload '{"battery":22,"comfort_humidity_max":55,"comfort_humidity_min":40,"comfort_temperature_max":25,"comfort_temperature_min":21,"humidity":62.9,"humidity_calibration":0,"last_seen":"2025-08-24T18:03:06.384Z","linkquality":224,"temperature":26.6,"temperature_calibration":0,"temperature_units":"celsius","update":{"installed_version":8960,"latest_version":8960,"state":"idle"}}'
[2025-08-24 20:03:06] info: 	z2m:mqtt: MQTT publish: topic 'zigbee2mqtt/prise lave vaisselle (NOUS)', payload '{"child_lock":"LOCK","countdown":0,"current":0,"energy":115.82,"indicator_mode":"on","last_seen":"2025-08-24T18:02:45.464Z","linkquality":156,"power":0,"power_outage_memory":"on","state":"ON","update":{"installed_version":192,"latest_version":192,"state":"idle"},"voltage":230}'
[2025-08-24 20:03:06] info: 	z2m:mqtt: MQTT publish: topic 'zigbee2mqtt/prise lave vaisselle (NOUS)', payload '{"child_lock":"LOCK","countdown":0,"current":0,"energy":115.82,"indicator_mode":"on","last_seen":"2025-08-24T18:02:45.464Z","linkquality":156,"power":0,"power_outage_memory":"on","state":"ON","update":{"installed_version":192,"latest_version":192,"state":"idle"},"voltage":230}'
[2025-08-24 20:03:06] info: 	z2m:mqtt: MQTT publish: topic 'zigbee2mqtt/prise bureau pc (IKEA)', payload '{"current":1.07,"energy":615.26,"identify":null,"last_seen":"2025-08-24T18:03:06.583Z","linkquality":255,"power":180.5,"power_on_behavior":"previous","state":"ON","update":{"installed_version":33816645,"latest_version":33816645,"state":"idle"},"voltage":230}'
[2025-08-24 20:03:06] info: 	z2m:mqtt: MQTT publish: topic 'zigbee2mqtt/prise mini pc (IKEA)', payload '{"current":0.13,"energy":5.86,"identify":null,"last_seen":"2025-08-24T18:03:06.863Z","linkquality":255,"power":7.8,"power_on_behavior":"previous","state":"ON","update":{"installed_version":33816645,"latest_version":33816645,"state":"idle"},"voltage":226.3}'
[2025-08-24 20:03:07] info: 	z2m:mqtt: MQTT publish: topic 'zigbee2mqtt/prise bureau pc (IKEA)', payload '{"current":1.07,"energy":615.26,"identify":null,"last_seen":"2025-08-24T18:03:07.306Z","linkquality":255,"power":188.4,"power_on_behavior":"previous","state":"ON","update":{"installed_version":33816645,"latest_version":33816645,"state":"idle"},"voltage":230}'
[2025-08-24 20:03:07] info: 	z2m:mqtt: MQTT publish: topic 'zigbee2mqtt/prise mini pc (IKEA)', payload '{"current":0.13,"energy":5.86,"identify":null,"last_seen":"2025-08-24T18:03:07.338Z","linkquality":255,"power":16.6,"power_on_behavior":"previous","state":"ON","update":{"installed_version":33816645,"latest_version":33816645,"state":"idle"},"voltage":226.3}'
[2025-08-24 20:03:10] info: 	z2m:mqtt: MQTT publish: topic 'zigbee2mqtt/qualite air chambre (IKEA)', payload '{"humidity":64,"identify":null,"last_seen":"2025-08-24T18:03:10.426Z","linkquality":200,"pm25":20,"temperature":27,"update":{"installed_version":16777233,"latest_version":16777233,"state":"idle"},"voc_index":359}'
[2025-08-24 20:03:10] info: 	z2m:mqtt: MQTT publish: topic 'zigbee2mqtt/prise bureau pc (IKEA)', payload '{"current":1.07,"energy":615.26,"identify":null,"last_seen":"2025-08-24T18:03:10.752Z","linkquality":255,"power":188.4,"power_on_behavior":"previous","state":"ON","update":{"installed_version":33816645,"latest_version":33816645,"state":"idle"},"voltage":230.7}'
[2025-08-24 20:03:10] info: 	z2m:mqtt: MQTT publish: topic 'zigbee2mqtt/prise tete de lit chambre', payload '{"current":0,"energy":25.58,"identify":null,"last_seen":"2025-08-24T18:03:10.775Z","linkquality":196,"power":0,"power_on_behavior":"on","state":"OFF","update":{"installed_version":33816645,"latest_version":33816645,"state":"idle"},"voltage":237.9}'
[2025-08-24 20:03:10] info: 	z2m:mqtt: MQTT publish: topic 'zigbee2mqtt/prise horloge (IKEA)', payload '{"current":0.004,"energy":1.24,"identify":null,"last_seen":"2025-08-24T18:03:10.884Z","linkquality":255,"power":0.2,"power_on_behavior":"previous","state":"ON","update":{"installed_version":33816645,"latest_version":33816645,"state":"idle"},"voltage":236.9}'
[2025-08-24 20:03:11] info: 	z2m:mqtt: MQTT publish: topic 'zigbee2mqtt/prise pc's gege (IKEA)', payload '{"current":0.67,"energy":310.05,"identify":null,"last_seen":"2025-08-24T18:03:11.142Z","linkquality":176,"power":119.5,"power_on_behavior":"on","state":"ON","update":{"installed_version":33816645,"latest_version":33816645,"state":"idle"},"voltage":230.5}'
[2025-08-24 20:03:12] info: 	z2m:mqtt: MQTT publish: topic 'zigbee2mqtt/prise frigo cuisine (NOUS)', payload '{"child_lock":"LOCK","countdown":0,"current":0.29,"energy":106.05,"indicator_mode":"on/off","last_seen":"2025-08-24T18:03:12.134Z","linkquality":92,"power":1051,"power_outage_memory":"on","state":"ON","update":{"installed_version":192,"latest_version":192,"state":"idle"},"voltage":228}'
[2025-08-24 20:03:12] info: 	z2m:mqtt: MQTT publish: topic 'zigbee2mqtt/prise frigo cuisine (NOUS)', payload '{"child_lock":"LOCK","countdown":0,"current":0.29,"energy":106.05,"indicator_mode":"on/off","last_seen":"2025-08-24T18:03:12.139Z","linkquality":92,"power":62,"power_outage_memory":"on","state":"ON","update":{"installed_version":192,"latest_version":192,"state":"idle"},"voltage":228}'
[2025-08-24 20:03:13] info: 	z2m:mqtt: MQTT publish: topic 'zigbee2mqtt/prise lave linge (NOUS)', payload '{"child_lock":"LOCK","countdown":0,"current":0,"energy":100.64,"indicator_mode":"on","last_seen":"2025-08-24T18:03:13.613Z","linkquality":184,"power":0,"power_outage_memory":"on","state":"ON","update":{"installed_version":192,"latest_version":192,"state":"idle"},"voltage":230}'
[2025-08-24 20:03:13] info: 	z2m:mqtt: MQTT publish: topic 'zigbee2mqtt/prise lave linge (NOUS)', payload '{"child_lock":"LOCK","countdown":0,"current":0,"energy":100.64,"indicator_mode":"on","last_seen":"2025-08-24T18:03:13.659Z","linkquality":184,"power":0,"power_outage_memory":"on","state":"ON","update":{"installed_version":192,"latest_version":192,"state":"idle"},"voltage":230}'
[2025-08-24 20:03:14] info: 	z2m:mqtt: MQTT publish: topic 'zigbee2mqtt/Four et Plaque de Cuisson', payload '{"ac_frequency":50,"current":0,"data_report_duration":60,"energy":60,"last_seen":"2025-08-24T18:03:14.338Z","linkquality":220,"power":0,"power_factor":100,"produced_energy":0,"voltage":231}'
[2025-08-24 20:03:14] info: 	z2m:mqtt: MQTT publish: topic 'zigbee2mqtt/Four et Plaque de Cuisson', payload '{"ac_frequency":50,"current":0,"data_report_duration":60,"energy":60,"last_seen":"2025-08-24T18:03:14.388Z","linkquality":208,"power":0,"power_factor":100,"produced_energy":0,"voltage":231}'
[2025-08-24 20:03:14] info: 	z2m:mqtt: MQTT publish: topic 'zigbee2mqtt/Four et Plaque de Cuisson', payload '{"ac_frequency":50,"current":0,"data_report_duration":60,"energy":60,"last_seen":"2025-08-24T18:03:14.439Z","linkquality":216,"power":0,"power_factor":100,"produced_energy":0,"voltage":231}'
[2025-08-24 20:03:14] info: 	z2m:mqtt: MQTT publish: topic 'zigbee2mqtt/Four et Plaque de Cuisson', payload '{"ac_frequency":50,"current":0,"data_report_duration":60,"energy":60,"last_seen":"2025-08-24T18:03:14.489Z","linkquality":216,"power":0,"power_factor":100,"produced_energy":0,"voltage":231}'
[2025-08-24 20:03:14] info: 	z2m:mqtt: MQTT publish: topic 'zigbee2mqtt/Four et Plaque de Cuisson', payload '{"ac_frequency":49.98,"current":0,"data_report_duration":60,"energy":60,"last_seen":"2025-08-24T18:03:14.537Z","linkquality":216,"power":0,"power_factor":100,"produced_energy":0,"voltage":231}'
[2025-08-24 20:03:14] info: 	z2m:mqtt: MQTT publish: topic 'zigbee2mqtt/Four et Plaque de Cuisson', payload '{"ac_frequency":49.98,"current":0,"data_report_duration":60,"energy":60,"last_seen":"2025-08-24T18:03:14.588Z","linkquality":216,"power":0,"power_factor":100,"produced_energy":0,"voltage":232}'
[2025-08-24 20:03:14] info: 	z2m:mqtt: MQTT publish: topic 'zigbee2mqtt/Four et Plaque de Cuisson', payload '{"ac_frequency":49.98,"current":0,"data_report_duration":60,"energy":60,"last_seen":"2025-08-24T18:03:14.636Z","linkquality":216,"power":0,"power_factor":100,"produced_energy":0,"voltage":232}'
[2025-08-24 20:03:14] info: 	z2m:mqtt: MQTT publish: topic 'zigbee2mqtt/Four et Plaque de Cuisson', payload '{"ac_frequency":49.98,"current":0,"data_report_duration":60,"energy":60,"last_seen":"2025-08-24T18:03:14.685Z","linkquality":216,"power":0,"power_factor":100,"produced_energy":0,"voltage":232}'
[2025-08-24 20:03:14] info: 	z2m:mqtt: MQTT publish: topic 'zigbee2mqtt/prise salon chargeur (NOUS)', payload '{"child_lock":"UNLOCK","countdown":0,"current":0.05,"energy":37.11,"indicator_mode":"off","last_seen":"2025-08-24T18:03:14.801Z","linkquality":172,"power":5,"power_outage_memory":"on","state":"ON","update":{"installed_version":192,"latest_version":192,"state":"idle"},"voltage":228}'
[2025-08-24 20:03:14] info: 	z2m:mqtt: MQTT publish: topic 'zigbee2mqtt/Detecteur (VALLHORN)', payload '{"battery":100,"identify":null,"illuminance":1,"last_seen":"2025-08-24T18:03:14.861Z","linkquality":160,"occupancy":true,"update":{"installed_version":16777316,"latest_version":16777316,"state":"idle"},"voltage":2800}'
[2025-08-24 20:03:16] info: 	z2m:mqtt: MQTT publish: topic 'zigbee2mqtt/prise box internet (IKEA)', payload '{"current":0.11,"energy":86.62,"identify":null,"last_seen":"2025-08-24T18:03:16.394Z","linkquality":152,"power":13,"power_on_behavior":"previous","state":"ON","update":{"installed_version":33816645,"latest_version":33816645,"state":"idle"},"voltage":229.6}'
[2025-08-24 20:03:16] info: 	z2m:mqtt: MQTT publish: topic 'zigbee2mqtt/prise bureau pc (IKEA)', payload '{"current":1.01,"energy":615.26,"identify":null,"last_seen":"2025-08-24T18:03:16.546Z","linkquality":255,"power":188.4,"power_on_behavior":"previous","state":"ON","update":{"installed_version":33816645,"latest_version":33816645,"state":"idle"},"voltage":230.7}'
[2025-08-24 20:03:16] info: 	z2m:mqtt: MQTT publish: topic 'zigbee2mqtt/prise mini pc (IKEA)', payload '{"current":0.07,"energy":5.86,"identify":null,"last_seen":"2025-08-24T18:03:16.827Z","linkquality":255,"power":16.6,"power_on_behavior":"previous","state":"ON","update":{"installed_version":33816645,"latest_version":33816645,"state":"idle"},"voltage":226.3}'
[2025-08-24 20:03:17] info: 	z2m:mqtt: MQTT publish: topic 'zigbee2mqtt/prise mini pc (IKEA)', payload '{"current":0.07,"energy":5.86,"identify":null,"last_seen":"2025-08-24T18:03:17.301Z","linkquality":255,"power":7.8,"power_on_behavior":"previous","state":"ON","update":{"installed_version":33816645,"latest_version":33816645,"state":"idle"},"voltage":226.3}'
[2025-08-24 20:03:17] info: 	z2m:mqtt: MQTT publish: topic 'zigbee2mqtt/prise bureau pc (IKEA)', payload '{"current":1.01,"energy":615.26,"identify":null,"last_seen":"2025-08-24T18:03:17.306Z","linkquality":255,"power":179.6,"power_on_behavior":"previous","state":"ON","update":{"installed_version":33816645,"latest_version":33816645,"state":"idle"},"voltage":230.7}'
[2025-08-24 20:03:20] info: 	z2m:mqtt: MQTT publish: topic 'zigbee2mqtt/qualite air chambre (IKEA)', payload '{"humidity":65,"identify":null,"last_seen":"2025-08-24T18:03:20.351Z","linkquality":200,"pm25":20,"temperature":27,"update":{"installed_version":16777233,"latest_version":16777233,"state":"idle"},"voc_index":359}'
[2025-08-24 20:03:20] info: 	z2m:mqtt: MQTT publish: topic 'zigbee2mqtt/prise bureau pc (IKEA)', payload '{"current":1.01,"energy":615.26,"identify":null,"last_seen":"2025-08-24T18:03:20.718Z","linkquality":255,"power":179.6,"power_on_behavior":"previous","state":"ON","update":{"installed_version":33816645,"latest_version":33816645,"state":"idle"},"voltage":229.5}'
[2025-08-24 20:03:20] info: 	z2m:mqtt: MQTT publish: topic 'zigbee2mqtt/prise tete de lit chambre', payload '{"current":0,"energy":25.58,"identify":null,"last_seen":"2025-08-24T18:03:20.747Z","linkquality":192,"power":0,"power_on_behavior":"on","state":"OFF","update":{"installed_version":33816645,"latest_version":33816645,"state":"idle"},"voltage":236.8}'
[2025-08-24 20:03:20] info: 	z2m:mqtt: MQTT publish: topic 'zigbee2mqtt/prise horloge (IKEA)', payload '{"current":0.004,"energy":1.24,"identify":null,"last_seen":"2025-08-24T18:03:20.864Z","linkquality":255,"power":0.2,"power_on_behavior":"previous","state":"ON","update":{"installed_version":33816645,"latest_version":33816645,"state":"idle"},"voltage":235.8}'
[2025-08-24 20:03:21] info: 	z2m:mqtt: MQTT publish: topic 'zigbee2mqtt/prise pc's gege (IKEA)', payload '{"current":0.67,"energy":310.05,"identify":null,"last_seen":"2025-08-24T18:03:21.150Z","linkquality":172,"power":119.5,"power_on_behavior":"on","state":"ON","update":{"installed_version":33816645,"latest_version":33816645,"state":"idle"},"voltage":229.5}'
[2025-08-24 20:03:26] info: 	z2m:mqtt: MQTT publish: topic 'zigbee2mqtt/prise box internet (IKEA)', payload '{"current":0.11,"energy":86.62,"identify":null,"last_seen":"2025-08-24T18:03:26.292Z","linkquality":160,"power":13,"power_on_behavior":"previous","state":"ON","update":{"installed_version":33816645,"latest_version":33816645,"state":"idle"},"voltage":229.1}'
[2025-08-24 20:03:26] info: 	z2m:mqtt: MQTT publish: topic 'zigbee2mqtt/prise tv chambre (NOUS)', payload '{"child_lock":"LOCK","countdown":0,"current":0,"energy":164.71,"indicator_mode":"off","last_seen":"2025-08-24T18:03:05.624Z","linkquality":164,"power":0,"power_outage_memory":"on","state":"ON","update":{"installed_version":192,"latest_version":192,"state":"idle"},"voltage":228}'
[2025-08-24 20:03:26] info: 	z2m:mqtt: MQTT publish: topic 'zigbee2mqtt/prise tv chambre (NOUS)', payload '{"child_lock":"LOCK","countdown":0,"current":0,"energy":164.71,"indicator_mode":"off","last_seen":"2025-08-24T18:03:05.624Z","linkquality":164,"power":0,"power_outage_memory":"on","state":"ON","update":{"installed_version":192,"latest_version":192,"state":"idle"},"voltage":228}'
[2025-08-24 20:03:26] info: 	z2m:mqtt: MQTT publish: topic 'zigbee2mqtt/Clim Chambre (NOUS)', payload '{"child_lock":"LOCK","countdown":0,"current":0,"energy":392.86,"indicator_mode":"on","last_seen":"2025-08-24T18:03:26.835Z","linkquality":164,"power":0,"power_outage_memory":"restore","state":"OFF","update":{"installed_version":192,"latest_version":192,"state":"idle"},"voltage":228}'
[2025-08-24 20:03:31] info: 	z2m:mqtt: MQTT publish: topic 'zigbee2mqtt/prise pc's gege (IKEA)', payload '{"current":0.67,"energy":310.05,"identify":null,"last_seen":"2025-08-24T18:03:31.147Z","linkquality":168,"power":123.5,"power_on_behavior":"on","state":"ON","update":{"installed_version":33816645,"latest_version":33816645,"state":"idle"},"voltage":229.5}'
[2025-08-24 20:03:32] info: 	z2m:mqtt: MQTT publish: topic 'zigbee2mqtt/prise bureau pc (IKEA)', payload '{"current":1.01,"energy":615.26,"identify":null,"last_seen":"2025-08-24T18:03:32.230Z","linkquality":255,"power":183.7,"power_on_behavior":"previous","state":"ON","update":{"installed_version":33816645,"latest_version":33816645,"state":"idle"},"voltage":229.5}'
[2025-08-24 20:03:33] info: 	z2m:mqtt: MQTT publish: topic 'zigbee2mqtt/Clim Salon (NOUS)', payload '{"child_lock":"LOCK","countdown":0,"current":0,"energy":414.52,"indicator_mode":"on","last_seen":"2025-08-24T18:03:33.574Z","linkquality":132,"power":0,"power_outage_memory":"restore","state":"OFF","update":{"installed_version":192,"latest_version":192,"state":"idle"},"voltage":229}'
[2025-08-24 20:03:33] info: 	z2m:mqtt: MQTT publish: topic 'zigbee2mqtt/Clim Salon (NOUS)', payload '{"child_lock":"LOCK","countdown":0,"current":0,"energy":414.52,"indicator_mode":"on","last_seen":"2025-08-24T18:03:33.634Z","linkquality":144,"power":0,"power_outage_memory":"restore","state":"OFF","update":{"installed_version":192,"latest_version":192,"state":"idle"},"voltage":228}'
[2025-08-24 20:03:34] info: 	z2m:mqtt: MQTT publish: topic 'zigbee2mqtt/Detecteur (VALLHORN)', payload '{"battery":100,"identify":null,"illuminance":1,"last_seen":"2025-08-24T18:03:34.351Z","linkquality":172,"occupancy":false,"update":{"installed_version":16777316,"latest_version":16777316,"state":"idle"},"voltage":2800}'
[2025-08-24 20:03:34] info: 	z2m:mqtt: MQTT publish: topic 'zigbee2mqtt/prise lave linge (NOUS)', payload '{"child_lock":"LOCK","countdown":0,"current":0,"energy":100.64,"indicator_mode":"on","last_seen":"2025-08-24T18:03:13.659Z","linkquality":184,"power":0,"power_outage_memory":"on","state":"ON","update":{"installed_version":192,"latest_version":192,"state":"idle"},"voltage":230}'
[2025-08-24 20:03:34] info: 	z2m:mqtt: MQTT publish: topic 'zigbee2mqtt/prise lave linge (NOUS)', payload '{"child_lock":"LOCK","countdown":0,"current":0,"energy":100.64,"indicator_mode":"on","last_seen":"2025-08-24T18:03:13.659Z","linkquality":184,"power":0,"power_outage_memory":"on","state":"ON","update":{"installed_version":192,"latest_version":192,"state":"idle"},"voltage":230}'
[2025-08-24 20:03:35] info: 	z2m:mqtt: MQTT publish: topic 'zigbee2mqtt/Radiateur élec cuisine ', payload '{"current":0,"energy":98.99,"last_seen":"2025-08-24T18:03:35.128Z","linkquality":192,"power":0,"power_outage_memory":"restore","state":"OFF","switch_type":"state","update":{"installed_version":72,"latest_version":72,"state":"idle"},"voltage":231}'
[2025-08-24 20:03:36] info: 	z2m:mqtt: MQTT publish: topic 'zigbee2mqtt/prise mini pc (IKEA)', payload '{"current":0.07,"energy":5.86,"identify":null,"last_seen":"2025-08-24T18:03:36.881Z","linkquality":255,"power":16.4,"power_on_behavior":"previous","state":"ON","update":{"installed_version":33816645,"latest_version":33816645,"state":"idle"},"voltage":226.3}'
[2025-08-24 20:03:40] info: 	z2m:mqtt: MQTT publish: topic 'zigbee2mqtt/qualite air bureau (IKEA)', payload '{"humidity":65,"identify":null,"last_seen":"2025-08-24T18:03:40.764Z","linkquality":224,"pm25":9,"temperature":27,"update":{"installed_version":16777233,"latest_version":16777233,"state":"idle"},"voc_index":364}'
[2025-08-24 20:03:41] info: 	z2m:mqtt: MQTT publish: topic 'zigbee2mqtt/prise pc's gege (IKEA)', payload '{"current":0.67,"energy":310.05,"identify":null,"last_seen":"2025-08-24T18:03:41.150Z","linkquality":160,"power":117.1,"power_on_behavior":"on","state":"ON","update":{"installed_version":33816645,"latest_version":33816645,"state":"idle"},"voltage":229.5}'
[2025-08-24 20:03:42] info: 	z2m:mqtt: MQTT publish: topic 'zigbee2mqtt/prise bureau pc (IKEA)', payload '{"current":1.01,"energy":615.26,"identify":null,"last_seen":"2025-08-24T18:03:42.186Z","linkquality":255,"power":178.6,"power_on_behavior":"previous","state":"ON","update":{"installed_version":33816645,"latest_version":33816645,"state":"idle"},"voltage":229.5}'
[2025-08-24 20:03:44] info: 	z2m:mqtt: MQTT publish: topic 'zigbee2mqtt/Prise Bureau Fer à Repasser (NOUS)', payload '{"child_lock":"UNLOCK","countdown":0,"current":0,"energy":1.99,"indicator_mode":"off/on","last_seen":"2025-08-24T18:03:44.580Z","linkquality":196,"power":0,"power_outage_memory":"on","state":"ON","update":{"installed_version":192,"latest_version":192,"state":"idle"},"voltage":230}'
[2025-08-24 20:03:44] info: 	z2m:mqtt: MQTT publish: topic 'zigbee2mqtt/Prise Bureau Fer à Repasser (NOUS)', payload '{"child_lock":"UNLOCK","countdown":0,"current":0,"energy":1.99,"indicator_mode":"off/on","last_seen":"2025-08-24T18:03:44.625Z","linkquality":196,"power":0,"power_outage_memory":"on","state":"ON","update":{"installed_version":192,"latest_version":192,"state":"idle"},"voltage":230}'
[2025-08-24 20:03:44] info: 	z2m:mqtt: MQTT publish: topic 'zigbee2mqtt/Clim Salon (NOUS)', payload '{"child_lock":"LOCK","countdown":0,"current":0,"energy":414.52,"indicator_mode":"on","last_seen":"2025-08-24T18:03:33.634Z","linkquality":144,"power":0,"power_outage_memory":"restore","state":"OFF","update":{"installed_version":192,"latest_version":192,"state":"idle"},"voltage":228}'
[2025-08-24 20:03:44] info: 	z2m:mqtt: MQTT publish: topic 'zigbee2mqtt/Clim Salon (NOUS)', payload '{"child_lock":"LOCK","countdown":0,"current":0,"energy":414.52,"indicator_mode":"on","last_seen":"2025-08-24T18:03:33.634Z","linkquality":144,"power":0,"power_outage_memory":"restore","state":"OFF","update":{"installed_version":192,"latest_version":192,"state":"idle"},"voltage":228}'
[2025-08-24 20:03:46] info: 	z2m:mqtt: MQTT publish: topic 'zigbee2mqtt/prise mini pc (IKEA)', payload '{"current":0.07,"energy":5.86,"identify":null,"last_seen":"2025-08-24T18:03:46.912Z","linkquality":255,"power":7.2,"power_on_behavior":"previous","state":"ON","update":{"installed_version":33816645,"latest_version":33816645,"state":"idle"},"voltage":226.3}'
[2025-08-24 20:03:50] info: 	z2m:mqtt: MQTT publish: topic 'zigbee2mqtt/qualite air bureau (IKEA)', payload '{"humidity":66,"identify":null,"last_seen":"2025-08-24T18:03:50.789Z","linkquality":228,"pm25":9,"temperature":27,"update":{"installed_version":16777233,"latest_version":16777233,"state":"idle"},"voc_index":364}'
[2025-08-24 20:03:51] info: 	z2m:mqtt: MQTT publish: topic 'zigbee2mqtt/prise pc's gege (IKEA)', payload '{"current":0.67,"energy":310.05,"identify":null,"last_seen":"2025-08-24T18:03:51.199Z","linkquality":164,"power":117.5,"power_on_behavior":"on","state":"ON","update":{"installed_version":33816645,"latest_version":33816645,"state":"idle"},"voltage":229.5}'
[2025-08-24 20:03:52] info: 	z2m:mqtt: MQTT publish: topic 'zigbee2mqtt/prise bureau pc (IKEA)', payload '{"current":1.01,"energy":615.26,"identify":null,"last_seen":"2025-08-24T18:03:52.193Z","linkquality":255,"power":178.5,"power_on_behavior":"previous","state":"ON","update":{"installed_version":33816645,"latest_version":33816645,"state":"idle"},"voltage":229.5}'
[2025-08-24 20:03:52] info: 	z2m:mqtt: MQTT publish: topic 'zigbee2mqtt/prise bureau pc (IKEA)', payload '{"current":1.01,"energy":615.26,"identify":null,"last_seen":"2025-08-24T18:03:52.628Z","linkquality":255,"power":178.5,"power_on_behavior":"previous","state":"ON","update":{"installed_version":33816645,"latest_version":33816645,"state":"idle"},"voltage":230}'
[2025-08-24 20:03:53] info: 	z2m:mqtt: MQTT publish: topic 'zigbee2mqtt/prise horloge (IKEA)', payload '{"current":0.004,"energy":1.24,"identify":null,"last_seen":"2025-08-24T18:03:53.049Z","linkquality":255,"power":0.2,"power_on_behavior":"previous","state":"ON","update":{"installed_version":33816645,"latest_version":33816645,"state":"idle"},"voltage":236.3}'
[2025-08-24 20:03:55] info: 	z2m:mqtt: MQTT publish: topic 'zigbee2mqtt/Prise Bureau Fer à Repasser (NOUS)', payload '{"child_lock":"UNLOCK","countdown":0,"current":0,"energy":1.99,"indicator_mode":"off/on","last_seen":"2025-08-24T18:03:44.625Z","linkquality":196,"power":0,"power_outage_memory":"on","state":"ON","update":{"installed_version":192,"latest_version":192,"state":"idle"},"voltage":230}'
[2025-08-24 20:03:55] info: 	z2m:mqtt: MQTT publish: topic 'zigbee2mqtt/Prise Bureau Fer à Repasser (NOUS)', payload '{"child_lock":"UNLOCK","countdown":0,"current":0,"energy":1.99,"indicator_mode":"off/on","last_seen":"2025-08-24T18:03:44.625Z","linkquality":196,"power":0,"power_outage_memory":"on","state":"ON","update":{"installed_version":192,"latest_version":192,"state":"idle"},"voltage":230}'
[2025-08-24 20:03:56] info: 	z2m:mqtt: MQTT publish: topic 'zigbee2mqtt/prise salon chargeur (NOUS)', payload '{"child_lock":"UNLOCK","countdown":0,"current":0.05,"energy":37.11,"indicator_mode":"off","last_seen":"2025-08-24T18:03:56.878Z","linkquality":172,"power":5,"power_outage_memory":"on","state":"ON","update":{"installed_version":192,"latest_version":192,"state":"idle"},"voltage":228}'
[2025-08-24 20:03:56] info: 	z2m:mqtt: MQTT publish: topic 'zigbee2mqtt/prise salon chargeur (NOUS)', payload '{"child_lock":"UNLOCK","countdown":0,"current":0.05,"energy":37.11,"indicator_mode":"off","last_seen":"2025-08-24T18:03:56.921Z","linkquality":172,"power":5,"power_outage_memory":"on","state":"ON","update":{"installed_version":192,"latest_version":192,"state":"idle"},"voltage":228}'
[2025-08-24 20:04:01] info: 	z2m:mqtt: MQTT publish: topic 'zigbee2mqtt/prise pc's gege (IKEA)', payload '{"current":0.67,"energy":310.05,"identify":null,"last_seen":"2025-08-24T18:04:01.159Z","linkquality":164,"power":119.3,"power_on_behavior":"on","state":"ON","update":{"installed_version":33816645,"latest_version":33816645,"state":"idle"},"voltage":229.5}'
[2025-08-24 20:04:02] info: 	z2m:mqtt: MQTT publish: topic 'zigbee2mqtt/prise bureau pc (IKEA)', payload '{"current":1.01,"energy":615.26,"identify":null,"last_seen":"2025-08-24T18:04:02.107Z","linkquality":255,"power":180.7,"power_on_behavior":"previous","state":"ON","update":{"installed_version":33816645,"latest_version":33816645,"state":"idle"},"voltage":230}'
[2025-08-24 20:04:03] info: 	z2m:mqtt: MQTT publish: topic 'zigbee2mqtt/prise tete de lit chambre', payload '{"current":0,"energy":25.58,"identify":null,"last_seen":"2025-08-24T18:04:03.090Z","linkquality":196,"power":0,"power_on_behavior":"on","state":"OFF","update":{"installed_version":33816645,"latest_version":33816645,"state":"idle"},"voltage":237.3}'
[2025-08-24 20:04:06] info: 	z2m:mqtt: MQTT publish: topic 'zigbee2mqtt/qualite air bureau (IKEA)', payload '{"humidity":65,"identify":null,"last_seen":"2025-08-24T18:04:06.256Z","linkquality":224,"pm25":9,"temperature":27,"update":{"installed_version":16777233,"latest_version":16777233,"state":"idle"},"voc_index":364}'
[2025-08-24 20:04:06] info: 	z2m:mqtt: MQTT publish: topic 'zigbee2mqtt/prise pc's gege (IKEA)', payload '{"current":0.67,"energy":310.05,"identify":null,"last_seen":"2025-08-24T18:04:06.429Z","linkquality":164,"power":119.3,"power_on_behavior":"on","state":"ON","update":{"installed_version":33816645,"latest_version":33816645,"state":"idle"},"voltage":230.1}'
[2025-08-24 20:04:06] info: 	z2m:mqtt: MQTT publish: topic 'zigbee2mqtt/prise mini pc (IKEA)', payload '{"current":0.07,"energy":5.86,"identify":null,"last_seen":"2025-08-24T18:04:06.475Z","linkquality":255,"power":12.5,"power_on_behavior":"previous","state":"ON","update":{"installed_version":33816645,"latest_version":33816645,"state":"idle"},"voltage":226.3}'
[2025-08-24 20:04:06] info: 	z2m:mqtt: MQTT publish: topic 'zigbee2mqtt/Detecteur (VALLHORN)', payload '{"battery":100,"identify":null,"illuminance":1,"last_seen":"2025-08-24T18:04:06.481Z","linkquality":176,"occupancy":true,"update":{"installed_version":16777316,"latest_version":16777316,"state":"idle"},"voltage":2800}'
[2025-08-24 20:04:06] info: 	z2m:mqtt: MQTT publish: topic 'zigbee2mqtt/prise box internet (IKEA)', payload '{"current":0.11,"energy":86.62,"identify":null,"last_seen":"2025-08-24T18:04:06.773Z","linkquality":132,"power":13,"power_on_behavior":"previous","state":"ON","update":{"installed_version":33816645,"latest_version":33816645,"state":"idle"},"voltage":229.6}'
[2025-08-24 20:04:07] info: 	z2m:mqtt: MQTT publish: topic 'zigbee2mqtt/prise bureau pc (IKEA)', payload '{"current":1.07,"energy":615.26,"identify":null,"last_seen":"2025-08-24T18:04:07.294Z","linkquality":255,"power":180.7,"power_on_behavior":"previous","state":"ON","update":{"installed_version":33816645,"latest_version":33816645,"state":"idle"},"voltage":230}'
[2025-08-24 20:04:07] info: 	z2m:mqtt: MQTT publish: topic 'zigbee2mqtt/prise bureau pc (IKEA)', payload '{"current":1.07,"energy":615.26,"identify":null,"last_seen":"2025-08-24T18:04:07.435Z","linkquality":255,"power":180.7,"power_on_behavior":"previous","state":"ON","update":{"installed_version":33816645,"latest_version":33816645,"state":"idle"},"voltage":230.5}'
[2025-08-24 20:04:07] info: 	z2m:mqtt: MQTT publish: topic 'zigbee2mqtt/prise mini pc (IKEA)', payload '{"current":0.13,"energy":5.86,"identify":null,"last_seen":"2025-08-24T18:04:07.451Z","linkquality":255,"power":12.5,"power_on_behavior":"previous","state":"ON","update":{"installed_version":33816645,"latest_version":33816645,"state":"idle"},"voltage":226.3}'
[2025-08-24 20:04:07] info: 	z2m:mqtt: MQTT publish: topic 'zigbee2mqtt/prise horloge (IKEA)', payload '{"current":0.004,"energy":1.24,"identify":null,"last_seen":"2025-08-24T18:04:07.783Z","linkquality":255,"power":0.2,"power_on_behavior":"previous","state":"ON","update":{"installed_version":33816645,"latest_version":33816645,"state":"idle"},"voltage":237}'
[2025-08-24 20:04:07] info: 	z2m:mqtt: MQTT publish: topic 'zigbee2mqtt/prise airfryer ninja (NOUS)', payload '{"child_lock":"UNLOCK","countdown":0,"current":0,"energy":72.19,"indicator_mode":"on","last_seen":"2025-08-24T18:04:07.987Z","linkquality":232,"power":0,"power_outage_memory":"restore","state":"ON","update":{"installed_version":192,"latest_version":192,"state":"idle"},"voltage":230}'
[2025-08-24 20:04:08] info: 	z2m:mqtt: MQTT publish: topic 'zigbee2mqtt/prise airfryer ninja (NOUS)', payload '{"child_lock":"UNLOCK","countdown":0,"current":0,"energy":72.19,"indicator_mode":"on","last_seen":"2025-08-24T18:04:08.028Z","linkquality":232,"power":0,"power_outage_memory":"restore","state":"ON","update":{"installed_version":192,"latest_version":192,"state":"idle"},"voltage":230}'
[2025-08-24 20:04:08] info: 	z2m:mqtt: MQTT publish: topic 'zigbee2mqtt/prise tv chambre (NOUS)', payload '{"child_lock":"LOCK","countdown":0,"current":0,"energy":164.71,"indicator_mode":"off","last_seen":"2025-08-24T18:04:08.434Z","linkquality":164,"power":0,"power_outage_memory":"on","state":"ON","update":{"installed_version":192,"latest_version":192,"state":"idle"},"voltage":228}'
[2025-08-24 20:04:11] info: 	z2m:mqtt: MQTT publish: topic 'zigbee2mqtt/Prise Radiateur Salle de Bain (NOUS)', payload '{"child_lock":"LOCK","countdown":0,"current":0,"energy":0.27,"indicator_mode":"off/on","last_seen":"2025-08-24T18:04:11.187Z","linkquality":196,"power":0,"power_outage_memory":"restore","state":"OFF","update":{"installed_version":192,"latest_version":192,"state":"idle"},"voltage":228}'
[2025-08-24 20:04:12] info: 	z2m:mqtt: MQTT publish: topic 'zigbee2mqtt/prise bureau pc (IKEA)', payload '{"current":1.07,"energy":615.26,"identify":null,"last_seen":"2025-08-24T18:04:12.085Z","linkquality":255,"power":178.5,"power_on_behavior":"previous","state":"ON","update":{"installed_version":33816645,"latest_version":33816645,"state":"idle"},"voltage":230.5}'
[2025-08-24 20:04:12] info: 	z2m:mqtt: MQTT publish: topic 'zigbee2mqtt/prise tete de lit chambre', payload '{"current":0,"energy":25.58,"identify":null,"last_seen":"2025-08-24T18:04:12.992Z","linkquality":196,"power":0,"power_on_behavior":"on","state":"OFF","update":{"installed_version":33816645,"latest_version":33816645,"state":"idle"},"voltage":238.1}'
[2025-08-24 20:04:14] info: 	z2m:mqtt: MQTT publish: topic 'zigbee2mqtt/Four et Plaque de Cuisson', payload '{"ac_frequency":49.98,"current":0,"data_report_duration":60,"energy":60,"last_seen":"2025-08-24T18:04:14.205Z","linkquality":216,"power":0,"power_factor":100,"produced_energy":0,"voltage":232}'
[2025-08-24 20:04:14] info: 	z2m:mqtt: MQTT publish: topic 'zigbee2mqtt/Four et Plaque de Cuisson', payload '{"ac_frequency":49.98,"current":0,"data_report_duration":60,"energy":60,"last_seen":"2025-08-24T18:04:14.255Z","linkquality":216,"power":0,"power_factor":100,"produced_energy":0,"voltage":232}'
[2025-08-24 20:04:14] info: 	z2m:mqtt: MQTT publish: topic 'zigbee2mqtt/Four et Plaque de Cuisson', payload '{"ac_frequency":49.98,"current":0,"data_report_duration":60,"energy":60,"last_seen":"2025-08-24T18:04:14.303Z","linkquality":216,"power":0,"power_factor":100,"produced_energy":0,"voltage":232}'
[2025-08-24 20:04:14] info: 	z2m:mqtt: MQTT publish: topic 'zigbee2mqtt/Four et Plaque de Cuisson', payload '{"ac_frequency":49.98,"current":0,"data_report_duration":60,"energy":60,"last_seen":"2025-08-24T18:04:14.350Z","linkquality":216,"power":0,"power_factor":100,"produced_energy":0,"voltage":232}'
[2025-08-24 20:04:14] info: 	z2m:mqtt: MQTT publish: topic 'zigbee2mqtt/Four et Plaque de Cuisson', payload '{"ac_frequency":49.98,"current":0,"data_report_duration":60,"energy":60,"last_seen":"2025-08-24T18:04:14.399Z","linkquality":216,"power":0,"power_factor":100,"produced_energy":0,"voltage":232}'
[2025-08-24 20:04:14] info: 	z2m:mqtt: MQTT publish: topic 'zigbee2mqtt/Four et Plaque de Cuisson', payload '{"ac_frequency":49.98,"current":0,"data_report_duration":60,"energy":60,"last_seen":"2025-08-24T18:04:14.449Z","linkquality":216,"power":0,"power_factor":100,"produced_energy":0,"voltage":232}'
[2025-08-24 20:04:14] info: 	z2m:mqtt: MQTT publish: topic 'zigbee2mqtt/Four et Plaque de Cuisson', payload '{"ac_frequency":49.98,"current":0,"data_report_duration":60,"energy":60,"last_seen":"2025-08-24T18:04:14.500Z","linkquality":216,"power":0,"power_factor":100,"produced_energy":0,"voltage":232}'
[2025-08-24 20:04:14] info: 	z2m:mqtt: MQTT publish: topic 'zigbee2mqtt/Four et Plaque de Cuisson', payload '{"ac_frequency":49.98,"current":0,"data_report_duration":60,"energy":60,"last_seen":"2025-08-24T18:04:14.550Z","linkquality":216,"power":0,"power_factor":100,"produced_energy":0,"voltage":232}'
[2025-08-24 20:04:14] info: 	z2m:mqtt: MQTT publish: topic 'zigbee2mqtt/Prise Radiateur Salle de Bain (NOUS)', payload '{"child_lock":"LOCK","countdown":0,"current":0,"energy":0.27,"indicator_mode":"off/on","last_seen":"2025-08-24T18:04:14.609Z","linkquality":200,"power":0,"power_outage_memory":"restore","state":"OFF","update":{"installed_version":192,"latest_version":192,"state":"idle"},"voltage":230}'
[2025-08-24 20:04:14] info: 	z2m:mqtt: MQTT publish: topic 'zigbee2mqtt/Prise Radiateur Salle de Bain (NOUS)', payload '{"child_lock":"LOCK","countdown":0,"current":0,"energy":0.27,"indicator_mode":"off/on","last_seen":"2025-08-24T18:04:14.670Z","linkquality":200,"power":0,"power_outage_memory":"restore","state":"OFF","update":{"installed_version":192,"latest_version":192,"state":"idle"},"voltage":230}'
[2025-08-24 20:04:15] info: 	z2m:mqtt: MQTT publish: topic 'zigbee2mqtt/prise frigo cuisine (NOUS)', payload '{"child_lock":"LOCK","countdown":0,"current":0.23,"energy":106.05,"indicator_mode":"on/off","last_seen":"2025-08-24T18:04:15.131Z","linkquality":168,"power":62,"power_outage_memory":"on","state":"ON","update":{"installed_version":192,"latest_version":192,"state":"idle"},"voltage":228}'
[2025-08-24 20:04:16] info: 	z2m:mqtt: MQTT publish: topic 'zigbee2mqtt/qualite air bureau (IKEA)', payload '{"humidity":66,"identify":null,"last_seen":"2025-08-24T18:04:16.236Z","linkquality":224,"pm25":9,"temperature":27,"update":{"installed_version":16777233,"latest_version":16777233,"state":"idle"},"voc_index":364}'
[2025-08-24 20:04:16] info: 	z2m:mqtt: MQTT publish: topic 'zigbee2mqtt/prise mini pc (IKEA)', payload '{"current":0.13,"energy":5.86,"identify":null,"last_seen":"2025-08-24T18:04:16.389Z","linkquality":255,"power":7.2,"power_on_behavior":"previous","state":"ON","update":{"installed_version":33816645,"latest_version":33816645,"state":"idle"},"voltage":226.3}'
[2025-08-24 20:04:16] info: 	z2m:mqtt: MQTT publish: topic 'zigbee2mqtt/prise pc's gege (IKEA)', payload '{"current":0.67,"energy":310.05,"identify":null,"last_seen":"2025-08-24T18:04:16.430Z","linkquality":156,"power":119.3,"power_on_behavior":"on","state":"ON","update":{"installed_version":33816645,"latest_version":33816645,"state":"idle"},"voltage":230.6}'
[2025-08-24 20:04:16] info: 	z2m:mqtt: MQTT publish: topic 'zigbee2mqtt/prise box internet (IKEA)', payload '{"current":0.11,"energy":86.62,"identify":null,"last_seen":"2025-08-24T18:04:16.677Z","linkquality":132,"power":13,"power_on_behavior":"previous","state":"ON","update":{"installed_version":33816645,"latest_version":33816645,"state":"idle"},"voltage":230}'
[2025-08-24 20:04:17] info: 	z2m:mqtt: MQTT publish: topic 'zigbee2mqtt/prise bureau pc (IKEA)', payload '{"current":1.01,"energy":615.26,"identify":null,"last_seen":"2025-08-24T18:04:17.251Z","linkquality":255,"power":178.5,"power_on_behavior":"previous","state":"ON","update":{"installed_version":33816645,"latest_version":33816645,"state":"idle"},"voltage":230.5}'
[2025-08-24 20:04:17] info: 	z2m:mqtt: MQTT publish: topic 'zigbee2mqtt/prise mini pc (IKEA)', payload '{"current":0.07,"energy":5.86,"identify":null,"last_seen":"2025-08-24T18:04:17.409Z","linkquality":255,"power":7.2,"power_on_behavior":"previous","state":"ON","update":{"installed_version":33816645,"latest_version":33816645,"state":"idle"},"voltage":226.3}'
[2025-08-24 20:04:19] info: 	z2m:mqtt: MQTT publish: topic 'zigbee2mqtt/qualite air chambre (IKEA)', payload '{"humidity":65,"identify":null,"last_seen":"2025-08-24T18:04:19.366Z","linkquality":200,"pm25":18,"temperature":27,"update":{"installed_version":16777233,"latest_version":16777233,"state":"idle"},"voc_index":359}'
[2025-08-24 20:04:19] info: 	z2m:mqtt: MQTT publish: topic 'zigbee2mqtt/qualite air chambre (IKEA)', payload '{"humidity":65,"identify":null,"last_seen":"2025-08-24T18:04:19.410Z","linkquality":200,"pm25":18,"temperature":27,"update":{"installed_version":16777233,"latest_version":16777233,"state":"idle"},"voc_index":368}'
[2025-08-24 20:04:22] info: 	z2m:mqtt: MQTT publish: topic 'zigbee2mqtt/prise tete de lit chambre', payload '{"current":0,"energy":25.58,"identify":null,"last_seen":"2025-08-24T18:04:22.964Z","linkquality":196,"power":0,"power_on_behavior":"on","state":"OFF","update":{"installed_version":33816645,"latest_version":33816645,"state":"idle"},"voltage":237.6}'
[2025-08-24 20:04:24] info: 	z2m:mqtt: MQTT publish: topic 'zigbee2mqtt/prise lave vaisselle (NOUS)', payload '{"child_lock":"LOCK","countdown":0,"current":0,"energy":115.82,"indicator_mode":"on","last_seen":"2025-08-24T18:04:24.445Z","linkquality":184,"power":0,"power_outage_memory":"on","state":"ON","update":{"installed_version":192,"latest_version":192,"state":"idle"},"voltage":230}'
[2025-08-24 20:04:25] info: 	z2m:mqtt: MQTT publish: topic 'zigbee2mqtt/Prise Radiateur Salle de Bain (NOUS)', payload '{"child_lock":"LOCK","countdown":0,"current":0,"energy":0.27,"indicator_mode":"off/on","last_seen":"2025-08-24T18:04:14.670Z","linkquality":200,"power":0,"power_outage_memory":"restore","state":"OFF","update":{"installed_version":192,"latest_version":192,"state":"idle"},"voltage":230}'
[2025-08-24 20:04:25] info: 	z2m:mqtt: MQTT publish: topic 'zigbee2mqtt/Prise Radiateur Salle de Bain (NOUS)', payload '{"child_lock":"LOCK","countdown":0,"current":0,"energy":0.27,"indicator_mode":"off/on","last_seen":"2025-08-24T18:04:14.670Z","linkquality":200,"power":0,"power_outage_memory":"restore","state":"OFF","update":{"installed_version":192,"latest_version":192,"state":"idle"},"voltage":230}'
[2025-08-24 20:04:25] info: 	z2m:mqtt: MQTT publish: topic 'zigbee2mqtt/Detecteur (VALLHORN)', payload '{"battery":100,"identify":null,"illuminance":1,"last_seen":"2025-08-24T18:04:25.974Z","linkquality":176,"occupancy":false,"update":{"installed_version":16777316,"latest_version":16777316,"state":"idle"},"voltage":2800}'
[2025-08-24 20:04:26] info: 	z2m:mqtt: MQTT publish: topic 'zigbee2mqtt/qualite air bureau (IKEA)', payload '{"humidity":66,"identify":null,"last_seen":"2025-08-24T18:04:26.218Z","linkquality":224,"pm25":9,"temperature":27,"update":{"installed_version":16777233,"latest_version":16777233,"state":"idle"},"voc_index":364}'
[2025-08-24 20:04:26] info: 	z2m:mqtt: MQTT publish: topic 'zigbee2mqtt/prise pc's gege (IKEA)', payload '{"current":0.67,"energy":310.05,"identify":null,"last_seen":"2025-08-24T18:04:26.434Z","linkquality":160,"power":119.3,"power_on_behavior":"on","state":"ON","update":{"installed_version":33816645,"latest_version":33816645,"state":"idle"},"voltage":230.3}'
[2025-08-24 20:04:26] info: 	z2m:mqtt: MQTT publish: topic 'zigbee2mqtt/prise box internet (IKEA)', payload '{"current":0.11,"energy":86.62,"identify":null,"last_seen":"2025-08-24T18:04:26.650Z","linkquality":148,"power":13,"power_on_behavior":"previous","state":"ON","update":{"installed_version":33816645,"latest_version":33816645,"state":"idle"},"voltage":229.7}'
[2025-08-24 20:04:28] info: 	z2m:mqtt: MQTT publish: topic 'zigbee2mqtt/prise airfryer ninja (NOUS)', payload '{"child_lock":"UNLOCK","countdown":0,"current":0,"energy":72.19,"indicator_mode":"on","last_seen":"2025-08-24T18:04:08.028Z","linkquality":232,"power":0,"power_outage_memory":"restore","state":"ON","update":{"installed_version":192,"latest_version":192,"state":"idle"},"voltage":230}'
[2025-08-24 20:04:28] info: 	z2m:mqtt: MQTT publish: topic 'zigbee2mqtt/prise airfryer ninja (NOUS)', payload '{"child_lock":"UNLOCK","countdown":0,"current":0,"energy":72.19,"indicator_mode":"on","last_seen":"2025-08-24T18:04:08.028Z","linkquality":232,"power":0,"power_outage_memory":"restore","state":"ON","update":{"installed_version":192,"latest_version":192,"state":"idle"},"voltage":230}'
[2025-08-24 20:04:29] info: 	z2m:mqtt: MQTT publish: topic 'zigbee2mqtt/prise tv chambre (NOUS)', payload '{"child_lock":"LOCK","countdown":0,"current":0,"energy":164.71,"indicator_mode":"off","last_seen":"2025-08-24T18:04:08.434Z","linkquality":164,"power":0,"power_outage_memory":"on","state":"ON","update":{"installed_version":192,"latest_version":192,"state":"idle"},"voltage":228}'
[2025-08-24 20:04:29] info: 	z2m:mqtt: MQTT publish: topic 'zigbee2mqtt/prise horloge (IKEA)', payload '{"current":0.004,"energy":1.24,"identify":null,"last_seen":"2025-08-24T18:04:29.974Z","linkquality":255,"power":0.2,"power_on_behavior":"previous","state":"ON","update":{"installed_version":33816645,"latest_version":33816645,"state":"idle"},"voltage":236.5}'
[2025-08-24 20:04:32] info: 	z2m:mqtt: MQTT publish: topic 'zigbee2mqtt/prise bureau pc (IKEA)', payload '{"current":1.01,"energy":615.26,"identify":null,"last_seen":"2025-08-24T18:04:32.606Z","linkquality":255,"power":178.5,"power_on_behavior":"previous","state":"ON","update":{"installed_version":33816645,"latest_version":33816645,"state":"idle"},"voltage":230}'
[2025-08-24 20:04:32] info: 	z2m:mqtt: MQTT publish: topic 'zigbee2mqtt/Detecteur (VALLHORN)', payload '{"battery":100,"identify":null,"illuminance":1,"last_seen":"2025-08-24T18:04:32.775Z","linkquality":188,"occupancy":true,"update":{"installed_version":16777316,"latest_version":16777316,"state":"idle"},"voltage":2800}'
[2025-08-24 20:04:36] info: 	z2m:mqtt: MQTT publish: topic 'zigbee2mqtt/prise pc's gege (IKEA)', payload '{"current":0.67,"energy":310.05,"identify":null,"last_seen":"2025-08-24T18:04:36.401Z","linkquality":160,"power":122,"power_on_behavior":"on","state":"ON","update":{"installed_version":33816645,"latest_version":33816645,"state":"idle"},"voltage":230.3}'
[2025-08-24 20:04:36] info: 	z2m:mqtt: MQTT publish: topic 'zigbee2mqtt/prise pc's gege (IKEA)', payload '{"current":0.67,"energy":310.05,"identify":null,"last_seen":"2025-08-24T18:04:36.436Z","linkquality":160,"power":122,"power_on_behavior":"on","state":"ON","update":{"installed_version":33816645,"latest_version":33816645,"state":"idle"},"voltage":230.4}'
[2025-08-24 20:04:36] info: 	z2m:mqtt: MQTT publish: topic 'zigbee2mqtt/prise bureau pc (IKEA)', payload '{"current":1.06,"energy":615.26,"identify":null,"last_seen":"2025-08-24T18:04:36.925Z","linkquality":252,"power":178.5,"power_on_behavior":"previous","state":"ON","update":{"installed_version":33816645,"latest_version":33816645,"state":"idle"},"voltage":230}'
[2025-08-24 20:04:37] info: 	z2m:mqtt: MQTT publish: topic 'zigbee2mqtt/prise mini pc (IKEA)', payload '{"current":0.13,"energy":5.86,"identify":null,"last_seen":"2025-08-24T18:04:37.009Z","linkquality":255,"power":7.2,"power_on_behavior":"previous","state":"ON","update":{"installed_version":33816645,"latest_version":33816645,"state":"idle"},"voltage":226.3}'
[2025-08-24 20:04:37] info: 	z2m:mqtt: MQTT publish: topic 'zigbee2mqtt/prise bureau pc (IKEA)', payload '{"current":1.06,"energy":615.26,"identify":null,"last_seen":"2025-08-24T18:04:37.397Z","linkquality":255,"power":185.8,"power_on_behavior":"previous","state":"ON","update":{"installed_version":33816645,"latest_version":33816645,"state":"idle"},"voltage":230}'
[2025-08-24 20:04:37] info: 	z2m:mqtt: MQTT publish: topic 'zigbee2mqtt/prise mini pc (IKEA)', payload '{"current":0.13,"energy":5.86,"identify":null,"last_seen":"2025-08-24T18:04:37.480Z","linkquality":252,"power":14,"power_on_behavior":"previous","state":"ON","update":{"installed_version":33816645,"latest_version":33816645,"state":"idle"},"voltage":226.3}'
[2025-08-24 20:04:38] info: 	z2m:mqtt: MQTT publish: topic 'zigbee2mqtt/qualite air bureau (IKEA)', payload '{"humidity":66,"identify":null,"last_seen":"2025-08-24T18:04:38.667Z","linkquality":224,"pm25":7,"temperature":27,"update":{"installed_version":16777233,"latest_version":16777233,"state":"idle"},"voc_index":364}'
[2025-08-24 20:04:38] info: 	z2m:mqtt: MQTT publish: topic 'zigbee2mqtt/qualite air bureau (IKEA)', payload '{"humidity":66,"identify":null,"last_seen":"2025-08-24T18:04:38.760Z","linkquality":228,"pm25":7,"temperature":27,"update":{"installed_version":16777233,"latest_version":16777233,"state":"idle"},"voc_index":287}'
[2025-08-24 20:04:39] info: 	z2m:mqtt: MQTT publish: topic 'zigbee2mqtt/prise horloge (IKEA)', payload '{"current":0.004,"energy":1.24,"identify":null,"last_seen":"2025-08-24T18:04:39.953Z","linkquality":255,"power":0.2,"power_on_behavior":"previous","state":"ON","update":{"installed_version":33816645,"latest_version":33816645,"state":"idle"},"voltage":237}'
[2025-08-24 20:04:40] info: 	z2m:mqtt: MQTT publish: topic 'zigbee2mqtt/prise tete de lit chambre', payload '{"current":0,"energy":25.58,"identify":null,"last_seen":"2025-08-24T18:04:40.037Z","linkquality":192,"power":0,"power_on_behavior":"on","state":"OFF","update":{"installed_version":33816645,"latest_version":33816645,"state":"idle"},"voltage":238.1}'
[2025-08-24 20:04:40] info: 	z2m:mqtt: MQTT publish: topic 'zigbee2mqtt/prise box internet (IKEA)', payload '{"current":0.11,"energy":86.62,"identify":null,"last_seen":"2025-08-24T18:04:40.750Z","linkquality":136,"power":13,"power_on_behavior":"previous","state":"ON","update":{"installed_version":33816645,"latest_version":33816645,"state":"idle"},"voltage":230.2}'
[2025-08-24 20:04:40] info: 	z2m:mqtt: MQTT publish: topic 'zigbee2mqtt/Clim Salon (NOUS)', payload '{"child_lock":"LOCK","countdown":0,"current":0,"energy":414.52,"indicator_mode":"on","last_seen":"2025-08-24T18:04:40.817Z","linkquality":255,"power":0,"power_outage_memory":"restore","state":"OFF","update":{"installed_version":192,"latest_version":192,"state":"idle"},"voltage":228}'
[2025-08-24 20:04:42] info: 	z2m:mqtt: MQTT publish: topic 'zigbee2mqtt/prise bureau pc (IKEA)', payload '{"current":1.06,"energy":615.26,"identify":null,"last_seen":"2025-08-24T18:04:42.566Z","linkquality":255,"power":185.8,"power_on_behavior":"previous","state":"ON","update":{"installed_version":33816645,"latest_version":33816645,"state":"idle"},"voltage":230.9}'
[2025-08-24 20:04:42] info: 	z2m:mqtt: MQTT publish: topic 'zigbee2mqtt/prise tv chambre (NOUS)', payload '{"child_lock":"LOCK","countdown":0,"current":0,"energy":164.71,"indicator_mode":"off","last_seen":"2025-08-24T18:04:42.827Z","linkquality":172,"power":0,"power_outage_memory":"on","state":"ON","update":{"installed_version":192,"latest_version":192,"state":"idle"},"voltage":228}'
[2025-08-24 20:04:44] info: 	z2m:mqtt: MQTT publish: topic 'zigbee2mqtt/prise airfryer ninja (NOUS)', payload '{"child_lock":"UNLOCK","countdown":0,"current":0,"energy":72.19,"indicator_mode":"on","last_seen":"2025-08-24T18:04:44.487Z","linkquality":232,"power":0,"power_outage_memory":"restore","state":"ON","update":{"installed_version":192,"latest_version":192,"state":"idle"},"voltage":230}'
[2025-08-24 20:04:45] info: 	z2m:mqtt: MQTT publish: topic 'zigbee2mqtt/prise lave vaisselle (NOUS)', payload '{"child_lock":"LOCK","countdown":0,"current":0,"energy":115.82,"indicator_mode":"on","last_seen":"2025-08-24T18:04:24.445Z","linkquality":184,"power":0,"power_outage_memory":"on","state":"ON","update":{"installed_version":192,"latest_version":192,"state":"idle"},"voltage":230}'
[2025-08-24 20:04:46] info: 	z2m:mqtt: MQTT publish: topic 'zigbee2mqtt/prise pc's gege (IKEA)', payload '{"current":0.67,"energy":310.05,"identify":null,"last_seen":"2025-08-24T18:04:46.478Z","linkquality":168,"power":118.6,"power_on_behavior":"on","state":"ON","update":{"installed_version":33816645,"latest_version":33816645,"state":"idle"},"voltage":230.4}'
[2025-08-24 20:04:46] info: 	z2m:mqtt: MQTT publish: topic 'zigbee2mqtt/prise bureau pc (IKEA)', payload '{"current":1.01,"energy":615.26,"identify":null,"last_seen":"2025-08-24T18:04:46.930Z","linkquality":255,"power":185.8,"power_on_behavior":"previous","state":"ON","update":{"installed_version":33816645,"latest_version":33816645,"state":"idle"},"voltage":230.9}'
[2025-08-24 20:04:47] info: 	z2m:mqtt: MQTT publish: topic 'zigbee2mqtt/prise mini pc (IKEA)', payload '{"current":0.07,"energy":5.86,"identify":null,"last_seen":"2025-08-24T18:04:47.017Z","linkquality":255,"power":14,"power_on_behavior":"previous","state":"ON","update":{"installed_version":33816645,"latest_version":33816645,"state":"idle"},"voltage":226.3}'
[2025-08-24 20:04:47] info: 	z2m:mqtt: MQTT publish: topic 'zigbee2mqtt/prise lave vaisselle (NOUS)', payload '{"child_lock":"LOCK","countdown":0,"current":0,"energy":115.82,"indicator_mode":"on","last_seen":"2025-08-24T18:04:47.198Z","linkquality":180,"power":0,"power_outage_memory":"on","state":"ON","update":{"installed_version":192,"latest_version":192,"state":"idle"},"voltage":230}'
[2025-08-24 20:04:47] info: 	z2m:mqtt: MQTT publish: topic 'zigbee2mqtt/prise bureau pc (IKEA)', payload '{"current":1.01,"energy":615.26,"identify":null,"last_seen":"2025-08-24T18:04:47.476Z","linkquality":255,"power":178.3,"power_on_behavior":"previous","state":"ON","update":{"installed_version":33816645,"latest_version":33816645,"state":"idle"},"voltage":230.9}'
[2025-08-24 20:04:47] info: 	z2m:mqtt: MQTT publish: topic 'zigbee2mqtt/prise mini pc (IKEA)', payload '{"current":0.07,"energy":5.86,"identify":null,"last_seen":"2025-08-24T18:04:47.539Z","linkquality":255,"power":7.3,"power_on_behavior":"previous","state":"ON","update":{"installed_version":33816645,"latest_version":33816645,"state":"idle"},"voltage":226.3}'
[2025-08-24 20:04:48] info: 	z2m:mqtt: MQTT publish: topic 'zigbee2mqtt/Prise Bureau Fer à Repasser (NOUS)', payload '{"child_lock":"UNLOCK","countdown":0,"current":0,"energy":1.99,"indicator_mode":"off/on","last_seen":"2025-08-24T18:04:48.626Z","linkquality":148,"power":0,"power_outage_memory":"on","state":"ON","update":{"installed_version":192,"latest_version":192,"state":"idle"},"voltage":230}'
[2025-08-24 20:04:48] info: 	z2m:mqtt: MQTT publish: topic 'zigbee2mqtt/prise four micro ondes (NOUS)', payload '{"child_lock":"UNLOCK","countdown":0,"current":0.03,"energy":57.38,"indicator_mode":"off/on","last_seen":"2025-08-24T18:04:48.742Z","linkquality":255,"power":0,"power_outage_memory":"restore","state":"ON","update":{"installed_version":192,"latest_version":192,"state":"idle"},"voltage":230}'
[2025-08-24 20:04:51] info: 	z2m:mqtt: MQTT publish: topic 'zigbee2mqtt/prise pc's gege (IKEA)', payload '{"current":0.67,"energy":310.05,"identify":null,"last_seen":"2025-08-24T18:04:51.081Z","linkquality":172,"power":118.6,"power_on_behavior":"on","state":"ON","update":{"installed_version":33816645,"latest_version":33816645,"state":"idle"},"voltage":230.9}'
[2025-08-24 20:04:52] info: 	z2m:mqtt: MQTT publish: topic 'zigbee2mqtt/Detecteur (VALLHORN)', payload '{"battery":100,"identify":null,"illuminance":1,"last_seen":"2025-08-24T18:04:52.269Z","linkquality":160,"occupancy":false,"update":{"installed_version":16777316,"latest_version":16777316,"state":"idle"},"voltage":2800}'
[2025-08-24 20:04:56] info: 	z2m:mqtt: MQTT publish: topic 'zigbee2mqtt/prise bureau pc (IKEA)', payload '{"current":1.04,"energy":615.26,"identify":null,"last_seen":"2025-08-24T18:04:56.845Z","linkquality":255,"power":178.3,"power_on_behavior":"previous","state":"ON","update":{"installed_version":33816645,"latest_version":33816645,"state":"idle"},"voltage":230.9}'
[2025-08-24 20:04:56] info: 	z2m:mqtt: MQTT publish: topic 'zigbee2mqtt/Clim du Bureau (NOUS)', payload '{"child_lock":"LOCK","countdown":0,"current":0,"energy":332.61,"indicator_mode":"off/on","last_seen":"2025-08-24T18:04:56.938Z","linkquality":172,"power":0,"power_outage_memory":"restore","state":"OFF","update":{"installed_version":192,"latest_version":192,"state":"idle"},"voltage":227}'
[2025-08-24 20:04:57] info: 	z2m:mqtt: MQTT publish: topic 'zigbee2mqtt/prise bureau pc (IKEA)', payload '{"current":1.04,"energy":615.26,"identify":null,"last_seen":"2025-08-24T18:04:57.363Z","linkquality":255,"power":184.8,"power_on_behavior":"previous","state":"ON","update":{"installed_version":33816645,"latest_version":33816645,"state":"idle"},"voltage":230.9}'
[2025-08-24 20:04:58] info: 	z2m:mqtt: MQTT publish: topic 'zigbee2mqtt/qualite air salon (IKEA)', payload '{"humidity":65,"identify":null,"last_seen":"2025-08-24T18:04:58.060Z","linkquality":160,"pm25":6,"temperature":27,"update":{"installed_version":16777233,"latest_version":16777233,"state":"idle"},"voc_index":296}'
[2025-08-24 20:04:58] info: 	z2m:mqtt: MQTT publish: topic 'zigbee2mqtt/qualite air salon (IKEA)', payload '{"humidity":65,"identify":null,"last_seen":"2025-08-24T18:04:58.077Z","linkquality":164,"pm25":6,"temperature":27,"update":{"installed_version":16777233,"latest_version":16777233,"state":"idle"},"voc_index":237}'
[2025-08-24 20:05:06] info: 	z2m:mqtt: MQTT publish: topic 'zigbee2mqtt/prise mini pc (IKEA)', payload '{"current":0.13,"energy":5.86,"identify":null,"last_seen":"2025-08-24T18:05:06.608Z","linkquality":255,"power":7.3,"power_on_behavior":"previous","state":"ON","update":{"installed_version":33816645,"latest_version":33816645,"state":"idle"},"voltage":226.3}'
[2025-08-24 20:05:06] info: 	z2m:mqtt: MQTT publish: topic 'zigbee2mqtt/prise bureau pc (IKEA)', payload '{"current":1.09,"energy":615.26,"identify":null,"last_seen":"2025-08-24T18:05:06.856Z","linkquality":255,"power":184.8,"power_on_behavior":"previous","state":"ON","update":{"installed_version":33816645,"latest_version":33816645,"state":"idle"},"voltage":230.9}'
[2025-08-24 20:05:07] info: 	z2m:mqtt: MQTT publish: topic 'zigbee2mqtt/prise mini pc (IKEA)', payload '{"current":0.13,"energy":5.86,"identify":null,"last_seen":"2025-08-24T18:05:07.073Z","linkquality":255,"power":16.9,"power_on_behavior":"previous","state":"ON","update":{"installed_version":33816645,"latest_version":33816645,"state":"idle"},"voltage":226.3}'
[2025-08-24 20:05:07] info: 	z2m:mqtt: MQTT publish: topic 'zigbee2mqtt/prise congelateur cuisine (NOUS)', payload '{"child_lock":"LOCK","countdown":0,"current":0.21,"energy":186.79,"indicator_mode":"on","last_seen":"2025-08-24T18:05:07.117Z","linkquality":120,"power":30,"power_outage_memory":"on","state":"ON","update":{"installed_version":192,"latest_version":192,"state":"idle"},"voltage":227}'
[2025-08-24 20:05:07] info: 	z2m:mqtt: MQTT publish: topic 'zigbee2mqtt/prise bureau pc (IKEA)', payload '{"current":1.09,"energy":615.26,"identify":null,"last_seen":"2025-08-24T18:05:07.325Z","linkquality":255,"power":193,"power_on_behavior":"previous","state":"ON","update":{"installed_version":33816645,"latest_version":33816645,"state":"idle"},"voltage":230.9}'
[2025-08-24 20:05:08] info: 	z2m:mqtt: MQTT publish: topic 'zigbee2mqtt/prise congelateur cuisine (NOUS)', payload '{"child_lock":"LOCK","countdown":0,"current":0.21,"energy":186.79,"indicator_mode":"on","last_seen":"2025-08-24T18:05:08.078Z","linkquality":120,"power":30,"power_outage_memory":"on","state":"ON","update":{"installed_version":192,"latest_version":192,"state":"idle"},"voltage":229}'
[2025-08-24 20:05:08] info: 	z2m:mqtt: MQTT publish: topic 'zigbee2mqtt/prise congelateur cuisine (NOUS)', payload '{"child_lock":"LOCK","countdown":0,"current":0.21,"energy":186.79,"indicator_mode":"on","last_seen":"2025-08-24T18:05:08.122Z","linkquality":124,"power":30,"power_outage_memory":"on","state":"ON","update":{"installed_version":192,"latest_version":192,"state":"idle"},"voltage":229}'
[2025-08-24 20:05:10] info: 	z2m:mqtt: MQTT publish: topic 'zigbee2mqtt/prise pc's gege (IKEA)', payload '{"current":0.67,"energy":310.05,"identify":null,"last_seen":"2025-08-24T18:05:10.622Z","linkquality":168,"power":121.9,"power_on_behavior":"on","state":"ON","update":{"installed_version":33816645,"latest_version":33816645,"state":"idle"},"voltage":230.9}'
[2025-08-24 20:05:10] info: 	z2m:mqtt: MQTT publish: topic 'zigbee2mqtt/prise frigo cuisine (NOUS)', payload '{"child_lock":"LOCK","countdown":0,"current":0.23,"energy":106.05,"indicator_mode":"on/off","last_seen":"2025-08-24T18:05:10.988Z","linkquality":104,"power":62,"power_outage_memory":"on","state":"ON","update":{"installed_version":192,"latest_version":192,"state":"idle"},"voltage":228}'
[2025-08-24 20:05:14] info: 	z2m:mqtt: MQTT publish: topic 'zigbee2mqtt/Four et Plaque de Cuisson', payload '{"ac_frequency":49.98,"current":0,"data_report_duration":60,"energy":60,"last_seen":"2025-08-24T18:05:14.059Z","linkquality":216,"power":0,"power_factor":100,"produced_energy":0,"voltage":232}'
[2025-08-24 20:05:14] info: 	z2m:mqtt: MQTT publish: topic 'zigbee2mqtt/Four et Plaque de Cuisson', payload '{"ac_frequency":49.98,"current":0,"data_report_duration":60,"energy":60,"last_seen":"2025-08-24T18:05:14.106Z","linkquality":216,"power":0,"power_factor":100,"produced_energy":0,"voltage":232}'
[2025-08-24 20:05:14] info: 	z2m:mqtt: MQTT publish: topic 'zigbee2mqtt/Four et Plaque de Cuisson', payload '{"ac_frequency":49.98,"current":0,"data_report_duration":60,"energy":60,"last_seen":"2025-08-24T18:05:14.156Z","linkquality":216,"power":0,"power_factor":100,"produced_energy":0,"voltage":232}'
[2025-08-24 20:05:14] info: 	z2m:mqtt: MQTT publish: topic 'zigbee2mqtt/Four et Plaque de Cuisson', payload '{"ac_frequency":49.98,"current":0,"data_report_duration":60,"energy":60,"last_seen":"2025-08-24T18:05:14.203Z","linkquality":216,"power":0,"power_factor":100,"produced_energy":0,"voltage":232}'
[2025-08-24 20:05:14] info: 	z2m:mqtt: MQTT publish: topic 'zigbee2mqtt/Four et Plaque de Cuisson', payload '{"ac_frequency":49.96,"current":0,"data_report_duration":60,"energy":60,"last_seen":"2025-08-24T18:05:14.249Z","linkquality":216,"power":0,"power_factor":100,"produced_energy":0,"voltage":232}'
[2025-08-24 20:05:14] info: 	z2m:mqtt: MQTT publish: topic 'zigbee2mqtt/Four et Plaque de Cuisson', payload '{"ac_frequency":49.96,"current":0,"data_report_duration":60,"energy":60,"last_seen":"2025-08-24T18:05:14.299Z","linkquality":216,"power":0,"power_factor":100,"produced_energy":0,"voltage":232}'
[2025-08-24 20:05:14] info: 	z2m:mqtt: MQTT publish: topic 'zigbee2mqtt/Four et Plaque de Cuisson', payload '{"ac_frequency":49.96,"current":0,"data_report_duration":60,"energy":60,"last_seen":"2025-08-24T18:05:14.347Z","linkquality":216,"power":0,"power_factor":100,"produced_energy":0,"voltage":232}'
[2025-08-24 20:05:14] info: 	z2m:mqtt: MQTT publish: topic 'zigbee2mqtt/Four et Plaque de Cuisson', payload '{"ac_frequency":49.96,"current":0,"data_report_duration":60,"energy":60,"last_seen":"2025-08-24T18:05:14.395Z","linkquality":216,"power":0,"power_factor":100,"produced_energy":0,"voltage":232}'
[2025-08-24 20:05:16] info: 	z2m:mqtt: MQTT publish: topic 'zigbee2mqtt/prise lave linge (NOUS)', payload '{"child_lock":"LOCK","countdown":0,"current":0,"energy":100.64,"indicator_mode":"on","last_seen":"2025-08-24T18:05:16.120Z","linkquality":192,"power":0,"power_outage_memory":"on","state":"ON","update":{"installed_version":192,"latest_version":192,"state":"idle"},"voltage":230}'
[2025-08-24 20:05:16] info: 	z2m:mqtt: MQTT publish: topic 'zigbee2mqtt/prise mini pc (IKEA)', payload '{"current":0.07,"energy":5.86,"identify":null,"last_seen":"2025-08-24T18:05:16.568Z","linkquality":255,"power":16.9,"power_on_behavior":"previous","state":"ON","update":{"installed_version":33816645,"latest_version":33816645,"state":"idle"},"voltage":226.3}'
[2025-08-24 20:05:16] info: 	z2m:mqtt: MQTT publish: topic 'zigbee2mqtt/prise bureau pc (IKEA)', payload '{"current":1.03,"energy":615.26,"identify":null,"last_seen":"2025-08-24T18:05:16.765Z","linkquality":255,"power":193,"power_on_behavior":"previous","state":"ON","update":{"installed_version":33816645,"latest_version":33816645,"state":"idle"},"voltage":230.9}'
[2025-08-24 20:05:17] info: 	z2m:mqtt: MQTT publish: topic 'zigbee2mqtt/prise mini pc (IKEA)', payload '{"current":0.07,"energy":5.86,"identify":null,"last_seen":"2025-08-24T18:05:17.037Z","linkquality":255,"power":7.1,"power_on_behavior":"previous","state":"ON","update":{"installed_version":33816645,"latest_version":33816645,"state":"idle"},"voltage":226.3}'
[2025-08-24 20:05:17] info: 	z2m:mqtt: MQTT publish: topic 'zigbee2mqtt/prise bureau pc (IKEA)', payload '{"current":1.03,"energy":615.26,"identify":null,"last_seen":"2025-08-24T18:05:17.309Z","linkquality":255,"power":184.1,"power_on_behavior":"previous","state":"ON","update":{"installed_version":33816645,"latest_version":33816645,"state":"idle"},"voltage":230.9}'
[2025-08-24 20:05:20] info: 	z2m:mqtt: MQTT publish: topic 'zigbee2mqtt/prise pc's gege (IKEA)', payload '{"current":0.67,"energy":310.05,"identify":null,"last_seen":"2025-08-24T18:05:20.633Z","linkquality":168,"power":118.5,"power_on_behavior":"on","state":"ON","update":{"installed_version":33816645,"latest_version":33816645,"state":"idle"},"voltage":230.9}'
[2025-08-24 20:05:25] info: 	z2m:mqtt: MQTT publish: topic 'zigbee2mqtt/prise horloge (IKEA)', payload '{"current":0.004,"energy":1.24,"identify":null,"last_seen":"2025-08-24T18:05:25.059Z","linkquality":255,"power":0.2,"power_on_behavior":"previous","state":"ON","update":{"installed_version":33816645,"latest_version":33816645,"state":"idle"},"voltage":237.5}'
[2025-08-24 20:05:26] info: 	z2m:mqtt: MQTT publish: topic 'zigbee2mqtt/prise bureau pc (IKEA)', payload '{"current":1.02,"energy":615.26,"identify":null,"last_seen":"2025-08-24T18:05:26.727Z","linkquality":255,"power":184.1,"power_on_behavior":"previous","state":"ON","update":{"installed_version":33816645,"latest_version":33816645,"state":"idle"},"voltage":230.9}'
[2025-08-24 20:05:27] info: 	z2m:mqtt: MQTT publish: topic 'zigbee2mqtt/prise bureau pc (IKEA)', payload '{"current":1.02,"energy":615.26,"identify":null,"last_seen":"2025-08-24T18:05:27.269Z","linkquality":255,"power":180.6,"power_on_behavior":"previous","state":"ON","update":{"installed_version":33816645,"latest_version":33816645,"state":"idle"},"voltage":230.9}'
[2025-08-24 20:05:30] info: 	z2m:mqtt: MQTT publish: topic 'zigbee2mqtt/prise pc's gege (IKEA)', payload '{"current":0.67,"energy":310.05,"identify":null,"last_seen":"2025-08-24T18:05:30.638Z","linkquality":164,"power":123.2,"power_on_behavior":"on","state":"ON","update":{"installed_version":33816645,"latest_version":33816645,"state":"idle"},"voltage":230.9}'
[2025-08-24 20:05:31] info: 	z2m:mqtt: MQTT publish: topic 'zigbee2mqtt/Four et Plaque de Cuisson', payload '{"ac_frequency":49.96,"current":0,"data_report_duration":60,"energy":60,"last_seen":"2025-08-24T18:05:31.087Z","linkquality":216,"power":0,"power_factor":100,"produced_energy":0,"voltage":232}'
[2025-08-24 20:05:35] info: 	z2m:mqtt: MQTT publish: topic 'zigbee2mqtt/prise horloge (IKEA)', payload '{"current":0.004,"energy":1.24,"identify":null,"last_seen":"2025-08-24T18:05:35.462Z","linkquality":255,"power":0.2,"power_on_behavior":"previous","state":"ON","update":{"installed_version":33816645,"latest_version":33816645,"state":"idle"},"voltage":237}'
[2025-08-24 20:05:36] info: 	z2m:mqtt: MQTT publish: topic 'zigbee2mqtt/prise mini pc (IKEA)', payload '{"current":0.07,"energy":5.86,"identify":null,"last_seen":"2025-08-24T18:05:36.609Z","linkquality":255,"power":13,"power_on_behavior":"previous","state":"ON","update":{"installed_version":33816645,"latest_version":33816645,"state":"idle"},"voltage":226.3}'
[2025-08-24 20:05:36] info: 	z2m:mqtt: MQTT publish: topic 'zigbee2mqtt/prise bureau pc (IKEA)', payload '{"current":1.05,"energy":615.26,"identify":null,"last_seen":"2025-08-24T18:05:36.762Z","linkquality":255,"power":180.6,"power_on_behavior":"previous","state":"ON","update":{"installed_version":33816645,"latest_version":33816645,"state":"idle"},"voltage":230.9}'
[2025-08-24 20:05:37] info: 	z2m:mqtt: MQTT publish: topic 'zigbee2mqtt/prise bureau pc (IKEA)', payload '{"current":1.05,"energy":615.26,"identify":null,"last_seen":"2025-08-24T18:05:37.229Z","linkquality":255,"power":196.2,"power_on_behavior":"previous","state":"ON","update":{"installed_version":33816645,"latest_version":33816645,"state":"idle"},"voltage":230.9}'
[2025-08-24 20:05:38] info: 	z2m:mqtt: MQTT publish: topic 'zigbee2mqtt/Clim Chambre (NOUS)', payload '{"child_lock":"LOCK","countdown":0,"current":0,"energy":392.86,"indicator_mode":"on","last_seen":"2025-08-24T18:05:38.222Z","linkquality":160,"power":0,"power_outage_memory":"restore","state":"OFF","update":{"installed_version":192,"latest_version":192,"state":"idle"},"voltage":228}'
[2025-08-24 20:05:38] info: 	z2m:mqtt: MQTT publish: topic 'zigbee2mqtt/Clim Chambre (NOUS)', payload '{"child_lock":"LOCK","countdown":0,"current":0,"energy":392.86,"indicator_mode":"on","last_seen":"2025-08-24T18:05:38.265Z","linkquality":160,"power":0,"power_outage_memory":"restore","state":"OFF","update":{"installed_version":192,"latest_version":192,"state":"idle"},"voltage":230}'
[2025-08-24 20:05:40] info: 	z2m:mqtt: MQTT publish: topic 'zigbee2mqtt/prise pc's gege (IKEA)', payload '{"current":0.67,"energy":310.05,"identify":null,"last_seen":"2025-08-24T18:05:40.643Z","linkquality":168,"power":119.7,"power_on_behavior":"on","state":"ON","update":{"installed_version":33816645,"latest_version":33816645,"state":"idle"},"voltage":230.9}'
[2025-08-24 20:05:46] info: 	z2m:mqtt: MQTT publish: topic 'zigbee2mqtt/prise mini pc (IKEA)', payload '{"current":0.07,"energy":5.86,"identify":null,"last_seen":"2025-08-24T18:05:46.658Z","linkquality":255,"power":7.2,"power_on_behavior":"previous","state":"ON","update":{"installed_version":33816645,"latest_version":33816645,"state":"idle"},"voltage":226.3}'
[2025-08-24 20:05:46] info: 	z2m:mqtt: MQTT publish: topic 'zigbee2mqtt/prise bureau pc (IKEA)', payload '{"current":1.02,"energy":615.26,"identify":null,"last_seen":"2025-08-24T18:05:46.826Z","linkquality":255,"power":196.2,"power_on_behavior":"previous","state":"ON","update":{"installed_version":33816645,"latest_version":33816645,"state":"idle"},"voltage":230.9}'
[2025-08-24 20:05:47] info: 	z2m:mqtt: MQTT publish: topic 'zigbee2mqtt/prise bureau pc (IKEA)', payload '{"current":1.02,"energy":615.26,"identify":null,"last_seen":"2025-08-24T18:05:47.235Z","linkquality":255,"power":183.7,"power_on_behavior":"previous","state":"ON","update":{"installed_version":33816645,"latest_version":33816645,"state":"idle"},"voltage":230.9}'
[2025-08-24 20:05:47] info: 	z2m:mqtt: MQTT publish: topic 'zigbee2mqtt/prise box internet (IKEA)', payload '{"current":0.11,"energy":86.62,"identify":null,"last_seen":"2025-08-24T18:05:47.486Z","linkquality":144,"power":13,"power_on_behavior":"previous","state":"ON","update":{"installed_version":33816645,"latest_version":33816645,"state":"idle"},"voltage":229.7}'
[2025-08-24 20:05:47] info: 	z2m:mqtt: MQTT publish: topic 'zigbee2mqtt/prise pc's gege (IKEA)', payload '{"current":0.67,"energy":310.05,"identify":null,"last_seen":"2025-08-24T18:05:47.604Z","linkquality":168,"power":119.7,"power_on_behavior":"on","state":"ON","update":{"installed_version":33816645,"latest_version":33816645,"state":"idle"},"voltage":230.3}'
[2025-08-24 20:05:49] info: 	z2m:mqtt: MQTT publish: topic 'zigbee2mqtt/Clim Chambre (NOUS)', payload '{"child_lock":"LOCK","countdown":0,"current":0,"energy":392.86,"indicator_mode":"on","last_seen":"2025-08-24T18:05:38.265Z","linkquality":160,"power":0,"power_outage_memory":"restore","state":"OFF","update":{"installed_version":192,"latest_version":192,"state":"idle"},"voltage":230}'
[2025-08-24 20:05:49] info: 	z2m:mqtt: MQTT publish: topic 'zigbee2mqtt/Clim Chambre (NOUS)', payload '{"child_lock":"LOCK","countdown":0,"current":0,"energy":392.86,"indicator_mode":"on","last_seen":"2025-08-24T18:05:38.265Z","linkquality":160,"power":0,"power_outage_memory":"restore","state":"OFF","update":{"installed_version":192,"latest_version":192,"state":"idle"},"voltage":230}'
[2025-08-24 20:05:49] info: 	z2m:mqtt: MQTT publish: topic 'zigbee2mqtt/prise tete de lit chambre', payload '{"current":0,"energy":25.58,"identify":null,"last_seen":"2025-08-24T18:05:49.675Z","linkquality":196,"power":0,"power_on_behavior":"on","state":"OFF","update":{"installed_version":33816645,"latest_version":33816645,"state":"idle"},"voltage":237.6}'
[2025-08-24 20:05:49] info: 	z2m:mqtt: MQTT publish: topic 'zigbee2mqtt/prise bureau pc (IKEA)', payload '{"current":1.02,"energy":615.26,"identify":null,"last_seen":"2025-08-24T18:05:49.794Z","linkquality":255,"power":183.7,"power_on_behavior":"previous","state":"ON","update":{"installed_version":33816645,"latest_version":33816645,"state":"idle"},"voltage":230.4}'
[2025-08-24 20:05:50] info: 	z2m:mqtt: MQTT publish: topic 'zigbee2mqtt/prise pc's gege (IKEA)', payload '{"current":0.92,"energy":310.05,"identify":null,"last_seen":"2025-08-24T18:05:50.379Z","linkquality":168,"power":119.7,"power_on_behavior":"on","state":"ON","update":{"installed_version":33816645,"latest_version":33816645,"state":"idle"},"voltage":230.3}'
[2025-08-24 20:05:50] info: 	z2m:mqtt: MQTT publish: topic 'zigbee2mqtt/prise pc's gege (IKEA)', payload '{"current":0.92,"energy":310.05,"identify":null,"last_seen":"2025-08-24T18:05:50.656Z","linkquality":168,"power":152.5,"power_on_behavior":"on","state":"ON","update":{"installed_version":33816645,"latest_version":33816645,"state":"idle"},"voltage":230.3}'
[2025-08-24 20:05:56] info: 	z2m:mqtt: MQTT publish: topic 'zigbee2mqtt/prise bureau pc (IKEA)', payload '{"current":1.03,"energy":615.26,"identify":null,"last_seen":"2025-08-24T18:05:56.712Z","linkquality":255,"power":183.7,"power_on_behavior":"previous","state":"ON","update":{"installed_version":33816645,"latest_version":33816645,"state":"idle"},"voltage":230.4}'
[2025-08-24 20:05:57] info: 	z2m:mqtt: MQTT publish: topic 'zigbee2mqtt/prise bureau pc (IKEA)', payload '{"current":1.03,"energy":615.26,"identify":null,"last_seen":"2025-08-24T18:05:57.187Z","linkquality":255,"power":193.5,"power_on_behavior":"previous","state":"ON","update":{"installed_version":33816645,"latest_version":33816645,"state":"idle"},"voltage":230.4}'
[2025-08-24 20:05:57] info: 	z2m:mqtt: MQTT publish: topic 'zigbee2mqtt/Clim Chambre (NOUS)', payload '{"child_lock":"LOCK","countdown":0,"current":0,"energy":392.86,"indicator_mode":"on","last_seen":"2025-08-24T18:05:57.285Z","linkquality":160,"power":0,"power_outage_memory":"restore","state":"OFF","update":{"installed_version":192,"latest_version":192,"state":"idle"},"voltage":230}'
[2025-08-24 20:06:00] info: 	z2m:mqtt: MQTT publish: topic 'zigbee2mqtt/prise pc's gege (IKEA)', payload '{"current":0.92,"energy":310.05,"identify":null,"last_seen":"2025-08-24T18:06:00.704Z","linkquality":168,"power":184.7,"power_on_behavior":"on","state":"ON","update":{"installed_version":33816645,"latest_version":33816645,"state":"idle"},"voltage":230.3}'
[2025-08-24 20:06:02] info: 	z2m:mqtt: MQTT publish: topic 'zigbee2mqtt/prise salon chargeur (NOUS)', payload '{"child_lock":"UNLOCK","countdown":0,"current":0.05,"energy":37.11,"indicator_mode":"off","last_seen":"2025-08-24T18:06:02.354Z","linkquality":176,"power":5,"power_outage_memory":"on","state":"ON","update":{"installed_version":192,"latest_version":192,"state":"idle"},"voltage":228}'
[2025-08-24 20:06:02] info: 	z2m:mqtt: MQTT publish: topic 'zigbee2mqtt/Clim du Bureau (NOUS)', payload '{"child_lock":"LOCK","countdown":0,"current":0,"energy":332.61,"indicator_mode":"off/on","last_seen":"2025-08-24T18:06:02.588Z","linkquality":168,"power":0,"power_outage_memory":"restore","state":"OFF","update":{"installed_version":192,"latest_version":192,"state":"idle"},"voltage":227}'
[2025-08-24 20:06:02] info: 	z2m:mqtt: MQTT publish: topic 'zigbee2mqtt/Clim du Bureau (NOUS)', payload '{"child_lock":"LOCK","countdown":0,"current":0,"energy":332.61,"indicator_mode":"off/on","last_seen":"2025-08-24T18:06:02.629Z","linkquality":172,"power":0,"power_outage_memory":"restore","state":"OFF","update":{"installed_version":192,"latest_version":192,"state":"idle"},"voltage":228}'
[2025-08-24 20:06:03] info: 	z2m:mqtt: MQTT publish: topic 'zigbee2mqtt/prise horloge (IKEA)', payload '{"current":0.004,"energy":1.24,"identify":null,"last_seen":"2025-08-24T18:06:03.706Z","linkquality":255,"power":0.2,"power_on_behavior":"previous","state":"ON","update":{"installed_version":33816645,"latest_version":33816645,"state":"idle"},"voltage":236.5}'
[2025-08-24 20:06:06] info: 	z2m:mqtt: MQTT publish: topic 'zigbee2mqtt/prise bureau pc (IKEA)', payload '{"current":1.05,"energy":615.26,"identify":null,"last_seen":"2025-08-24T18:06:06.672Z","linkquality":255,"power":193.5,"power_on_behavior":"previous","state":"ON","update":{"installed_version":33816645,"latest_version":33816645,"state":"idle"},"voltage":230.4}'
[2025-08-24 20:06:07] info: 	z2m:mqtt: MQTT publish: topic 'zigbee2mqtt/prise bureau pc (IKEA)', payload '{"current":1.05,"energy":615.26,"identify":null,"last_seen":"2025-08-24T18:06:07.155Z","linkquality":255,"power":184.3,"power_on_behavior":"previous","state":"ON","update":{"installed_version":33816645,"latest_version":33816645,"state":"idle"},"voltage":230.4}'
[2025-08-24 20:06:07] info: 	z2m:mqtt: MQTT publish: topic 'zigbee2mqtt/prise mini pc (IKEA)', payload '{"current":0.13,"energy":5.86,"identify":null,"last_seen":"2025-08-24T18:06:07.251Z","linkquality":255,"power":7.2,"power_on_behavior":"previous","state":"ON","update":{"installed_version":33816645,"latest_version":33816645,"state":"idle"},"voltage":226.3}'
[2025-08-24 20:06:07] info: 	z2m:mqtt: MQTT publish: topic 'zigbee2mqtt/prise mini pc (IKEA)', payload '{"current":0.13,"energy":5.86,"identify":null,"last_seen":"2025-08-24T18:06:07.650Z","linkquality":255,"power":14.3,"power_on_behavior":"previous","state":"ON","update":{"installed_version":33816645,"latest_version":33816645,"state":"idle"},"voltage":226.3}'
[2025-08-24 20:06:07] info: 	z2m:mqtt: MQTT publish: topic 'zigbee2mqtt/bridge/health', payload '{"response_time":1756058767796,"os":{"load_average":[0.23,0.15,0.14],"memory_used_mb":2234.94,"memory_percent":14.1623},"process":{"uptime_sec":1207,"memory_used_mb":122.89,"memory_percent":0.7787},"mqtt":{"connected":true,"queued":0,"published":2856,"received":651},"devices":{"0x30fb10fffecd4e74":{"messages":172,"messages_per_sec":0.1431,"leave_count":0,"network_address_changes":0},"0xa4c13819c020cf4a":{"messages":23,"messages_per_sec":0.0191,"leave_count":0,"network_address_changes":0},"0x94a081fffe5d83fe":{"messages":126,"messages_per_sec":0.1049,"leave_count":0,"network_address_changes":0},"0x28dba7fffe85fd68":{"messages":58,"messages_per_sec":0.0484,"leave_count":0,"network_address_changes":0},"0xd44867fffe148732":{"messages":193,"messages_per_sec":0.1611,"leave_count":0,"network_address_changes":0},"0x8c65a3fffefe4a22":{"messages":66,"messages_per_sec":0.0553,"leave_count":0,"network_address_changes":0},"0x001788010b58bd16":{"messages":2,"messages_per_sec":0.0017,"leave_count":0,"network_address_changes":0},"0x8c65a3fffe105949":{"messages":56,"messages_per_sec":0.0471,"leave_count":0,"network_address_changes":0},"0x8c65a3fffe104f42":{"messages":54,"messages_per_sec":0.0454,"leave_count":0,"network_address_changes":0},"0xa4c138bf157dac0e":{"messages":17,"messages_per_sec":0.0143,"leave_count":0,"network_address_changes":0},"0x8c65a3fffefe4c1d":{"messages":61,"messages_per_sec":0.0515,"leave_count":0,"network_address_changes":0},"0xa4c138bb5636f0b8":{"messages":16,"messages_per_sec":0.0136,"leave_count":0,"network_address_changes":0},"0x8c65a3fffe1035b2":{"messages":52,"messages_per_sec":0.0442,"leave_count":0,"network_address_changes":0},"0x8c65a3fffe282786":{"messages":132,"messages_per_sec":0.1122,"leave_count":0,"network_address_changes":0},"0xa4c138a9441298b7":{"messages":18,"messages_per_sec":0.0154,"leave_count":0,"network_address_changes":0},"0xa4c138d18475f3ab":{"messages":19,"messages_per_sec":0.0162,"leave_count":0,"network_address_changes":0},"0xa4c138cc2ec0a611":{"messages":20,"messages_per_sec":0.0171,"leave_count":0,"network_address_changes":0},"0xb0c7defffe634f2f":{"messages":2,"messages_per_sec":0.0017,"leave_count":0,"network_address_changes":0},"0xa4c138d015dca54b":{"messages":17,"messages_per_sec":0.015,"leave_count":0,"network_address_changes":0},"0xa4c138c742b1b280":{"messages":17,"messages_per_sec":0.0152,"leave_count":0,"network_address_changes":0},"0xa4c13854c76b66e0":{"messages":17,"messages_per_sec":0.0154,"leave_count":0,"network_address_changes":0},"0xa4c138ca365a1624":{"messages":18,"messages_per_sec":0.0163,"leave_count":0,"network_address_changes":0},"0xa4c1385900eabff5":{"messages":17,"messages_per_sec":0.0154,"leave_count":0,"network_address_changes":0},"0xa4c13862732d4d37":{"messages":19,"messages_per_sec":0.0175,"leave_count":0,"network_address_changes":0},"0xa4c138fc07adca74":{"messages":15,"messages_per_sec":0.0139,"leave_count":0,"network_address_changes":0},"0xa4c1388b6f4ffaf5":{"messages":17,"messages_per_sec":0.0159,"leave_count":0,"network_address_changes":0},"0x28dba7fffe1b9e55":{"messages":4,"messages_per_sec":0.0038,"leave_count":0,"network_address_changes":0},"0xd44867fffe29fba9":{"messages":5,"messages_per_sec":0.0052,"leave_count":0,"network_address_changes":0},"0x28dba7fffe6c5be2":{"messages":3,"messages_per_sec":0.0038,"leave_count":0,"network_address_changes":0},"0xd44867fffe29c736":{"messages":2,"messages_per_sec":0.0028,"leave_count":0,"network_address_changes":0},"0x08ddebfffeee7e56":{"messages":3,"messages_per_sec":0.0042,"leave_count":0,"network_address_changes":0},"0x0c2a6ffffe2ca35d":{"messages":1,"messages_per_sec":0.0014,"leave_count":0,"network_address_changes":0},"0x001788010e67586e":{"messages":1,"messages_per_sec":0.0017,"leave_count":0,"network_address_changes":0},"0x1cc089fffe843978":{"messages":1,"messages_per_sec":0.0017,"leave_count":0,"network_address_changes":0},"0x881a14fffeebb6ad":{"messages":1,"messages_per_sec":0.0017,"leave_count":0,"network_address_changes":0},"0x881a14fffea7b00f":{"messages":1,"messages_per_sec":0.0017,"leave_count":0,"network_address_changes":0},"0xb43522fffed5eb04":{"messages":2,"messages_per_sec":0.0046,"leave_count":0,"network_address_changes":0},"0x705464fffe816424":{"messages":6,"messages_per_sec":0.0347,"leave_count":0,"network_address_changes":0}}}'
[2025-08-24 20:06:10] info: 	z2m:mqtt: MQTT publish: topic 'zigbee2mqtt/prise pc's gege (IKEA)', payload '{"current":0.92,"energy":310.05,"identify":null,"last_seen":"2025-08-24T18:06:10.711Z","linkquality":168,"power":180.8,"power_on_behavior":"on","state":"ON","update":{"installed_version":33816645,"latest_version":33816645,"state":"idle"},"voltage":230.3}'
[2025-08-24 20:06:11] info: 	z2m:mqtt: MQTT publish: topic 'zigbee2mqtt/Th Cellier', payload '{"battery":100,"comfort_humidity_max":60,"comfort_humidity_min":40,"comfort_temperature_max":27,"comfort_temperature_min":19,"humidity":61.2,"humidity_calibration":0,"last_seen":"2025-08-24T18:06:11.863Z","linkquality":255,"temperature":26.6,"temperature_calibration":0,"temperature_units":"celsius","update":{"installed_version":8960,"latest_version":8960,"state":"idle"}}'
[2025-08-24 20:06:12] info: 	z2m:mqtt: MQTT publish: topic 'zigbee2mqtt/contact fenetre cuisine (IKEA)', payload '{"battery":100,"contact":false,"identify":null,"last_seen":"2025-08-24T18:06:12.296Z","linkquality":148,"update":{"installed_version":16777241,"latest_version":16777241,"state":"idle"},"voltage":1500}'
[2025-08-24 20:06:13] info: 	z2m:mqtt: MQTT publish: topic 'zigbee2mqtt/Clim du Bureau (NOUS)', payload '{"child_lock":"LOCK","countdown":0,"current":0,"energy":332.61,"indicator_mode":"off/on","last_seen":"2025-08-24T18:06:02.629Z","linkquality":172,"power":0,"power_outage_memory":"restore","state":"OFF","update":{"installed_version":192,"latest_version":192,"state":"idle"},"voltage":228}'
[2025-08-24 20:06:13] info: 	z2m:mqtt: MQTT publish: topic 'zigbee2mqtt/Clim du Bureau (NOUS)', payload '{"child_lock":"LOCK","countdown":0,"current":0,"energy":332.61,"indicator_mode":"off/on","last_seen":"2025-08-24T18:06:02.629Z","linkquality":172,"power":0,"power_outage_memory":"restore","state":"OFF","update":{"installed_version":192,"latest_version":192,"state":"idle"},"voltage":228}'
[2025-08-24 20:06:13] info: 	z2m:mqtt: MQTT publish: topic 'zigbee2mqtt/Four et Plaque de Cuisson', payload '{"ac_frequency":49.96,"current":0,"data_report_duration":60,"energy":60,"last_seen":"2025-08-24T18:06:13.944Z","linkquality":216,"power":0,"power_factor":100,"produced_energy":0,"voltage":232}'
[2025-08-24 20:06:13] info: 	z2m:mqtt: MQTT publish: topic 'zigbee2mqtt/Four et Plaque de Cuisson', payload '{"ac_frequency":49.96,"current":0,"data_report_duration":60,"energy":60,"last_seen":"2025-08-24T18:06:13.992Z","linkquality":216,"power":0,"power_factor":100,"produced_energy":0,"voltage":232}'
[2025-08-24 20:06:14] info: 	z2m:mqtt: MQTT publish: topic 'zigbee2mqtt/Four et Plaque de Cuisson', payload '{"ac_frequency":49.96,"current":0,"data_report_duration":60,"energy":60,"last_seen":"2025-08-24T18:06:14.041Z","linkquality":216,"power":0,"power_factor":100,"produced_energy":0,"voltage":232}'
[2025-08-24 20:06:14] info: 	z2m:mqtt: MQTT publish: topic 'zigbee2mqtt/Four et Plaque de Cuisson', payload '{"ac_frequency":49.96,"current":0,"data_report_duration":60,"energy":60,"last_seen":"2025-08-24T18:06:14.091Z","linkquality":216,"power":0,"power_factor":100,"produced_energy":0,"voltage":232}'
[2025-08-24 20:06:14] info: 	z2m:mqtt: MQTT publish: topic 'zigbee2mqtt/Four et Plaque de Cuisson', payload '{"ac_frequency":49.98,"current":0,"data_report_duration":60,"energy":60,"last_seen":"2025-08-24T18:06:14.136Z","linkquality":216,"power":0,"power_factor":100,"produced_energy":0,"voltage":232}'
[2025-08-24 20:06:14] info: 	z2m:mqtt: MQTT publish: topic 'zigbee2mqtt/Four et Plaque de Cuisson', payload '{"ac_frequency":49.98,"current":0,"data_report_duration":60,"energy":60,"last_seen":"2025-08-24T18:06:14.183Z","linkquality":216,"power":0,"power_factor":100,"produced_energy":0,"voltage":232}'
[2025-08-24 20:06:14] info: 	z2m:mqtt: MQTT publish: topic 'zigbee2mqtt/Four et Plaque de Cuisson', payload '{"ac_frequency":49.98,"current":0,"data_report_duration":60,"energy":60,"last_seen":"2025-08-24T18:06:14.230Z","linkquality":216,"power":0,"power_factor":100,"produced_energy":0,"voltage":232}'
[2025-08-24 20:06:14] info: 	z2m:mqtt: MQTT publish: topic 'zigbee2mqtt/Four et Plaque de Cuisson', payload '{"ac_frequency":49.98,"current":0,"data_report_duration":60,"energy":60,"last_seen":"2025-08-24T18:06:14.278Z","linkquality":216,"power":0,"power_factor":100,"produced_energy":0,"voltage":232}'
[2025-08-24 20:06:15] info: 	z2m:mqtt: MQTT publish: topic 'zigbee2mqtt/prise box internet (IKEA)', payload '{"current":0.11,"energy":86.62,"identify":null,"last_seen":"2025-08-24T18:06:15.783Z","linkquality":148,"power":13,"power_on_behavior":"previous","state":"ON","update":{"installed_version":33816645,"latest_version":33816645,"state":"idle"},"voltage":229.7}'
[2025-08-24 20:06:16] info: 	z2m:mqtt: MQTT publish: topic 'zigbee2mqtt/prise bureau pc (IKEA)', payload '{"current":1.13,"energy":615.26,"identify":null,"last_seen":"2025-08-24T18:06:16.640Z","linkquality":255,"power":184.3,"power_on_behavior":"previous","state":"ON","update":{"installed_version":33816645,"latest_version":33816645,"state":"idle"},"voltage":230.4}'
[2025-08-24 20:06:16] info: 	z2m:mqtt: MQTT publish: topic 'zigbee2mqtt/Radiateur élec cuisine ', payload '{"current":0,"energy":98.99,"last_seen":"2025-08-24T18:06:16.900Z","linkquality":192,"power":0,"power_outage_memory":"restore","state":"OFF","switch_type":"state","update":{"installed_version":72,"latest_version":72,"state":"idle"},"voltage":231}'
[2025-08-24 20:06:17] info: 	z2m:mqtt: MQTT publish: topic 'zigbee2mqtt/prise bureau pc (IKEA)', payload '{"current":1.13,"energy":615.26,"identify":null,"last_seen":"2025-08-24T18:06:17.111Z","linkquality":255,"power":209.6,"power_on_behavior":"previous","state":"ON","update":{"installed_version":33816645,"latest_version":33816645,"state":"idle"},"voltage":230.4}'
[2025-08-24 20:06:17] info: 	z2m:mqtt: MQTT publish: topic 'zigbee2mqtt/prise mini pc (IKEA)', payload '{"current":0.07,"energy":5.86,"identify":null,"last_seen":"2025-08-24T18:06:17.142Z","linkquality":252,"power":14.3,"power_on_behavior":"previous","state":"ON","update":{"installed_version":33816645,"latest_version":33816645,"state":"idle"},"voltage":226.3}'
[2025-08-24 20:06:17] info: 	z2m:mqtt: MQTT publish: topic 'zigbee2mqtt/prise mini pc (IKEA)', payload '{"current":0.07,"energy":5.86,"identify":null,"last_seen":"2025-08-24T18:06:17.621Z","linkquality":255,"power":7.2,"power_on_behavior":"previous","state":"ON","update":{"installed_version":33816645,"latest_version":33816645,"state":"idle"},"voltage":226.3}'
[2025-08-24 20:06:17] info: 	z2m:mqtt: MQTT publish: topic 'zigbee2mqtt/qualite air chambre (IKEA)', payload '{"humidity":65,"identify":null,"last_seen":"2025-08-24T18:06:17.968Z","linkquality":200,"pm25":18,"temperature":27,"update":{"installed_version":16777233,"latest_version":16777233,"state":"idle"},"voc_index":368}'
[2025-08-24 20:06:18] info: 	z2m:mqtt: MQTT publish: topic 'zigbee2mqtt/qualite air chambre (IKEA)', payload '{"humidity":65,"identify":null,"last_seen":"2025-08-24T18:06:18.924Z","linkquality":196,"pm25":14,"temperature":27,"update":{"installed_version":16777233,"latest_version":16777233,"state":"idle"},"voc_index":368}'
[2025-08-24 20:06:19] info: 	z2m:mqtt: MQTT publish: topic 'zigbee2mqtt/qualite air chambre (IKEA)', payload '{"humidity":65,"identify":null,"last_seen":"2025-08-24T18:06:19.011Z","linkquality":196,"pm25":14,"temperature":27,"update":{"installed_version":16777233,"latest_version":16777233,"state":"idle"},"voc_index":355}'
[2025-08-24 20:06:19] info: 	z2m:mqtt: MQTT publish: topic 'zigbee2mqtt/lampe bureau 1 (IKEA)', payload '{"brightness":254,"color_mode":"color_temp","color_options":{"execute_if_off":true},"color_temp":250,"color_temp_startup":250,"effect":null,"identify":null,"last_seen":"2025-08-24T18:06:19.580Z","level_config":{"current_level_startup":250,"execute_if_off":true,"on_level":"previous","on_off_transition_time":5},"linkquality":244,"power_on_behavior":"previous","state":"OFF","update":{"installed_version":50331683,"latest_version":50331683,"state":"idle"}}'
[2025-08-24 20:06:20] info: 	z2m:mqtt: MQTT publish: topic 'zigbee2mqtt/prise pc's gege (IKEA)', payload '{"current":0.92,"energy":310.05,"identify":null,"last_seen":"2025-08-24T18:06:20.719Z","linkquality":168,"power":183,"power_on_behavior":"on","state":"ON","update":{"installed_version":33816645,"latest_version":33816645,"state":"idle"},"voltage":230.3}'
[2025-08-24 20:06:26] info: 	z2m:mqtt: MQTT publish: topic 'zigbee2mqtt/prise box internet (IKEA)', payload '{"current":0.11,"energy":86.62,"identify":null,"last_seen":"2025-08-24T18:06:26.267Z","linkquality":148,"power":13,"power_on_behavior":"previous","state":"ON","update":{"installed_version":33816645,"latest_version":33816645,"state":"idle"},"voltage":229.7}'
[2025-08-24 20:06:26] info: 	z2m:mqtt: MQTT publish: topic 'zigbee2mqtt/prise box internet (IKEA)', payload '{"current":0.11,"energy":86.63,"identify":null,"last_seen":"2025-08-24T18:06:26.275Z","linkquality":148,"power":13,"power_on_behavior":"previous","state":"ON","update":{"installed_version":33816645,"latest_version":33816645,"state":"idle"},"voltage":229.7}'
[2025-08-24 20:06:26] info: 	z2m:mqtt: MQTT publish: topic 'zigbee2mqtt/Lampe Salle de Bain (HUE)', payload '{"brightness":254,"effect":null,"last_seen":"2025-08-24T18:06:26.548Z","linkquality":176,"power_on_behavior":null,"state":"OFF","update":{"installed_version":16787202,"latest_version":16787202,"state":"idle"}}'
[2025-08-24 20:06:26] info: 	z2m:mqtt: MQTT publish: topic 'zigbee2mqtt/prise bureau pc (IKEA)', payload '{"current":1.23,"energy":615.26,"identify":null,"last_seen":"2025-08-24T18:06:26.600Z","linkquality":255,"power":209.6,"power_on_behavior":"previous","state":"ON","update":{"installed_version":33816645,"latest_version":33816645,"state":"idle"},"voltage":230.4}'
[2025-08-24 20:06:27] info: 	z2m:mqtt: MQTT publish: topic 'zigbee2mqtt/prise bureau pc (IKEA)', payload '{"current":1.23,"energy":615.26,"identify":null,"last_seen":"2025-08-24T18:06:27.129Z","linkquality":255,"power":225.9,"power_on_behavior":"previous","state":"ON","update":{"installed_version":33816645,"latest_version":33816645,"state":"idle"},"voltage":230.4}'
[2025-08-24 20:06:30] info: 	z2m:mqtt: MQTT publish: topic 'zigbee2mqtt/Th Balcon Nord', payload '{"battery":100,"comfort_humidity_max":55,"comfort_humidity_min":40,"comfort_temperature_max":25,"comfort_temperature_min":21,"humidity":65.9,"humidity_calibration":0,"last_seen":"2025-08-24T18:06:30.385Z","linkquality":216,"temperature":25.5,"temperature_calibration":0,"temperature_units":"celsius","update":{"installed_version":8960,"latest_version":8960,"state":"idle"}}'
[2025-08-24 20:06:30] info: 	z2m:mqtt: MQTT publish: topic 'zigbee2mqtt/Th Balcon Nord', payload '{"battery":100,"comfort_humidity_max":55,"comfort_humidity_min":40,"comfort_temperature_max":25,"comfort_temperature_min":21,"humidity":65.9,"humidity_calibration":0,"last_seen":"2025-08-24T18:06:30.618Z","linkquality":232,"temperature":25.5,"temperature_calibration":0,"temperature_units":"celsius","update":{"installed_version":8960,"latest_version":8960,"state":"idle"}}'
[2025-08-24 20:06:30] info: 	z2m:mqtt: MQTT publish: topic 'zigbee2mqtt/prise pc's gege (IKEA)', payload '{"current":0.92,"energy":310.05,"identify":null,"last_seen":"2025-08-24T18:06:30.778Z","linkquality":168,"power":181.4,"power_on_behavior":"on","state":"ON","update":{"installed_version":33816645,"latest_version":33816645,"state":"idle"},"voltage":230.3}'
[2025-08-24 20:06:36] info: 	z2m:mqtt: MQTT publish: topic 'zigbee2mqtt/Relais Lumière SDB (SONOFF) ', payload '{"delayed_power_on_state":false,"delayed_power_on_time":29.5,"detach_relay_mode":false,"external_trigger_mode":"edge","inching_control_set":{"inching_control":"DISABLE","inching_mode":"OFF","inching_time":1882.5},"last_seen":"2025-08-24T18:06:36.139Z","linkquality":248,"network_indicator":true,"power_on_behavior":"previous","state":"OFF","turbo_mode":true,"update":{"installed_version":4100,"latest_version":4100,"state":"idle"}}'
[2025-08-24 20:06:36] info: 	z2m:mqtt: MQTT publish: topic 'zigbee2mqtt/prise bureau pc (IKEA)', payload '{"current":1.19,"energy":615.26,"identify":null,"last_seen":"2025-08-24T18:06:36.562Z","linkquality":255,"power":225.9,"power_on_behavior":"previous","state":"ON","update":{"installed_version":33816645,"latest_version":33816645,"state":"idle"},"voltage":230.4}'
[2025-08-24 20:06:36] info: 	z2m:mqtt: MQTT publish: topic 'zigbee2mqtt/prise mini pc (IKEA)', payload '{"current":0.13,"energy":5.86,"identify":null,"last_seen":"2025-08-24T18:06:36.780Z","linkquality":255,"power":7.2,"power_on_behavior":"previous","state":"ON","update":{"installed_version":33816645,"latest_version":33816645,"state":"idle"},"voltage":226.3}'
[2025-08-24 20:06:37] info: 	z2m:mqtt: MQTT publish: topic 'zigbee2mqtt/prise bureau pc (IKEA)', payload '{"current":1.19,"energy":615.26,"identify":null,"last_seen":"2025-08-24T18:06:37.121Z","linkquality":255,"power":213.2,"power_on_behavior":"previous","state":"ON","update":{"installed_version":33816645,"latest_version":33816645,"state":"idle"},"voltage":230.4}'
[2025-08-24 20:06:37] info: 	z2m:mqtt: MQTT publish: topic 'zigbee2mqtt/prise mini pc (IKEA)', payload '{"current":0.13,"energy":5.86,"identify":null,"last_seen":"2025-08-24T18:06:37.247Z","linkquality":255,"power":16.6,"power_on_behavior":"previous","state":"ON","update":{"installed_version":33816645,"latest_version":33816645,"state":"idle"},"voltage":226.3}'
[2025-08-24 20:06:38] info: 	z2m:mqtt: MQTT publish: topic 'zigbee2mqtt/qualite air bureau (IKEA)', payload '{"humidity":66,"identify":null,"last_seen":"2025-08-24T18:06:38.475Z","linkquality":224,"pm25":6,"temperature":27,"update":{"installed_version":16777233,"latest_version":16777233,"state":"idle"},"voc_index":287}'
[2025-08-24 20:06:38] info: 	z2m:mqtt: MQTT publish: topic 'zigbee2mqtt/qualite air bureau (IKEA)', payload '{"humidity":66,"identify":null,"last_seen":"2025-08-24T18:06:38.520Z","linkquality":224,"pm25":6,"temperature":27,"update":{"installed_version":16777233,"latest_version":16777233,"state":"idle"},"voc_index":234}'
[2025-08-24 20:06:38] info: 	z2m:mqtt: MQTT publish: topic 'zigbee2mqtt/détecteur de fuite (IKEA)', payload '{"battery":100,"identify":null,"last_seen":"2025-08-24T18:06:38.920Z","linkquality":164,"update":{"installed_version":16777223,"latest_version":16777223,"state":"idle"},"voltage":1500,"water_leak":false}'
[2025-08-24 20:06:40] info: 	z2m:mqtt: MQTT publish: topic 'zigbee2mqtt/prise pc's gege (IKEA)', payload '{"current":0.92,"energy":310.05,"identify":null,"last_seen":"2025-08-24T18:06:40.819Z","linkquality":168,"power":177.9,"power_on_behavior":"on","state":"ON","update":{"installed_version":33816645,"latest_version":33816645,"state":"idle"},"voltage":230.3}'
[2025-08-24 20:06:42] info: 	z2m:mqtt: MQTT publish: topic 'zigbee2mqtt/prise frigo cuisine (NOUS)', payload '{"child_lock":"LOCK","countdown":0,"current":0.28,"energy":106.05,"indicator_mode":"on/off","last_seen":"2025-08-24T18:06:42.117Z","linkquality":84,"power":62,"power_outage_memory":"on","state":"ON","update":{"installed_version":192,"latest_version":192,"state":"idle"},"voltage":228}'
[2025-08-24 20:06:43] info: 	z2m:mqtt: MQTT publish: topic 'zigbee2mqtt/Prise Radiateur Salle de Bain (NOUS)', payload '{"child_lock":"LOCK","countdown":0,"current":0,"energy":0.27,"indicator_mode":"off/on","last_seen":"2025-08-24T18:06:43.627Z","linkquality":252,"power":0,"power_outage_memory":"restore","state":"OFF","update":{"installed_version":192,"latest_version":192,"state":"idle"},"voltage":230}'
[2025-08-24 20:06:43] info: 	z2m:mqtt: MQTT publish: topic 'zigbee2mqtt/prise horloge (IKEA)', payload '{"current":0.004,"energy":1.24,"identify":null,"last_seen":"2025-08-24T18:06:43.633Z","linkquality":255,"power":0.2,"power_on_behavior":"previous","state":"ON","update":{"installed_version":33816645,"latest_version":33816645,"state":"idle"},"voltage":237.1}'
[2025-08-24 20:06:45] info: 	z2m:mqtt: MQTT publish: topic 'zigbee2mqtt/lampe bureau 2 (IKEA)', payload '{"brightness":254,"color_mode":"color_temp","color_options":{"execute_if_off":true},"color_temp":250,"color_temp_startup":250,"effect":null,"identify":null,"last_seen":"2025-08-24T18:06:45.119Z","level_config":{"current_level_startup":250,"execute_if_off":true,"on_level":"previous","on_off_transition_time":5},"linkquality":228,"power_on_behavior":"previous","state":"OFF","update":{"installed_version":50331683,"latest_version":50331683,"state":"idle"}}'
[2025-08-24 20:06:46] info: 	z2m:mqtt: MQTT publish: topic 'zigbee2mqtt/prise bureau pc (IKEA)', payload '{"current":1.07,"energy":615.26,"identify":null,"last_seen":"2025-08-24T18:06:46.569Z","linkquality":255,"power":213.2,"power_on_behavior":"previous","state":"ON","update":{"installed_version":33816645,"latest_version":33816645,"state":"idle"},"voltage":230.4}'
[2025-08-24 20:06:46] info: 	z2m:mqtt: MQTT publish: topic 'zigbee2mqtt/prise mini pc (IKEA)', payload '{"current":0.07,"energy":5.86,"identify":null,"last_seen":"2025-08-24T18:06:46.786Z","linkquality":255,"power":16.6,"power_on_behavior":"previous","state":"ON","update":{"installed_version":33816645,"latest_version":33816645,"state":"idle"},"voltage":226.3}'
[2025-08-24 20:06:47] info: 	z2m:mqtt: MQTT publish: topic 'zigbee2mqtt/prise bureau pc (IKEA)', payload '{"current":1.07,"energy":615.26,"identify":null,"last_seen":"2025-08-24T18:06:47.129Z","linkquality":255,"power":184.5,"power_on_behavior":"previous","state":"ON","update":{"installed_version":33816645,"latest_version":33816645,"state":"idle"},"voltage":230.4}'
[2025-08-24 20:06:47] info: 	z2m:mqtt: MQTT publish: topic 'zigbee2mqtt/prise mini pc (IKEA)', payload '{"current":0.07,"energy":5.86,"identify":null,"last_seen":"2025-08-24T18:06:47.303Z","linkquality":255,"power":7.2,"power_on_behavior":"previous","state":"ON","update":{"installed_version":33816645,"latest_version":33816645,"state":"idle"},"voltage":226.3}'
[2025-08-24 20:06:47] info: 	z2m:mqtt: MQTT publish: topic 'zigbee2mqtt/Clim Salon (NOUS)', payload '{"child_lock":"LOCK","countdown":0,"current":0,"energy":414.52,"indicator_mode":"on","last_seen":"2025-08-24T18:06:47.990Z","linkquality":255,"power":0,"power_outage_memory":"restore","state":"OFF","update":{"installed_version":192,"latest_version":192,"state":"idle"},"voltage":230}'
[2025-08-24 20:06:50] info: 	z2m:mqtt: MQTT publish: topic 'zigbee2mqtt/prise pc's gege (IKEA)', payload '{"current":0.92,"energy":310.05,"identify":null,"last_seen":"2025-08-24T18:06:50.871Z","linkquality":168,"power":180.2,"power_on_behavior":"on","state":"ON","update":{"installed_version":33816645,"latest_version":33816645,"state":"idle"},"voltage":230.3}'
[2025-08-24 20:06:52] info: 	z2m:mqtt: MQTT publish: topic 'zigbee2mqtt/prise congelateur cuisine (NOUS)', payload '{"child_lock":"LOCK","countdown":0,"current":0.21,"energy":186.79,"indicator_mode":"on","last_seen":"2025-08-24T18:06:52.138Z","linkquality":128,"power":30,"power_outage_memory":"on","state":"ON","update":{"installed_version":192,"latest_version":192,"state":"idle"},"voltage":229}'
[2025-08-24 20:06:54] info: 	z2m:mqtt: MQTT publish: topic 'zigbee2mqtt/prise horloge (IKEA)', payload '{"current":0.004,"energy":1.24,"identify":null,"last_seen":"2025-08-24T18:06:54.086Z","linkquality":255,"power":0.2,"power_on_behavior":"previous","state":"ON","update":{"installed_version":33816645,"latest_version":33816645,"state":"idle"},"voltage":236.3}'
[2025-08-24 20:06:54] info: 	z2m:mqtt: MQTT publish: topic 'zigbee2mqtt/prise pc's gege (IKEA)', payload '{"current":1.11,"energy":310.05,"identify":null,"last_seen":"2025-08-24T18:06:54.230Z","linkquality":168,"power":180.2,"power_on_behavior":"on","state":"ON","update":{"installed_version":33816645,"latest_version":33816645,"state":"idle"},"voltage":230.3}'
[2025-08-24 20:06:54] info: 	z2m:mqtt: MQTT publish: topic 'zigbee2mqtt/prise pc's gege (IKEA)', payload '{"current":1.11,"energy":310.05,"identify":null,"last_seen":"2025-08-24T18:06:54.372Z","linkquality":168,"power":180.2,"power_on_behavior":"on","state":"ON","update":{"installed_version":33816645,"latest_version":33816645,"state":"idle"},"voltage":229.7}'
[2025-08-24 20:06:54] info: 	z2m:mqtt: MQTT publish: topic 'zigbee2mqtt/Hue smart éco. PC Bureau', payload '{"last_seen":"2025-08-24T18:06:54.477Z","linkquality":255,"state":"ON","update":{"installed_version":16781314,"latest_version":16781314,"state":"idle"}}'
[2025-08-24 20:06:54] info: 	z2m:mqtt: MQTT publish: topic 'zigbee2mqtt/prise tete de lit chambre', payload '{"current":0,"energy":25.58,"identify":null,"last_seen":"2025-08-24T18:06:54.789Z","linkquality":196,"power":0,"power_on_behavior":"on","state":"OFF","update":{"installed_version":33816645,"latest_version":33816645,"state":"idle"},"voltage":237.1}'
[2025-08-24 20:06:55] info: 	z2m:mqtt: MQTT publish: topic 'zigbee2mqtt/prise bureau pc (IKEA)', payload '{"current":1.07,"energy":615.26,"identify":null,"last_seen":"2025-08-24T18:06:55.022Z","linkquality":255,"power":184.5,"power_on_behavior":"previous","state":"ON","update":{"installed_version":33816645,"latest_version":33816645,"state":"idle"},"voltage":229.9}'
[2025-08-24 20:06:56] info: 	z2m:mqtt: MQTT publish: topic 'zigbee2mqtt/prise bureau pc (IKEA)', payload '{"current":1.09,"energy":615.26,"identify":null,"last_seen":"2025-08-24T18:06:56.508Z","linkquality":255,"power":184.5,"power_on_behavior":"previous","state":"ON","update":{"installed_version":33816645,"latest_version":33816645,"state":"idle"},"voltage":229.9}'
[2025-08-24 20:06:56] info: 	z2m:mqtt: MQTT publish: topic 'zigbee2mqtt/prise four micro ondes (NOUS)', payload '{"child_lock":"UNLOCK","countdown":0,"current":0.03,"energy":57.38,"indicator_mode":"off/on","last_seen":"2025-08-24T18:06:56.915Z","linkquality":255,"power":0,"power_outage_memory":"restore","state":"ON","update":{"installed_version":192,"latest_version":192,"state":"idle"},"voltage":229}'
[2025-08-24 20:06:56] info: 	z2m:mqtt: MQTT publish: topic 'zigbee2mqtt/prise four micro ondes (NOUS)', payload '{"child_lock":"UNLOCK","countdown":0,"current":0.03,"energy":57.38,"indicator_mode":"off/on","last_seen":"2025-08-24T18:06:56.957Z","linkquality":255,"power":0,"power_outage_memory":"restore","state":"ON","update":{"installed_version":192,"latest_version":192,"state":"idle"},"voltage":229}'
[2025-08-24 20:06:57] info: 	z2m:mqtt: MQTT publish: topic 'zigbee2mqtt/prise bureau pc (IKEA)', payload '{"current":1.09,"energy":615.26,"identify":null,"last_seen":"2025-08-24T18:06:57.044Z","linkquality":255,"power":195.4,"power_on_behavior":"previous","state":"ON","update":{"installed_version":33816645,"latest_version":33816645,"state":"idle"},"voltage":229.9}'
[2025-08-24 20:06:57] info: 	z2m:mqtt: MQTT publish: topic 'zigbee2mqtt/prise congelateur cuisine (NOUS)', payload '{"child_lock":"LOCK","countdown":0,"current":0.21,"energy":186.79,"indicator_mode":"on","last_seen":"2025-08-24T18:06:57.118Z","linkquality":128,"power":30,"power_outage_memory":"on","state":"ON","update":{"installed_version":192,"latest_version":192,"state":"idle"},"voltage":229}'
[2025-08-24 20:06:57] info: 	z2m:mqtt: MQTT publish: topic 'zigbee2mqtt/qualite air salon (IKEA)', payload '{"humidity":65,"identify":null,"last_seen":"2025-08-24T18:06:57.719Z","linkquality":168,"pm25":6,"temperature":27,"update":{"installed_version":16777233,"latest_version":16777233,"state":"idle"},"voc_index":237}'
[2025-08-24 20:06:57] info: 	z2m:mqtt: MQTT publish: topic 'zigbee2mqtt/qualite air salon (IKEA)', payload '{"humidity":65,"identify":null,"last_seen":"2025-08-24T18:06:57.736Z","linkquality":168,"pm25":6,"temperature":27,"update":{"installed_version":16777233,"latest_version":16777233,"state":"idle"},"voc_index":195}'
[2025-08-24 20:07:00] info: 	z2m:mqtt: MQTT publish: topic 'zigbee2mqtt/prise pc's gege (IKEA)', payload '{"current":1.11,"energy":310.05,"identify":null,"last_seen":"2025-08-24T18:07:00.832Z","linkquality":168,"power":194.1,"power_on_behavior":"on","state":"ON","update":{"installed_version":33816645,"latest_version":33816645,"state":"idle"},"voltage":229.7}'
[2025-08-24 20:07:04] info: 	z2m:mqtt: MQTT publish: topic 'zigbee2mqtt/prise pc's gege (IKEA)', payload '{"current":0.98,"energy":310.05,"identify":null,"last_seen":"2025-08-24T18:07:04.237Z","linkquality":168,"power":194.1,"power_on_behavior":"on","state":"ON","update":{"installed_version":33816645,"latest_version":33816645,"state":"idle"},"voltage":229.7}'
[2025-08-24 20:07:06] info: 	z2m:mqtt: MQTT publish: topic 'zigbee2mqtt/prise bureau pc (IKEA)', payload '{"current":1.16,"energy":615.26,"identify":null,"last_seen":"2025-08-24T18:07:06.469Z","linkquality":255,"power":195.4,"power_on_behavior":"previous","state":"ON","update":{"installed_version":33816645,"latest_version":33816645,"state":"idle"},"voltage":229.9}'
[2025-08-24 20:07:06] info: 	z2m:mqtt: MQTT publish: topic 'zigbee2mqtt/prise mini pc (IKEA)', payload '{"current":0.07,"energy":5.86,"identify":null,"last_seen":"2025-08-24T18:07:06.884Z","linkquality":255,"power":16.4,"power_on_behavior":"previous","state":"ON","update":{"installed_version":33816645,"latest_version":33816645,"state":"idle"},"voltage":226.3}'
[2025-08-24 20:07:07] info: 	z2m:mqtt: MQTT publish: topic 'zigbee2mqtt/prise bureau pc (IKEA)', payload '{"current":1.16,"energy":615.26,"identify":null,"last_seen":"2025-08-24T18:07:07.033Z","linkquality":255,"power":217.9,"power_on_behavior":"previous","state":"ON","update":{"installed_version":33816645,"latest_version":33816645,"state":"idle"},"voltage":229.9}'
[2025-08-24 20:07:07] info: 	z2m:mqtt: MQTT publish: topic 'zigbee2mqtt/prise frigo cuisine (NOUS)', payload '{"child_lock":"LOCK","countdown":0,"current":0.28,"energy":106.05,"indicator_mode":"on/off","last_seen":"2025-08-24T18:07:07.989Z","linkquality":84,"power":59,"power_outage_memory":"on","state":"ON","update":{"installed_version":192,"latest_version":192,"state":"idle"},"voltage":228}'
[2025-08-24 20:07:08] info: 	z2m:mqtt: MQTT publish: topic 'zigbee2mqtt/prise frigo cuisine (NOUS)', payload '{"child_lock":"LOCK","countdown":0,"current":0.28,"energy":106.05,"indicator_mode":"on/off","last_seen":"2025-08-24T18:07:08.031Z","linkquality":88,"power":59,"power_outage_memory":"on","state":"ON","update":{"installed_version":192,"latest_version":192,"state":"idle"},"voltage":228}'
[2025-08-24 20:07:08] info: 	z2m:mqtt: MQTT publish: topic 'zigbee2mqtt/prise box internet (IKEA)', payload '{"current":0.11,"energy":86.63,"identify":null,"last_seen":"2025-08-24T18:07:08.926Z","linkquality":148,"power":13,"power_on_behavior":"previous","state":"ON","update":{"installed_version":33816645,"latest_version":33816645,"state":"idle"},"voltage":229.2}'
[2025-08-24 20:07:08] info: 	z2m:mqtt: MQTT publish: topic 'zigbee2mqtt/prise tete de lit chambre', payload '{"current":0,"energy":25.58,"identify":null,"last_seen":"2025-08-24T18:07:08.961Z","linkquality":196,"power":0,"power_on_behavior":"on","state":"OFF","update":{"installed_version":33816645,"latest_version":33816645,"state":"idle"},"voltage":237.1}'
[2025-08-24 20:07:08] info: 	z2m:mqtt: MQTT publish: topic 'zigbee2mqtt/prise tete de lit chambre', payload '{"current":0,"energy":25.58,"identify":null,"last_seen":"2025-08-24T18:07:08.968Z","linkquality":196,"power":0,"power_on_behavior":"on","state":"OFF","update":{"installed_version":33816645,"latest_version":33816645,"state":"idle"},"voltage":237.1}'
[2025-08-24 20:07:09] info: 	z2m:mqtt: MQTT publish: topic 'zigbee2mqtt/prise bureau pc (IKEA)', payload '{"current":1.16,"energy":615.26,"identify":null,"last_seen":"2025-08-24T18:07:09.858Z","linkquality":255,"power":217.9,"power_on_behavior":"previous","state":"ON","update":{"installed_version":33816645,"latest_version":33816645,"state":"idle"},"voltage":230.4}'
[2025-08-24 20:07:10] info: 	z2m:mqtt: MQTT publish: topic 'zigbee2mqtt/prise pc's gege (IKEA)', payload '{"current":0.98,"energy":310.05,"identify":null,"last_seen":"2025-08-24T18:07:10.841Z","linkquality":168,"power":198.5,"power_on_behavior":"on","state":"ON","update":{"installed_version":33816645,"latest_version":33816645,"state":"idle"},"voltage":229.7}'
[2025-08-24 20:07:13] info: 	z2m:mqtt: MQTT publish: topic 'zigbee2mqtt/Four et Plaque de Cuisson', payload '{"ac_frequency":49.98,"current":0,"data_report_duration":60,"energy":60,"last_seen":"2025-08-24T18:07:13.809Z","linkquality":216,"power":0,"power_factor":100,"produced_energy":0,"voltage":232}'
[2025-08-24 20:07:13] info: 	z2m:mqtt: MQTT publish: topic 'zigbee2mqtt/Four et Plaque de Cuisson', payload '{"ac_frequency":49.98,"current":0,"data_report_duration":60,"energy":60,"last_seen":"2025-08-24T18:07:13.909Z","linkquality":216,"power":0,"power_factor":100,"produced_energy":0,"voltage":232}'
[2025-08-24 20:07:14] info: 	z2m:mqtt: MQTT publish: topic 'zigbee2mqtt/Four et Plaque de Cuisson', payload '{"ac_frequency":49.98,"current":0,"data_report_duration":60,"energy":60,"last_seen":"2025-08-24T18:07:14.009Z","linkquality":216,"power":0,"power_factor":100,"produced_energy":0,"voltage":232}'
[2025-08-24 20:07:14] info: 	z2m:mqtt: MQTT publish: topic 'zigbee2mqtt/Four et Plaque de Cuisson', payload '{"ac_frequency":49.98,"current":0,"data_report_duration":60,"energy":60,"last_seen":"2025-08-24T18:07:14.118Z","linkquality":216,"power":0,"power_factor":100,"produced_energy":0,"voltage":232}'
[2025-08-24 20:07:14] info: 	z2m:mqtt: MQTT publish: topic 'zigbee2mqtt/Four et Plaque de Cuisson', payload '{"ac_frequency":49.96,"current":0,"data_report_duration":60,"energy":60,"last_seen":"2025-08-24T18:07:14.218Z","linkquality":216,"power":0,"power_factor":100,"produced_energy":0,"voltage":232}'
[2025-08-24 20:07:14] info: 	z2m:mqtt: MQTT publish: topic 'zigbee2mqtt/Four et Plaque de Cuisson', payload '{"ac_frequency":49.96,"current":0,"data_report_duration":60,"energy":60,"last_seen":"2025-08-24T18:07:14.272Z","linkquality":216,"power":0,"power_factor":100,"produced_energy":0,"voltage":231}'
[2025-08-24 20:07:14] info: 	z2m:mqtt: MQTT publish: topic 'zigbee2mqtt/prise pc's gege (IKEA)', payload '{"current":0.93,"energy":310.05,"identify":null,"last_seen":"2025-08-24T18:07:14.289Z","linkquality":168,"power":198.5,"power_on_behavior":"on","state":"ON","update":{"installed_version":33816645,"latest_version":33816645,"state":"idle"},"voltage":229.7}'
[2025-08-24 20:07:14] info: 	z2m:mqtt: MQTT publish: topic 'zigbee2mqtt/Four et Plaque de Cuisson', payload '{"ac_frequency":49.96,"current":0,"data_report_duration":60,"energy":60,"last_seen":"2025-08-24T18:07:14.319Z","linkquality":216,"power":0,"power_factor":100,"produced_energy":0,"voltage":231}'
[2025-08-24 20:07:14] info: 	z2m:mqtt: MQTT publish: topic 'zigbee2mqtt/Four et Plaque de Cuisson', payload '{"ac_frequency":49.96,"current":0,"data_report_duration":60,"energy":60,"last_seen":"2025-08-24T18:07:14.367Z","linkquality":216,"power":0,"power_factor":100,"produced_energy":0,"voltage":231}'
[2025-08-24 20:07:16] info: 	z2m:mqtt: MQTT publish: topic 'zigbee2mqtt/prise bureau pc (IKEA)', payload '{"current":1.08,"energy":615.26,"identify":null,"last_seen":"2025-08-24T18:07:16.476Z","linkquality":255,"power":217.9,"power_on_behavior":"previous","state":"ON","update":{"installed_version":33816645,"latest_version":33816645,"state":"idle"},"voltage":230.4}'
[2025-08-24 20:07:16] info: 	z2m:mqtt: MQTT publish: topic 'zigbee2mqtt/prise mini pc (IKEA)', payload '{"current":0.07,"energy":5.86,"identify":null,"last_seen":"2025-08-24T18:07:16.939Z","linkquality":255,"power":7.2,"power_on_behavior":"previous","state":"ON","update":{"installed_version":33816645,"latest_version":33816645,"state":"idle"},"voltage":226.3}'
[2025-08-24 20:07:16] info: 	z2m:mqtt: MQTT publish: topic 'zigbee2mqtt/prise bureau pc (IKEA)', payload '{"current":1.08,"energy":615.26,"identify":null,"last_seen":"2025-08-24T18:07:16.991Z","linkquality":255,"power":188.4,"power_on_behavior":"previous","state":"ON","update":{"installed_version":33816645,"latest_version":33816645,"state":"idle"},"voltage":230.4}'
[2025-08-24 20:07:17] info: 	z2m:mqtt: MQTT publish: topic 'zigbee2mqtt/prise four micro ondes (NOUS)', payload '{"child_lock":"UNLOCK","countdown":0,"current":0.03,"energy":57.38,"indicator_mode":"off/on","last_seen":"2025-08-24T18:06:56.957Z","linkquality":255,"power":0,"power_outage_memory":"restore","state":"ON","update":{"installed_version":192,"latest_version":192,"state":"idle"},"voltage":229}'
[2025-08-24 20:07:19] info: 	z2m:mqtt: MQTT publish: topic 'zigbee2mqtt/prise airfryer ninja (NOUS)', payload '{"child_lock":"UNLOCK","countdown":0,"current":0,"energy":72.19,"indicator_mode":"on","last_seen":"2025-08-24T18:07:19.087Z","linkquality":232,"power":0,"power_outage_memory":"restore","state":"ON","update":{"installed_version":192,"latest_version":192,"state":"idle"},"voltage":230}'
[2025-08-24 20:07:19] info: 	z2m:mqtt: MQTT publish: topic 'zigbee2mqtt/prise bureau pc (IKEA)', payload '{"current":1.08,"energy":615.26,"identify":null,"last_seen":"2025-08-24T18:07:19.826Z","linkquality":255,"power":188.4,"power_on_behavior":"previous","state":"ON","update":{"installed_version":33816645,"latest_version":33816645,"state":"idle"},"voltage":229.6}'
[2025-08-24 20:07:20] info: 	z2m:mqtt: MQTT publish: topic 'zigbee2mqtt/prise pc's gege (IKEA)', payload '{"current":0.93,"energy":310.05,"identify":null,"last_seen":"2025-08-24T18:07:20.855Z","linkquality":168,"power":182.3,"power_on_behavior":"on","state":"ON","update":{"installed_version":33816645,"latest_version":33816645,"state":"idle"},"voltage":229.7}'
[2025-08-24 20:07:22] info: 	z2m:mqtt: MQTT publish: topic 'zigbee2mqtt/prise horloge (IKEA)', payload '{"current":0.004,"energy":1.24,"identify":null,"last_seen":"2025-08-24T18:07:22.287Z","linkquality":255,"power":0.2,"power_on_behavior":"previous","state":"ON","update":{"installed_version":33816645,"latest_version":33816645,"state":"idle"},"voltage":235.7}'
[2025-08-24 20:07:22] info: 	z2m:mqtt: MQTT publish: topic 'zigbee2mqtt/prise box internet (IKEA)', payload '{"current":0.11,"energy":86.63,"identify":null,"last_seen":"2025-08-24T18:07:22.292Z","linkquality":148,"power":13,"power_on_behavior":"previous","state":"ON","update":{"installed_version":33816645,"latest_version":33816645,"state":"idle"},"voltage":228.7}'
[2025-08-24 20:07:23] info: 	z2m:mqtt: MQTT publish: topic 'zigbee2mqtt/Prise Bureau Fer à Repasser (NOUS)', payload '{"child_lock":"UNLOCK","countdown":0,"current":0,"energy":1.99,"indicator_mode":"off/on","last_seen":"2025-08-24T18:07:23.647Z","linkquality":156,"power":0,"power_outage_memory":"on","state":"ON","update":{"installed_version":192,"latest_version":192,"state":"idle"},"voltage":230}'
[2025-08-24 20:07:24] info: 	z2m:mqtt: MQTT publish: topic 'zigbee2mqtt/prise tv chambre (NOUS)', payload '{"child_lock":"LOCK","countdown":0,"current":0,"energy":164.71,"indicator_mode":"off","last_seen":"2025-08-24T18:07:24.300Z","linkquality":248,"power":0,"power_outage_memory":"on","state":"ON","update":{"installed_version":192,"latest_version":192,"state":"idle"},"voltage":228}'
[2025-08-24 20:07:25] info: 	z2m:mqtt: MQTT publish: topic 'zigbee2mqtt/prise pc's gege (IKEA)', payload '{"current":0.93,"energy":310.05,"identify":null,"last_seen":"2025-08-24T18:07:25.619Z","linkquality":168,"power":182.3,"power_on_behavior":"on","state":"ON","update":{"installed_version":33816645,"latest_version":33816645,"state":"idle"},"voltage":229.2}'
[2025-08-24 20:07:25] info: 	z2m:mqtt: MQTT publish: topic 'zigbee2mqtt/prise tete de lit chambre', payload '{"current":0,"energy":25.58,"identify":null,"last_seen":"2025-08-24T18:07:25.885Z","linkquality":196,"power":0,"power_on_behavior":"on","state":"OFF","update":{"installed_version":33816645,"latest_version":33816645,"state":"idle"},"voltage":236.6}'
[2025-08-24 20:07:26] info: 	z2m:mqtt: MQTT publish: topic 'zigbee2mqtt/prise bureau pc (IKEA)', payload '{"current":1.11,"energy":615.26,"identify":null,"last_seen":"2025-08-24T18:07:26.500Z","linkquality":255,"power":188.4,"power_on_behavior":"previous","state":"ON","update":{"installed_version":33816645,"latest_version":33816645,"state":"idle"},"voltage":229.6}'
[2025-08-24 20:07:26] info: 	z2m:mqtt: MQTT publish: topic 'zigbee2mqtt/prise bureau pc (IKEA)', payload '{"current":1.11,"energy":615.26,"identify":null,"last_seen":"2025-08-24T18:07:26.952Z","linkquality":255,"power":218.9,"power_on_behavior":"previous","state":"ON","update":{"installed_version":33816645,"latest_version":33816645,"state":"idle"},"voltage":229.6}'
[2025-08-24 20:07:30] info: 	z2m:mqtt: MQTT publish: topic 'zigbee2mqtt/Th Salon', payload '{"battery":40,"comfort_humidity_max":55,"comfort_humidity_min":40,"comfort_temperature_max":25,"comfort_temperature_min":21,"humidity":59.6,"humidity_calibration":0,"last_seen":"2025-08-24T18:07:30.395Z","linkquality":168,"temperature":26.5,"temperature_calibration":0,"temperature_units":"celsius","update":{"installed_version":8960,"latest_version":8960,"state":"idle"}}'
[2025-08-24 20:07:30] info: 	z2m:mqtt: MQTT publish: topic 'zigbee2mqtt/prise pc's gege (IKEA)', payload '{"current":0.93,"energy":310.05,"identify":null,"last_seen":"2025-08-24T18:07:30.856Z","linkquality":168,"power":181,"power_on_behavior":"on","state":"ON","update":{"installed_version":33816645,"latest_version":33816645,"state":"idle"},"voltage":229.2}'
[2025-08-24 20:07:31] info: 	z2m:mqtt: MQTT publish: topic 'zigbee2mqtt/prise bureau pc (IKEA)', payload '{"current":1.11,"energy":615.46,"identify":null,"last_seen":"2025-08-24T18:07:31.512Z","linkquality":255,"power":218.9,"power_on_behavior":"previous","state":"ON","update":{"installed_version":33816645,"latest_version":33816645,"state":"idle"},"voltage":229.6}'
[2025-08-24 20:07:32] info: 	z2m:mqtt: MQTT publish: topic 'zigbee2mqtt/prise box internet (IKEA)', payload '{"current":0.11,"energy":86.63,"identify":null,"last_seen":"2025-08-24T18:07:32.190Z","linkquality":148,"power":13,"power_on_behavior":"previous","state":"ON","update":{"installed_version":33816645,"latest_version":33816645,"state":"idle"},"voltage":229.3}'
[2025-08-24 20:07:32] info: 	z2m:mqtt: MQTT publish: topic 'zigbee2mqtt/prise horloge (IKEA)', payload '{"current":0.004,"energy":1.24,"identify":null,"last_seen":"2025-08-24T18:07:32.196Z","linkquality":255,"power":0.2,"power_on_behavior":"previous","state":"ON","update":{"installed_version":33816645,"latest_version":33816645,"state":"idle"},"voltage":236.3}'
[2025-08-24 20:07:35] info: 	z2m:mqtt: MQTT publish: topic 'zigbee2mqtt/prise pc's gege (IKEA)', payload '{"current":0.93,"energy":310.05,"identify":null,"last_seen":"2025-08-24T18:07:35.626Z","linkquality":168,"power":181,"power_on_behavior":"on","state":"ON","update":{"installed_version":33816645,"latest_version":33816645,"state":"idle"},"voltage":229.3}'
[2025-08-24 20:07:35] info: 	z2m:mqtt: MQTT publish: topic 'zigbee2mqtt/prise tete de lit chambre', payload '{"current":0,"energy":25.58,"identify":null,"last_seen":"2025-08-24T18:07:35.792Z","linkquality":200,"power":0,"power_on_behavior":"on","state":"OFF","update":{"installed_version":33816645,"latest_version":33816645,"state":"idle"},"voltage":236.6}'
[2025-08-24 20:07:36] info: 	z2m:mqtt: MQTT publish: topic 'zigbee2mqtt/prise bureau pc (IKEA)', payload '{"current":1.08,"energy":615.46,"identify":null,"last_seen":"2025-08-24T18:07:36.398Z","linkquality":255,"power":218.9,"power_on_behavior":"previous","state":"ON","update":{"installed_version":33816645,"latest_version":33816645,"state":"idle"},"voltage":229.6}'
[2025-08-24 20:07:36] info: 	z2m:mqtt: MQTT publish: topic 'zigbee2mqtt/prise bureau pc (IKEA)', payload '{"current":1.08,"energy":615.46,"identify":null,"last_seen":"2025-08-24T18:07:36.914Z","linkquality":255,"power":197.7,"power_on_behavior":"previous","state":"ON","update":{"installed_version":33816645,"latest_version":33816645,"state":"idle"},"voltage":229.6}'
[2025-08-24 20:07:38] info: 	z2m:mqtt: MQTT publish: topic 'zigbee2mqtt/Clim Salon (NOUS)', payload '{"child_lock":"LOCK","countdown":0,"current":0,"energy":414.52,"indicator_mode":"on","last_seen":"2025-08-24T18:07:38.112Z","linkquality":144,"power":0,"power_outage_memory":"restore","state":"OFF","update":{"installed_version":192,"latest_version":192,"state":"idle"},"voltage":230}'
[2025-08-24 20:07:40] info: 	z2m:mqtt: MQTT publish: topic 'zigbee2mqtt/prise pc's gege (IKEA)', payload '{"current":0.93,"energy":310.05,"identify":null,"last_seen":"2025-08-24T18:07:40.863Z","linkquality":168,"power":182.1,"power_on_behavior":"on","state":"ON","update":{"installed_version":33816645,"latest_version":33816645,"state":"idle"},"voltage":229.3}'
[2025-08-24 20:07:42] info: 	z2m:mqtt: MQTT publish: topic 'zigbee2mqtt/prise box internet (IKEA)', payload '{"current":0.11,"energy":86.63,"identify":null,"last_seen":"2025-08-24T18:07:42.164Z","linkquality":144,"power":13,"power_on_behavior":"previous","state":"ON","update":{"installed_version":33816645,"latest_version":33816645,"state":"idle"},"voltage":228.9}'
[2025-08-24 20:07:42] info: 	z2m:mqtt: MQTT publish: topic 'zigbee2mqtt/prise horloge (IKEA)', payload '{"current":0.004,"energy":1.24,"identify":null,"last_seen":"2025-08-24T18:07:42.175Z","linkquality":255,"power":0.2,"power_on_behavior":"previous","state":"ON","update":{"installed_version":33816645,"latest_version":33816645,"state":"idle"},"voltage":235.9}'
[2025-08-24 20:07:42] info: 	z2m:mqtt: MQTT publish: topic 'zigbee2mqtt/prise lave vaisselle (NOUS)', payload '{"child_lock":"LOCK","countdown":0,"current":0,"energy":115.82,"indicator_mode":"on","last_seen":"2025-08-24T18:07:42.350Z","linkquality":164,"power":0,"power_outage_memory":"on","state":"ON","update":{"installed_version":192,"latest_version":192,"state":"idle"},"voltage":230}'
[2025-08-24 20:07:46] info: 	z2m:mqtt: MQTT publish: topic 'zigbee2mqtt/prise bureau pc (IKEA)', payload '{"current":1.02,"energy":615.46,"identify":null,"last_seen":"2025-08-24T18:07:46.361Z","linkquality":255,"power":197.7,"power_on_behavior":"previous","state":"ON","update":{"installed_version":33816645,"latest_version":33816645,"state":"idle"},"voltage":229.6}'
[2025-08-24 20:07:46] info: 	z2m:mqtt: MQTT publish: topic 'zigbee2mqtt/prise four micro ondes (NOUS)', payload '{"child_lock":"UNLOCK","countdown":0,"current":0.03,"energy":57.38,"indicator_mode":"off/on","last_seen":"2025-08-24T18:07:46.459Z","linkquality":255,"power":0,"power_outage_memory":"restore","state":"ON","update":{"installed_version":192,"latest_version":192,"state":"idle"},"voltage":229}'
[2025-08-24 20:07:46] info: 	z2m:mqtt: MQTT publish: topic 'zigbee2mqtt/prise bureau pc (IKEA)', payload '{"current":1.02,"energy":615.46,"identify":null,"last_seen":"2025-08-24T18:07:46.903Z","linkquality":255,"power":182.9,"power_on_behavior":"previous","state":"ON","update":{"installed_version":33816645,"latest_version":33816645,"state":"idle"},"voltage":229.6}'
[2025-08-24 20:07:49] info: 	z2m:mqtt: MQTT publish: topic 'zigbee2mqtt/prise tete de lit chambre', payload '{"current":0,"energy":25.58,"identify":null,"last_seen":"2025-08-24T18:07:49.476Z","linkquality":196,"power":0,"power_on_behavior":"on","state":"OFF","update":{"installed_version":33816645,"latest_version":33816645,"state":"idle"},"voltage":237.1}'
[2025-08-24 20:07:49] info: 	z2m:mqtt: MQTT publish: topic 'zigbee2mqtt/Radiateur élec cuisine ', payload '{"current":0,"energy":98.99,"last_seen":"2025-08-24T18:07:49.594Z","linkquality":192,"power":0,"power_outage_memory":"restore","state":"OFF","switch_type":"state","update":{"installed_version":72,"latest_version":72,"state":"idle"},"voltage":230}'
[2025-08-24 20:07:49] info: 	z2m:mqtt: MQTT publish: topic 'zigbee2mqtt/Radiateur élec cuisine ', payload '{"current":0,"energy":98.99,"last_seen":"2025-08-24T18:07:49.635Z","linkquality":192,"power":0,"power_outage_memory":"restore","state":"OFF","switch_type":"state","update":{"installed_version":72,"latest_version":72,"state":"idle"},"voltage":230}'
[2025-08-24 20:07:50] info: 	z2m:mqtt: MQTT publish: topic 'zigbee2mqtt/prise lave linge (NOUS)', payload '{"child_lock":"LOCK","countdown":0,"current":0,"energy":100.64,"indicator_mode":"on","last_seen":"2025-08-24T18:07:50.350Z","linkquality":192,"power":0,"power_outage_memory":"on","state":"ON","update":{"installed_version":192,"latest_version":192,"state":"idle"},"voltage":230}'
[2025-08-24 20:07:50] info: 	z2m:mqtt: MQTT publish: topic 'zigbee2mqtt/prise congelateur cuisine (NOUS)', payload '{"child_lock":"LOCK","countdown":0,"current":0.21,"energy":186.79,"indicator_mode":"on","last_seen":"2025-08-24T18:07:50.790Z","linkquality":124,"power":30,"power_outage_memory":"on","state":"ON","update":{"installed_version":192,"latest_version":192,"state":"idle"},"voltage":229}'
[2025-08-24 20:07:50] info: 	z2m:mqtt: MQTT publish: topic 'zigbee2mqtt/prise pc's gege (IKEA)', payload '{"current":0.93,"energy":310.05,"identify":null,"last_seen":"2025-08-24T18:07:50.864Z","linkquality":168,"power":182.1,"power_on_behavior":"on","state":"ON","update":{"installed_version":33816645,"latest_version":33816645,"state":"idle"},"voltage":230.3}'
[2025-08-24 20:07:50] info: 	z2m:mqtt: MQTT publish: topic 'zigbee2mqtt/prise pc's gege (IKEA)', payload '{"current":0.93,"energy":310.05,"identify":null,"last_seen":"2025-08-24T18:07:50.870Z","linkquality":168,"power":184.7,"power_on_behavior":"on","state":"ON","update":{"installed_version":33816645,"latest_version":33816645,"state":"idle"},"voltage":230.3}'
[2025-08-24 20:07:51] info: 	z2m:mqtt: MQTT publish: topic 'zigbee2mqtt/prise bureau pc (IKEA)', payload '{"current":1.02,"energy":615.46,"identify":null,"last_seen":"2025-08-24T18:07:51.352Z","linkquality":255,"power":182.9,"power_on_behavior":"previous","state":"ON","update":{"installed_version":33816645,"latest_version":33816645,"state":"idle"},"voltage":230.6}'
[2025-08-24 20:07:52] info: 	z2m:mqtt: MQTT publish: topic 'zigbee2mqtt/prise horloge (IKEA)', payload '{"current":0.004,"energy":1.24,"identify":null,"last_seen":"2025-08-24T18:07:52.201Z","linkquality":255,"power":0.2,"power_on_behavior":"previous","state":"ON","update":{"installed_version":33816645,"latest_version":33816645,"state":"idle"},"voltage":236.8}'
[2025-08-24 20:07:52] info: 	z2m:mqtt: MQTT publish: topic 'zigbee2mqtt/prise box internet (IKEA)', payload '{"current":0.11,"energy":86.63,"identify":null,"last_seen":"2025-08-24T18:07:52.214Z","linkquality":144,"power":13,"power_on_behavior":"previous","state":"ON","update":{"installed_version":33816645,"latest_version":33816645,"state":"idle"},"voltage":229.8}'
[2025-08-24 20:07:54] info: 	z2m:mqtt: MQTT publish: topic 'zigbee2mqtt/Clim du Bureau (NOUS)', payload '{"child_lock":"LOCK","countdown":0,"current":0,"energy":332.61,"indicator_mode":"off/on","last_seen":"2025-08-24T18:07:54.869Z","linkquality":172,"power":0,"power_outage_memory":"restore","state":"OFF","update":{"installed_version":192,"latest_version":192,"state":"idle"},"voltage":228}'
[2025-08-24 20:07:56] info: 	z2m:mqtt: MQTT publish: topic 'zigbee2mqtt/prise bureau pc (IKEA)', payload '{"current":1.05,"energy":615.46,"identify":null,"last_seen":"2025-08-24T18:07:56.323Z","linkquality":255,"power":182.9,"power_on_behavior":"previous","state":"ON","update":{"installed_version":33816645,"latest_version":33816645,"state":"idle"},"voltage":230.6}'
[2025-08-24 20:07:56] info: 	z2m:mqtt: MQTT publish: topic 'zigbee2mqtt/prise frigo cuisine (NOUS)', payload '{"child_lock":"LOCK","countdown":0,"current":0.28,"energy":106.05,"indicator_mode":"on/off","last_seen":"2025-08-24T18:07:56.395Z","linkquality":80,"power":59,"power_outage_memory":"on","state":"ON","update":{"installed_version":192,"latest_version":192,"state":"idle"},"voltage":228}'
[2025-08-24 20:07:56] info: 	z2m:mqtt: MQTT publish: topic 'zigbee2mqtt/prise bureau pc (IKEA)', payload '{"current":1.05,"energy":615.46,"identify":null,"last_seen":"2025-08-24T18:07:56.868Z","linkquality":255,"power":192.6,"power_on_behavior":"previous","state":"ON","update":{"installed_version":33816645,"latest_version":33816645,"state":"idle"},"voltage":230.6}'
[2025-08-24 20:07:59] info: 	z2m:mqtt: MQTT publish: topic 'zigbee2mqtt/prise tete de lit chambre', payload '{"current":0,"energy":25.58,"identify":null,"last_seen":"2025-08-24T18:07:59.451Z","linkquality":196,"power":0,"power_on_behavior":"on","state":"OFF","update":{"installed_version":33816645,"latest_version":33816645,"state":"idle"},"voltage":237.8}'
[2025-08-24 20:08:00] info: 	z2m:mqtt: MQTT publish: topic 'zigbee2mqtt/prise pc's gege (IKEA)', payload '{"current":0.93,"energy":310.05,"identify":null,"last_seen":"2025-08-24T18:08:00.880Z","linkquality":168,"power":188.6,"power_on_behavior":"on","state":"ON","update":{"installed_version":33816645,"latest_version":33816645,"state":"idle"},"voltage":230.3}'
[2025-08-24 20:08:02] info: 	z2m:mqtt: MQTT publish: topic 'zigbee2mqtt/prise pc's gege (IKEA)', payload '{"current":1.12,"energy":310.05,"identify":null,"last_seen":"2025-08-24T18:08:02.743Z","linkquality":168,"power":188.6,"power_on_behavior":"on","state":"ON","update":{"installed_version":33816645,"latest_version":33816645,"state":"idle"},"voltage":230.3}'
[2025-08-24 20:08:06] info: 	z2m:mqtt: MQTT publish: topic 'zigbee2mqtt/prise bureau pc (IKEA)', payload '{"current":1.05,"energy":615.46,"identify":null,"last_seen":"2025-08-24T18:08:06.869Z","linkquality":255,"power":192.8,"power_on_behavior":"previous","state":"ON","update":{"installed_version":33816645,"latest_version":33816645,"state":"idle"},"voltage":230.6}'
[2025-08-24 20:08:07] info: 	z2m:mqtt: MQTT publish: topic 'zigbee2mqtt/prise mini pc (IKEA)', payload '{"current":0.13,"energy":5.86,"identify":null,"last_seen":"2025-08-24T18:08:07.092Z","linkquality":255,"power":7.2,"power_on_behavior":"previous","state":"ON","update":{"installed_version":33816645,"latest_version":33816645,"state":"idle"},"voltage":226.3}'
[2025-08-24 20:08:07] info: 	z2m:mqtt: MQTT publish: topic 'zigbee2mqtt/prise lave vaisselle (NOUS)', payload '{"child_lock":"LOCK","countdown":0,"current":0,"energy":115.82,"indicator_mode":"on","last_seen":"2025-08-24T18:08:07.455Z","linkquality":160,"power":0,"power_outage_memory":"on","state":"ON","update":{"installed_version":192,"latest_version":192,"state":"idle"},"voltage":230}'
[2025-08-24 20:08:07] info: 	z2m:mqtt: MQTT publish: topic 'zigbee2mqtt/prise mini pc (IKEA)', payload '{"current":0.13,"energy":5.86,"identify":null,"last_seen":"2025-08-24T18:08:07.496Z","linkquality":255,"power":16.3,"power_on_behavior":"previous","state":"ON","update":{"installed_version":33816645,"latest_version":33816645,"state":"idle"},"voltage":226.3}'
[2025-08-24 20:08:07] info: 	z2m:mqtt: MQTT publish: topic 'zigbee2mqtt/prise lave vaisselle (NOUS)', payload '{"child_lock":"LOCK","countdown":0,"current":0,"energy":115.82,"indicator_mode":"on","last_seen":"2025-08-24T18:08:07.502Z","linkquality":156,"power":0,"power_outage_memory":"on","state":"ON","update":{"installed_version":192,"latest_version":192,"state":"idle"},"voltage":230}'
[2025-08-24 20:08:07] info: 	z2m:mqtt: MQTT publish: topic 'zigbee2mqtt/prise bureau pc (IKEA)', payload '{"current":1.11,"energy":615.46,"identify":null,"last_seen":"2025-08-24T18:08:07.508Z","linkquality":255,"power":192.8,"power_on_behavior":"previous","state":"ON","update":{"installed_version":33816645,"latest_version":33816645,"state":"idle"},"voltage":230.6}'
[2025-08-24 20:08:10] info: 	z2m:mqtt: MQTT publish: topic 'zigbee2mqtt/prise pc's gege (IKEA)', payload '{"current":1.12,"energy":310.05,"identify":null,"last_seen":"2025-08-24T18:08:10.930Z","linkquality":168,"power":197.8,"power_on_behavior":"on","state":"ON","update":{"installed_version":33816645,"latest_version":33816645,"state":"idle"},"voltage":230.3}'
[2025-08-24 20:08:12] info: 	z2m:mqtt: MQTT publish: topic 'zigbee2mqtt/prise pc's gege (IKEA)', payload '{"current":0.96,"energy":310.05,"identify":null,"last_seen":"2025-08-24T18:08:12.675Z","linkquality":168,"power":197.8,"power_on_behavior":"on","state":"ON","update":{"installed_version":33816645,"latest_version":33816645,"state":"idle"},"voltage":230.3}'
[2025-08-24 20:08:13] info: 	z2m:mqtt: MQTT publish: topic 'zigbee2mqtt/prise tv chambre (NOUS)', payload '{"child_lock":"LOCK","countdown":0,"current":0,"energy":164.71,"indicator_mode":"off","last_seen":"2025-08-24T18:08:13.135Z","linkquality":248,"power":0,"power_outage_memory":"on","state":"ON","update":{"installed_version":192,"latest_version":192,"state":"idle"},"voltage":228}'
[2025-08-24 20:08:13] info: 	z2m:mqtt: MQTT publish: topic 'zigbee2mqtt/prise tv chambre (NOUS)', payload '{"child_lock":"LOCK","countdown":0,"current":0,"energy":164.71,"indicator_mode":"off","last_seen":"2025-08-24T18:08:13.199Z","linkquality":248,"power":0,"power_outage_memory":"on","state":"ON","update":{"installed_version":192,"latest_version":192,"state":"idle"},"voltage":228}'
[2025-08-24 20:08:13] info: 	z2m:mqtt: MQTT publish: topic 'zigbee2mqtt/Four et Plaque de Cuisson', payload '{"ac_frequency":49.96,"current":0,"data_report_duration":60,"energy":60,"last_seen":"2025-08-24T18:08:13.699Z","linkquality":216,"power":0,"power_factor":100,"produced_energy":0,"voltage":231}'
[2025-08-24 20:08:13] info: 	z2m:mqtt: MQTT publish: topic 'zigbee2mqtt/Four et Plaque de Cuisson', payload '{"ac_frequency":49.96,"current":0,"data_report_duration":60,"energy":60,"last_seen":"2025-08-24T18:08:13.748Z","linkquality":216,"power":0,"power_factor":100,"produced_energy":0,"voltage":231}'
[2025-08-24 20:08:13] info: 	z2m:mqtt: MQTT publish: topic 'zigbee2mqtt/Four et Plaque de Cuisson', payload '{"ac_frequency":49.96,"current":0,"data_report_duration":60,"energy":60,"last_seen":"2025-08-24T18:08:13.798Z","linkquality":216,"power":0,"power_factor":100,"produced_energy":0,"voltage":231}'
[2025-08-24 20:08:13] info: 	z2m:mqtt: MQTT publish: topic 'zigbee2mqtt/Four et Plaque de Cuisson', payload '{"ac_frequency":49.96,"current":0,"data_report_duration":60,"energy":60,"last_seen":"2025-08-24T18:08:13.846Z","linkquality":216,"power":0,"power_factor":100,"produced_energy":0,"voltage":231}'
[2025-08-24 20:08:13] info: 	z2m:mqtt: MQTT publish: topic 'zigbee2mqtt/Four et Plaque de Cuisson', payload '{"ac_frequency":49.94,"current":0,"data_report_duration":60,"energy":60,"last_seen":"2025-08-24T18:08:13.893Z","linkquality":216,"power":0,"power_factor":100,"produced_energy":0,"voltage":231}'
[2025-08-24 20:08:13] info: 	z2m:mqtt: MQTT publish: topic 'zigbee2mqtt/Four et Plaque de Cuisson', payload '{"ac_frequency":49.94,"current":0,"data_report_duration":60,"energy":60,"last_seen":"2025-08-24T18:08:13.937Z","linkquality":216,"power":0,"power_factor":100,"produced_energy":0,"voltage":232}'
[2025-08-24 20:08:13] info: 	z2m:mqtt: MQTT publish: topic 'zigbee2mqtt/Four et Plaque de Cuisson', payload '{"ac_frequency":49.94,"current":0,"data_report_duration":60,"energy":60,"last_seen":"2025-08-24T18:08:13.987Z","linkquality":216,"power":0,"power_factor":100,"produced_energy":0,"voltage":232}'
[2025-08-24 20:08:14] info: 	z2m:mqtt: MQTT publish: topic 'zigbee2mqtt/Four et Plaque de Cuisson', payload '{"ac_frequency":49.94,"current":0,"data_report_duration":60,"energy":60,"last_seen":"2025-08-24T18:08:14.036Z","linkquality":216,"power":0,"power_factor":100,"produced_energy":0,"voltage":232}'
[2025-08-24 20:08:16] info: 	z2m:mqtt: MQTT publish: topic 'zigbee2mqtt/prise bureau pc (IKEA)', payload '{"current":1.11,"energy":615.46,"identify":null,"last_seen":"2025-08-24T18:08:16.866Z","linkquality":255,"power":185.7,"power_on_behavior":"previous","state":"ON","update":{"installed_version":33816645,"latest_version":33816645,"state":"idle"},"voltage":230.6}'
[2025-08-24 20:08:16] info: 	z2m:mqtt: MQTT publish: topic 'zigbee2mqtt/prise mini pc (IKEA)', payload '{"current":0.07,"energy":5.86,"identify":null,"last_seen":"2025-08-24T18:08:16.987Z","linkquality":255,"power":16.3,"power_on_behavior":"previous","state":"ON","update":{"installed_version":33816645,"latest_version":33816645,"state":"idle"},"voltage":226.3}'
[2025-08-24 20:08:17] info: 	z2m:mqtt: MQTT publish: topic 'zigbee2mqtt/prise mini pc (IKEA)', payload '{"current":0.07,"energy":5.86,"identify":null,"last_seen":"2025-08-24T18:08:17.462Z","linkquality":255,"power":7.2,"power_on_behavior":"previous","state":"ON","update":{"installed_version":33816645,"latest_version":33816645,"state":"idle"},"voltage":226.3}'
[2025-08-24 20:08:17] info: 	z2m:mqtt: MQTT publish: topic 'zigbee2mqtt/prise bureau pc (IKEA)', payload '{"current":1.02,"energy":615.46,"identify":null,"last_seen":"2025-08-24T18:08:17.469Z","linkquality":255,"power":185.7,"power_on_behavior":"previous","state":"ON","update":{"installed_version":33816645,"latest_version":33816645,"state":"idle"},"voltage":230.6}'
[2025-08-24 20:08:17] info: 	z2m:mqtt: MQTT publish: topic 'zigbee2mqtt/prise pc's gege (IKEA)', payload '{"current":0.96,"energy":310.05,"identify":null,"last_seen":"2025-08-24T18:08:17.678Z","linkquality":168,"power":197.8,"power_on_behavior":"on","state":"ON","update":{"installed_version":33816645,"latest_version":33816645,"state":"idle"},"voltage":230.8}'
[2025-08-24 20:08:17] info: 	z2m:mqtt: MQTT publish: topic 'zigbee2mqtt/prise tete de lit chambre', payload '{"current":0,"energy":25.58,"identify":null,"last_seen":"2025-08-24T18:08:17.693Z","linkquality":196,"power":0,"power_on_behavior":"on","state":"OFF","update":{"installed_version":33816645,"latest_version":33816645,"state":"idle"},"voltage":238.3}'
[2025-08-24 20:08:18] info: 	z2m:mqtt: MQTT publish: topic 'zigbee2mqtt/qualite air chambre (IKEA)', payload '{"humidity":65,"identify":null,"last_seen":"2025-08-24T18:08:18.582Z","linkquality":200,"pm25":9,"temperature":27,"update":{"installed_version":16777233,"latest_version":16777233,"state":"idle"},"voc_index":355}'
[2025-08-24 20:08:18] info: 	z2m:mqtt: MQTT publish: topic 'zigbee2mqtt/qualite air chambre (IKEA)', payload '{"humidity":65,"identify":null,"last_seen":"2025-08-24T18:08:18.624Z","linkquality":196,"pm25":9,"temperature":27,"update":{"installed_version":16777233,"latest_version":16777233,"state":"idle"},"voc_index":348}'
[2025-08-24 20:08:20] info: 	z2m:mqtt: MQTT publish: topic 'zigbee2mqtt/prise horloge (IKEA)', payload '{"current":0.004,"energy":1.24,"identify":null,"last_seen":"2025-08-24T18:08:20.104Z","linkquality":255,"power":0.2,"power_on_behavior":"previous","state":"ON","update":{"installed_version":33816645,"latest_version":33816645,"state":"idle"},"voltage":237.3}'
[2025-08-24 20:08:20] info: 	z2m:mqtt: MQTT publish: topic 'zigbee2mqtt/prise box internet (IKEA)', payload '{"current":0.11,"energy":86.63,"identify":null,"last_seen":"2025-08-24T18:08:20.123Z","linkquality":152,"power":13,"power_on_behavior":"previous","state":"ON","update":{"installed_version":33816645,"latest_version":33816645,"state":"idle"},"voltage":230.3}'
[2025-08-24 20:08:20] info: 	z2m:mqtt: MQTT publish: topic 'zigbee2mqtt/prise pc's gege (IKEA)', payload '{"current":0.96,"energy":310.05,"identify":null,"last_seen":"2025-08-24T18:08:20.980Z","linkquality":168,"power":223.2,"power_on_behavior":"on","state":"ON","update":{"installed_version":33816645,"latest_version":33816645,"state":"idle"},"voltage":230.8}'
[2025-08-24 20:08:22] info: 	z2m:mqtt: MQTT publish: topic 'zigbee2mqtt/prise bureau pc (IKEA)', payload '{"current":1.02,"energy":615.46,"identify":null,"last_seen":"2025-08-24T18:08:22.469Z","linkquality":255,"power":185.7,"power_on_behavior":"previous","state":"ON","update":{"installed_version":33816645,"latest_version":33816645,"state":"idle"},"voltage":231.1}'
[2025-08-24 20:08:22] info: 	z2m:mqtt: MQTT publish: topic 'zigbee2mqtt/prise pc's gege (IKEA)', payload '{"current":1.01,"energy":310.05,"identify":null,"last_seen":"2025-08-24T18:08:22.681Z","linkquality":168,"power":223.2,"power_on_behavior":"on","state":"ON","update":{"installed_version":33816645,"latest_version":33816645,"state":"idle"},"voltage":230.8}'
[2025-08-24 20:08:22] info: 	z2m:mqtt: MQTT publish: topic 'zigbee2mqtt/Four et Plaque de Cuisson', payload '{"ac_frequency":49.94,"current":0,"data_report_duration":60,"energy":60,"last_seen":"2025-08-24T18:08:22.745Z","linkquality":216,"power":0,"power_factor":100,"produced_energy":0,"voltage":232}'
[2025-08-24 20:08:24] info: 	z2m:mqtt: MQTT publish: topic 'zigbee2mqtt/Inter Bureau (RODRET)', payload '{"battery":100,"identify":null,"last_seen":"2025-08-24T18:08:24.115Z","linkquality":255,"update":{"installed_version":16777303,"latest_version":16777303,"state":"idle"},"voltage":1400}'
[2025-08-24 20:08:26] info: 	z2m:mqtt: MQTT publish: topic 'zigbee2mqtt/prise bureau pc (IKEA)', payload '{"current":1.02,"energy":615.46,"identify":null,"last_seen":"2025-08-24T18:08:26.840Z","linkquality":255,"power":180.6,"power_on_behavior":"previous","state":"ON","update":{"installed_version":33816645,"latest_version":33816645,"state":"idle"},"voltage":231.1}'
[2025-08-24 20:08:28] info: 	z2m:mqtt: MQTT publish: topic 'zigbee2mqtt/prise lave vaisselle (NOUS)', payload '{"child_lock":"LOCK","countdown":0,"current":0,"energy":115.82,"indicator_mode":"on","last_seen":"2025-08-24T18:08:07.502Z","linkquality":156,"power":0,"power_outage_memory":"on","state":"ON","update":{"installed_version":192,"latest_version":192,"state":"idle"},"voltage":230}'
[2025-08-24 20:08:28] info: 	z2m:mqtt: MQTT publish: topic 'zigbee2mqtt/prise lave vaisselle (NOUS)', payload '{"child_lock":"LOCK","countdown":0,"current":0,"energy":115.82,"indicator_mode":"on","last_seen":"2025-08-24T18:08:07.502Z","linkquality":156,"power":0,"power_outage_memory":"on","state":"ON","update":{"installed_version":192,"latest_version":192,"state":"idle"},"voltage":230}'
[2025-08-24 20:08:30] info: 	z2m:mqtt: MQTT publish: topic 'zigbee2mqtt/prise lave linge (NOUS)', payload '{"child_lock":"LOCK","countdown":0,"current":0,"energy":100.64,"indicator_mode":"on","last_seen":"2025-08-24T18:08:30.596Z","linkquality":192,"power":0,"power_outage_memory":"on","state":"ON","update":{"installed_version":192,"latest_version":192,"state":"idle"},"voltage":231}'
[2025-08-24 20:08:30] info: 	z2m:mqtt: MQTT publish: topic 'zigbee2mqtt/prise lave linge (NOUS)', payload '{"child_lock":"LOCK","countdown":0,"current":0,"energy":100.64,"indicator_mode":"on","last_seen":"2025-08-24T18:08:30.641Z","linkquality":192,"power":0,"power_outage_memory":"on","state":"ON","update":{"installed_version":192,"latest_version":192,"state":"idle"},"voltage":231}'
[2025-08-24 20:08:31] info: 	z2m:mqtt: MQTT publish: topic 'zigbee2mqtt/prise pc's gege (IKEA)', payload '{"current":1.01,"energy":310.05,"identify":null,"last_seen":"2025-08-24T18:08:30.998Z","linkquality":168,"power":226.4,"power_on_behavior":"on","state":"ON","update":{"installed_version":33816645,"latest_version":33816645,"state":"idle"},"voltage":230.8}'
[2025-08-24 20:08:32] info: 	z2m:mqtt: MQTT publish: topic 'zigbee2mqtt/prise pc's gege (IKEA)', payload '{"current":1.08,"energy":310.05,"identify":null,"last_seen":"2025-08-24T18:08:32.703Z","linkquality":168,"power":226.4,"power_on_behavior":"on","state":"ON","update":{"installed_version":33816645,"latest_version":33816645,"state":"idle"},"voltage":230.8}'
[2025-08-24 20:08:34] info: 	z2m:mqtt: MQTT publish: topic 'zigbee2mqtt/prise tv chambre (NOUS)', payload '{"child_lock":"LOCK","countdown":0,"current":0,"energy":164.71,"indicator_mode":"off","last_seen":"2025-08-24T18:08:13.199Z","linkquality":248,"power":0,"power_outage_memory":"on","state":"ON","update":{"installed_version":192,"latest_version":192,"state":"idle"},"voltage":228}'
[2025-08-24 20:08:34] info: 	z2m:mqtt: MQTT publish: topic 'zigbee2mqtt/prise tv chambre (NOUS)', payload '{"child_lock":"LOCK","countdown":0,"current":0,"energy":164.71,"indicator_mode":"off","last_seen":"2025-08-24T18:08:13.199Z","linkquality":248,"power":0,"power_outage_memory":"on","state":"ON","update":{"installed_version":192,"latest_version":192,"state":"idle"},"voltage":228}'
[2025-08-24 20:08:34] info: 	z2m:mqtt: MQTT publish: topic 'zigbee2mqtt/prise bureau pc (IKEA)', payload '{"current":1.12,"energy":615.46,"identify":null,"last_seen":"2025-08-24T18:08:34.178Z","linkquality":255,"power":180.6,"power_on_behavior":"previous","state":"ON","update":{"installed_version":33816645,"latest_version":33816645,"state":"idle"},"voltage":231.1}'
[2025-08-24 20:08:36] info: 	z2m:mqtt: MQTT publish: topic 'zigbee2mqtt/prise bureau pc (IKEA)', payload '{"current":1.12,"energy":615.46,"identify":null,"last_seen":"2025-08-24T18:08:36.803Z","linkquality":255,"power":181.3,"power_on_behavior":"previous","state":"ON","update":{"installed_version":33816645,"latest_version":33816645,"state":"idle"},"voltage":231.1}'
[2025-08-24 20:08:37] info: 	z2m:mqtt: MQTT publish: topic 'zigbee2mqtt/prise mini pc (IKEA)', payload '{"current":0.07,"energy":5.86,"identify":null,"last_seen":"2025-08-24T18:08:37.085Z","linkquality":255,"power":16.6,"power_on_behavior":"previous","state":"ON","update":{"installed_version":33816645,"latest_version":33816645,"state":"idle"},"voltage":226.3}'
[2025-08-24 20:08:38] info: 	z2m:mqtt: MQTT publish: topic 'zigbee2mqtt/qualite air bureau (IKEA)', payload '{"humidity":66,"identify":null,"last_seen":"2025-08-24T18:08:38.247Z","linkquality":220,"pm25":13,"temperature":27,"update":{"installed_version":16777233,"latest_version":16777233,"state":"idle"},"voc_index":234}'
[2025-08-24 20:08:38] info: 	z2m:mqtt: MQTT publish: topic 'zigbee2mqtt/qualite air bureau (IKEA)', payload '{"humidity":66,"identify":null,"last_seen":"2025-08-24T18:08:38.294Z","linkquality":220,"pm25":13,"temperature":27,"update":{"installed_version":16777233,"latest_version":16777233,"state":"idle"},"voc_index":175}'
[2025-08-24 20:08:38] info: 	z2m:mqtt: MQTT publish: topic 'zigbee2mqtt/prise bureau pc (IKEA)', payload '{"current":1.12,"energy":615.46,"identify":null,"last_seen":"2025-08-24T18:08:38.772Z","linkquality":255,"power":181.3,"power_on_behavior":"previous","state":"ON","update":{"installed_version":33816645,"latest_version":33816645,"state":"idle"},"voltage":230.6}'
[2025-08-24 20:08:41] info: 	z2m:mqtt: MQTT publish: topic 'zigbee2mqtt/prise pc's gege (IKEA)', payload '{"current":1.08,"energy":310.05,"identify":null,"last_seen":"2025-08-24T18:08:41.004Z","linkquality":168,"power":218.6,"power_on_behavior":"on","state":"ON","update":{"installed_version":33816645,"latest_version":33816645,"state":"idle"},"voltage":230.8}'
[2025-08-24 20:08:42] info: 	z2m:mqtt: MQTT publish: topic 'zigbee2mqtt/prise pc's gege (IKEA)', payload '{"current":1.06,"energy":310.05,"identify":null,"last_seen":"2025-08-24T18:08:42.754Z","linkquality":168,"power":218.6,"power_on_behavior":"on","state":"ON","update":{"installed_version":33816645,"latest_version":33816645,"state":"idle"},"voltage":230.8}'
[2025-08-24 20:08:44] info: 	z2m:mqtt: MQTT publish: topic 'zigbee2mqtt/prise bureau pc (IKEA)', payload '{"current":1.17,"energy":615.46,"identify":null,"last_seen":"2025-08-24T18:08:44.147Z","linkquality":255,"power":181.3,"power_on_behavior":"previous","state":"ON","update":{"installed_version":33816645,"latest_version":33816645,"state":"idle"},"voltage":230.6}'
[2025-08-24 20:08:46] info: 	z2m:mqtt: MQTT publish: topic 'zigbee2mqtt/prise bureau pc (IKEA)', payload '{"current":1.17,"energy":615.46,"identify":null,"last_seen":"2025-08-24T18:08:46.767Z","linkquality":255,"power":187.4,"power_on_behavior":"previous","state":"ON","update":{"installed_version":33816645,"latest_version":33816645,"state":"idle"},"voltage":230.6}'
[2025-08-24 20:08:47] info: 	z2m:mqtt: MQTT publish: topic 'zigbee2mqtt/prise mini pc (IKEA)', payload '{"current":0.07,"energy":5.86,"identify":null,"last_seen":"2025-08-24T18:08:47.053Z","linkquality":255,"power":7.1,"power_on_behavior":"previous","state":"ON","update":{"installed_version":33816645,"latest_version":33816645,"state":"idle"},"voltage":226.3}'
[2025-08-24 20:08:47] info: 	z2m:mqtt: MQTT publish: topic 'zigbee2mqtt/Radiateur élec cuisine ', payload '{"current":0,"energy":98.99,"last_seen":"2025-08-24T18:08:47.272Z","linkquality":192,"power":0,"power_outage_memory":"restore","state":"OFF","switch_type":"state","update":{"installed_version":72,"latest_version":72,"state":"idle"},"voltage":230}'
[2025-08-24 20:08:49] info: 	z2m:mqtt: MQTT publish: topic 'zigbee2mqtt/prise bureau pc (IKEA)', payload '{"current":1.17,"energy":615.46,"identify":null,"last_seen":"2025-08-24T18:08:49.142Z","linkquality":255,"power":187.4,"power_on_behavior":"previous","state":"ON","update":{"installed_version":33816645,"latest_version":33816645,"state":"idle"},"voltage":231.1}'
[2025-08-24 20:08:50] info: 	z2m:mqtt: MQTT publish: topic 'zigbee2mqtt/Salle de Bain Z2M', payload '{"brightness":254,"state":"OFF"}'
[2025-08-24 20:08:50] info: 	z2m:mqtt: MQTT publish: topic 'zigbee2mqtt/Relais Lumière SDB (SONOFF) ', payload '{"action":"off","delayed_power_on_state":false,"delayed_power_on_time":29.5,"detach_relay_mode":false,"external_trigger_mode":"edge","inching_control_set":{"inching_control":"DISABLE","inching_mode":"OFF","inching_time":1882.5},"last_seen":"2025-08-24T18:08:50.791Z","linkquality":248,"network_indicator":true,"power_on_behavior":"previous","state":"OFF","turbo_mode":true,"update":{"installed_version":4100,"latest_version":4100,"state":"idle"}}'
[2025-08-24 20:08:50] info: 	z2m:mqtt: MQTT publish: topic 'zigbee2mqtt/Relais Lumière SDB (SONOFF) /action', payload 'off'
[2025-08-24 20:08:51] info: 	z2m:mqtt: MQTT publish: topic 'zigbee2mqtt/prise pc's gege (IKEA)', payload '{"current":1.06,"energy":310.05,"identify":null,"last_seen":"2025-08-24T18:08:51.012Z","linkquality":168,"power":222,"power_on_behavior":"on","state":"ON","update":{"installed_version":33816645,"latest_version":33816645,"state":"idle"},"voltage":230.8}'
[2025-08-24 20:08:51] info: 	z2m:mqtt: MQTT publish: topic 'zigbee2mqtt/prise lave linge (NOUS)', payload '{"child_lock":"LOCK","countdown":0,"current":0,"energy":100.64,"indicator_mode":"on","last_seen":"2025-08-24T18:08:30.641Z","linkquality":192,"power":0,"power_outage_memory":"on","state":"ON","update":{"installed_version":192,"latest_version":192,"state":"idle"},"voltage":231}'
[2025-08-24 20:08:51] info: 	z2m:mqtt: MQTT publish: topic 'zigbee2mqtt/prise lave linge (NOUS)', payload '{"child_lock":"LOCK","countdown":0,"current":0,"energy":100.64,"indicator_mode":"on","last_seen":"2025-08-24T18:08:30.641Z","linkquality":192,"power":0,"power_outage_memory":"on","state":"ON","update":{"installed_version":192,"latest_version":192,"state":"idle"},"voltage":231}'
[2025-08-24 20:08:52] info: 	z2m:mqtt: MQTT publish: topic 'zigbee2mqtt/prise pc's gege (IKEA)', payload '{"current":1.07,"energy":310.05,"identify":null,"last_seen":"2025-08-24T18:08:52.763Z","linkquality":168,"power":222,"power_on_behavior":"on","state":"ON","update":{"installed_version":33816645,"latest_version":33816645,"state":"idle"},"voltage":230.8}'
[2025-08-24 20:08:53] info: 	z2m:mqtt: MQTT publish: topic 'zigbee2mqtt/Clim Chambre (NOUS)', payload '{"child_lock":"LOCK","countdown":0,"current":0,"energy":392.86,"indicator_mode":"on","last_seen":"2025-08-24T18:08:53.492Z","linkquality":160,"power":0,"power_outage_memory":"restore","state":"OFF","update":{"installed_version":192,"latest_version":192,"state":"idle"},"voltage":230}'
[2025-08-24 20:08:54] info: 	z2m:mqtt: MQTT publish: topic 'zigbee2mqtt/prise bureau pc (IKEA)', payload '{"current":1.11,"energy":615.46,"identify":null,"last_seen":"2025-08-24T18:08:54.103Z","linkquality":255,"power":187.4,"power_on_behavior":"previous","state":"ON","update":{"installed_version":33816645,"latest_version":33816645,"state":"idle"},"voltage":231.1}'
[2025-08-24 20:08:56] info: 	z2m:mqtt: MQTT publish: topic 'zigbee2mqtt/prise bureau pc (IKEA)', payload '{"current":1.11,"energy":615.46,"identify":null,"last_seen":"2025-08-24T18:08:56.766Z","linkquality":255,"power":180.8,"power_on_behavior":"previous","state":"ON","update":{"installed_version":33816645,"latest_version":33816645,"state":"idle"},"voltage":231.1}'
[2025-08-24 20:08:57] info: 	z2m:mqtt: MQTT publish: topic 'zigbee2mqtt/qualite air salon (IKEA)', payload '{"humidity":65,"identify":null,"last_seen":"2025-08-24T18:08:57.388Z","linkquality":168,"pm25":6,"temperature":27,"update":{"installed_version":16777233,"latest_version":16777233,"state":"idle"},"voc_index":195}'
[2025-08-24 20:08:57] info: 	z2m:mqtt: MQTT publish: topic 'zigbee2mqtt/qualite air salon (IKEA)', payload '{"humidity":65,"identify":null,"last_seen":"2025-08-24T18:08:57.404Z","linkquality":164,"pm25":6,"temperature":27,"update":{"installed_version":16777233,"latest_version":16777233,"state":"idle"},"voc_index":157}'
[2025-08-24 20:08:58] info: 	z2m:mqtt: MQTT publish: topic 'zigbee2mqtt/Prise Bureau Fer à Repasser (NOUS)', payload '{"child_lock":"UNLOCK","countdown":0,"current":0,"energy":1.99,"indicator_mode":"off/on","last_seen":"2025-08-24T18:08:58.229Z","linkquality":168,"power":0,"power_outage_memory":"on","state":"ON","update":{"installed_version":192,"latest_version":192,"state":"idle"},"voltage":231}'
[2025-08-24 20:08:58] info: 	z2m:mqtt: MQTT publish: topic 'zigbee2mqtt/Prise Bureau Fer à Repasser (NOUS)', payload '{"child_lock":"UNLOCK","countdown":0,"current":0,"energy":1.99,"indicator_mode":"off/on","last_seen":"2025-08-24T18:08:58.271Z","linkquality":168,"power":0,"power_outage_memory":"on","state":"ON","update":{"installed_version":192,"latest_version":192,"state":"idle"},"voltage":231}'
[2025-08-24 20:08:58] info: 	z2m:mqtt: MQTT publish: topic 'zigbee2mqtt/Clim Salon (NOUS)', payload '{"child_lock":"LOCK","countdown":0,"current":0,"energy":414.52,"indicator_mode":"on","last_seen":"2025-08-24T18:08:58.810Z","linkquality":255,"power":0,"power_outage_memory":"restore","state":"OFF","update":{"installed_version":192,"latest_version":192,"state":"idle"},"voltage":230}'
[2025-08-24 20:08:58] info: 	z2m:mqtt: MQTT publish: topic 'zigbee2mqtt/Clim Salon (NOUS)', payload '{"child_lock":"LOCK","countdown":0,"current":0,"energy":414.52,"indicator_mode":"on","last_seen":"2025-08-24T18:08:58.952Z","linkquality":255,"power":0,"power_outage_memory":"restore","state":"OFF","update":{"installed_version":192,"latest_version":192,"state":"idle"},"voltage":230}'
[2025-08-24 20:09:00] info: 	z2m:mqtt: MQTT publish: topic 'zigbee2mqtt/prise salon chargeur (NOUS)', payload '{"child_lock":"UNLOCK","countdown":0,"current":0.05,"energy":37.11,"indicator_mode":"off","last_seen":"2025-08-24T18:09:00.408Z","linkquality":144,"power":5,"power_outage_memory":"on","state":"ON","update":{"installed_version":192,"latest_version":192,"state":"idle"},"voltage":228}'
[2025-08-24 20:09:00] info: 	z2m:mqtt: MQTT publish: topic 'zigbee2mqtt/prise tete de lit chambre', payload '{"current":0,"energy":25.58,"identify":null,"last_seen":"2025-08-24T18:09:00.581Z","linkquality":200,"power":0,"power_on_behavior":"on","state":"OFF","update":{"installed_version":33816645,"latest_version":33816645,"state":"idle"},"voltage":237.8}'
[2025-08-24 20:09:01] info: 	z2m:mqtt: MQTT publish: topic 'zigbee2mqtt/prise pc's gege (IKEA)', payload '{"current":1.07,"energy":310.05,"identify":null,"last_seen":"2025-08-24T18:09:01.103Z","linkquality":168,"power":221.5,"power_on_behavior":"on","state":"ON","update":{"installed_version":33816645,"latest_version":33816645,"state":"idle"},"voltage":230.8}'
[2025-08-24 20:09:01] info: 	z2m:mqtt: MQTT publish: topic 'zigbee2mqtt/prise box internet (IKEA)', payload '{"current":0.11,"energy":86.63,"identify":null,"last_seen":"2025-08-24T18:09:01.483Z","linkquality":148,"power":13,"power_on_behavior":"previous","state":"ON","update":{"installed_version":33816645,"latest_version":33816645,"state":"idle"},"voltage":229.8}'
[2025-08-24 20:09:02] info: 	z2m:mqtt: MQTT publish: topic 'zigbee2mqtt/prise bureau pc (IKEA)', payload '{"current":1.11,"energy":615.46,"identify":null,"last_seen":"2025-08-24T18:09:02.584Z","linkquality":255,"power":180.8,"power_on_behavior":"previous","state":"ON","update":{"installed_version":33816645,"latest_version":33816645,"state":"idle"},"voltage":230.6}'
[2025-08-24 20:09:02] info: 	z2m:mqtt: MQTT publish: topic 'zigbee2mqtt/prise pc's gege (IKEA)', payload '{"current":1.06,"energy":310.05,"identify":null,"last_seen":"2025-08-24T18:09:02.815Z","linkquality":168,"power":221.5,"power_on_behavior":"on","state":"ON","update":{"installed_version":33816645,"latest_version":33816645,"state":"idle"},"voltage":230.8}'
[2025-08-24 20:09:03] info: 	z2m:mqtt: MQTT publish: topic 'zigbee2mqtt/prise horloge (IKEA)', payload '{"current":0.004,"energy":1.24,"identify":null,"last_seen":"2025-08-24T18:09:03.172Z","linkquality":255,"power":0.2,"power_on_behavior":"previous","state":"ON","update":{"installed_version":33816645,"latest_version":33816645,"state":"idle"},"voltage":236.8}'
[2025-08-24 20:09:03] info: 	z2m:mqtt: MQTT publish: topic 'zigbee2mqtt/prise pc's gege (IKEA)', payload '{"current":1.06,"energy":310.05,"identify":null,"last_seen":"2025-08-24T18:09:03.776Z","linkquality":164,"power":221.5,"power_on_behavior":"on","state":"ON","update":{"installed_version":33816645,"latest_version":33816645,"state":"idle"},"voltage":230.2}'
[2025-08-24 20:09:04] info: 	z2m:mqtt: MQTT publish: topic 'zigbee2mqtt/prise bureau pc (IKEA)', payload '{"current":1.12,"energy":615.46,"identify":null,"last_seen":"2025-08-24T18:09:04.145Z","linkquality":255,"power":180.8,"power_on_behavior":"previous","state":"ON","update":{"installed_version":33816645,"latest_version":33816645,"state":"idle"},"voltage":230.6}'
[2025-08-24 20:09:06] info: 	z2m:mqtt: MQTT publish: topic 'zigbee2mqtt/prise bureau pc (IKEA)', payload '{"current":1.12,"energy":615.46,"identify":null,"last_seen":"2025-08-24T18:09:06.725Z","linkquality":255,"power":191.5,"power_on_behavior":"previous","state":"ON","update":{"installed_version":33816645,"latest_version":33816645,"state":"idle"},"voltage":230.6}'
[2025-08-24 20:09:06] info: 	z2m:mqtt: MQTT publish: topic 'zigbee2mqtt/prise mini pc (IKEA)', payload '{"current":0.07,"energy":5.86,"identify":null,"last_seen":"2025-08-24T18:09:06.740Z","linkquality":255,"power":16,"power_on_behavior":"previous","state":"ON","update":{"installed_version":33816645,"latest_version":33816645,"state":"idle"},"voltage":226.3}'
[2025-08-24 20:09:08] info: 	z2m:mqtt: MQTT publish: topic 'zigbee2mqtt/contact fenetre salon (IKEA)', payload '{"battery":100,"contact":false,"identify":null,"last_seen":"2025-08-24T18:09:08.088Z","linkquality":164,"update":{"installed_version":16777241,"latest_version":16777241,"state":"idle"},"voltage":1400}'
[2025-08-24 20:09:09] info: 	z2m:mqtt: MQTT publish: topic 'zigbee2mqtt/Prise Bureau Fer à Repasser (NOUS)', payload '{"child_lock":"UNLOCK","countdown":0,"current":0,"energy":1.99,"indicator_mode":"off/on","last_seen":"2025-08-24T18:08:58.271Z","linkquality":168,"power":0,"power_outage_memory":"on","state":"ON","update":{"installed_version":192,"latest_version":192,"state":"idle"},"voltage":231}'
[2025-08-24 20:09:09] info: 	z2m:mqtt: MQTT publish: topic 'zigbee2mqtt/Prise Bureau Fer à Repasser (NOUS)', payload '{"child_lock":"UNLOCK","countdown":0,"current":0,"energy":1.99,"indicator_mode":"off/on","last_seen":"2025-08-24T18:08:58.271Z","linkquality":168,"power":0,"power_outage_memory":"on","state":"ON","update":{"installed_version":192,"latest_version":192,"state":"idle"},"voltage":231}'
[2025-08-24 20:09:09] info: 	z2m:mqtt: MQTT publish: topic 'zigbee2mqtt/Clim Salon (NOUS)', payload '{"child_lock":"LOCK","countdown":0,"current":0,"energy":414.52,"indicator_mode":"on","last_seen":"2025-08-24T18:08:58.952Z","linkquality":255,"power":0,"power_outage_memory":"restore","state":"OFF","update":{"installed_version":192,"latest_version":192,"state":"idle"},"voltage":230}'
[2025-08-24 20:09:09] info: 	z2m:mqtt: MQTT publish: topic 'zigbee2mqtt/Clim Salon (NOUS)', payload '{"child_lock":"LOCK","countdown":0,"current":0,"energy":414.52,"indicator_mode":"on","last_seen":"2025-08-24T18:08:58.952Z","linkquality":255,"power":0,"power_outage_memory":"restore","state":"OFF","update":{"installed_version":192,"latest_version":192,"state":"idle"},"voltage":230}'
[2025-08-24 20:09:11] info: 	z2m:mqtt: MQTT publish: topic 'zigbee2mqtt/prise tete de lit chambre', payload '{"current":0,"energy":25.58,"identify":null,"last_seen":"2025-08-24T18:09:11.040Z","linkquality":196,"power":0,"power_on_behavior":"on","state":"OFF","update":{"installed_version":33816645,"latest_version":33816645,"state":"idle"},"voltage":237.3}'
[2025-08-24 20:09:11] info: 	z2m:mqtt: MQTT publish: topic 'zigbee2mqtt/prise pc's gege (IKEA)', payload '{"current":1.06,"energy":310.05,"identify":null,"last_seen":"2025-08-24T18:09:11.130Z","linkquality":168,"power":201,"power_on_behavior":"on","state":"ON","update":{"installed_version":33816645,"latest_version":33816645,"state":"idle"},"voltage":230.2}'
[2025-08-24 20:09:11] info: 	z2m:mqtt: MQTT publish: topic 'zigbee2mqtt/prise box internet (IKEA)', payload '{"current":0.11,"energy":86.63,"identify":null,"last_seen":"2025-08-24T18:09:11.937Z","linkquality":148,"power":13,"power_on_behavior":"previous","state":"ON","update":{"installed_version":33816645,"latest_version":33816645,"state":"idle"},"voltage":229.3}'
[2025-08-24 20:09:12] info: 	z2m:mqtt: MQTT publish: topic 'zigbee2mqtt/prise bureau pc (IKEA)', payload '{"current":1.12,"energy":615.46,"identify":null,"last_seen":"2025-08-24T18:09:12.476Z","linkquality":255,"power":191.5,"power_on_behavior":"previous","state":"ON","update":{"installed_version":33816645,"latest_version":33816645,"state":"idle"},"voltage":230}'
[2025-08-24 20:09:12] info: 	z2m:mqtt: MQTT publish: topic 'zigbee2mqtt/prise pc's gege (IKEA)', payload '{"current":0.96,"energy":310.05,"identify":null,"last_seen":"2025-08-24T18:09:12.831Z","linkquality":168,"power":201,"power_on_behavior":"on","state":"ON","update":{"installed_version":33816645,"latest_version":33816645,"state":"idle"},"voltage":230.2}'
[2025-08-24 20:09:13] info: 	z2m:mqtt: MQTT publish: topic 'zigbee2mqtt/prise horloge (IKEA)', payload '{"current":0.004,"energy":1.24,"identify":null,"last_seen":"2025-08-24T18:09:13.083Z","linkquality":255,"power":0.2,"power_on_behavior":"previous","state":"ON","update":{"installed_version":33816645,"latest_version":33816645,"state":"idle"},"voltage":236.3}'
[2025-08-24 20:09:13] info: 	z2m:mqtt: MQTT publish: topic 'zigbee2mqtt/prise congelateur cuisine (NOUS)', payload '{"child_lock":"LOCK","countdown":0,"current":0.21,"energy":186.79,"indicator_mode":"on","last_seen":"2025-08-24T18:09:13.325Z","linkquality":124,"power":30,"power_outage_memory":"on","state":"ON","update":{"installed_version":192,"latest_version":192,"state":"idle"},"voltage":229}'
[2025-08-24 20:09:13] info: 	z2m:mqtt: MQTT publish: topic 'zigbee2mqtt/Four et Plaque de Cuisson', payload '{"ac_frequency":49.94,"current":0,"data_report_duration":60,"energy":60,"last_seen":"2025-08-24T18:09:13.563Z","linkquality":216,"power":0,"power_factor":100,"produced_energy":0,"voltage":232}'
[2025-08-24 20:09:13] info: 	z2m:mqtt: MQTT publish: topic 'zigbee2mqtt/Four et Plaque de Cuisson', payload '{"ac_frequency":49.94,"current":0,"data_report_duration":60,"energy":60,"last_seen":"2025-08-24T18:09:13.612Z","linkquality":216,"power":0,"power_factor":100,"produced_energy":0,"voltage":232}'
[2025-08-24 20:09:13] info: 	z2m:mqtt: MQTT publish: topic 'zigbee2mqtt/Four et Plaque de Cuisson', payload '{"ac_frequency":49.94,"current":0,"data_report_duration":60,"energy":60,"last_seen":"2025-08-24T18:09:13.659Z","linkquality":216,"power":0,"power_factor":100,"produced_energy":0,"voltage":232}'
[2025-08-24 20:09:13] info: 	z2m:mqtt: MQTT publish: topic 'zigbee2mqtt/Four et Plaque de Cuisson', payload '{"ac_frequency":49.94,"current":0,"data_report_duration":60,"energy":60,"last_seen":"2025-08-24T18:09:13.707Z","linkquality":216,"power":0,"power_factor":100,"produced_energy":0,"voltage":232}'
[2025-08-24 20:09:13] info: 	z2m:mqtt: MQTT publish: topic 'zigbee2mqtt/Four et Plaque de Cuisson', payload '{"ac_frequency":49.94,"current":0,"data_report_duration":60,"energy":60,"last_seen":"2025-08-24T18:09:13.755Z","linkquality":216,"power":0,"power_factor":100,"produced_energy":0,"voltage":232}'
[2025-08-24 20:09:13] info: 	z2m:mqtt: MQTT publish: topic 'zigbee2mqtt/Four et Plaque de Cuisson', payload '{"ac_frequency":49.94,"current":0,"data_report_duration":60,"energy":60,"last_seen":"2025-08-24T18:09:13.801Z","linkquality":216,"power":0,"power_factor":100,"produced_energy":0,"voltage":231}'
[2025-08-24 20:09:13] info: 	z2m:mqtt: MQTT publish: topic 'zigbee2mqtt/Four et Plaque de Cuisson', payload '{"ac_frequency":49.94,"current":0,"data_report_duration":60,"energy":60,"last_seen":"2025-08-24T18:09:13.848Z","linkquality":216,"power":0,"power_factor":100,"produced_energy":0,"voltage":231}'
[2025-08-24 20:09:13] info: 	z2m:mqtt: MQTT publish: topic 'zigbee2mqtt/Four et Plaque de Cuisson', payload '{"ac_frequency":49.94,"current":0,"data_report_duration":60,"energy":60,"last_seen":"2025-08-24T18:09:13.894Z","linkquality":216,"power":0,"power_factor":100,"produced_energy":0,"voltage":231}'
[2025-08-24 20:09:14] info: 	z2m:mqtt: MQTT publish: topic 'zigbee2mqtt/prise bureau pc (IKEA)', payload '{"current":1.12,"energy":615.46,"identify":null,"last_seen":"2025-08-24T18:09:14.036Z","linkquality":255,"power":191.5,"power_on_behavior":"previous","state":"ON","update":{"installed_version":33816645,"latest_version":33816645,"state":"idle"},"voltage":230}'
[2025-08-24 20:09:16] info: 	z2m:mqtt: MQTT publish: topic 'zigbee2mqtt/prise bureau pc (IKEA)', payload '{"current":1.12,"energy":615.46,"identify":null,"last_seen":"2025-08-24T18:09:16.690Z","linkquality":255,"power":203.1,"power_on_behavior":"previous","state":"ON","update":{"installed_version":33816645,"latest_version":33816645,"state":"idle"},"voltage":230}'
[2025-08-24 20:09:16] info: 	z2m:mqtt: MQTT publish: topic 'zigbee2mqtt/prise mini pc (IKEA)', payload '{"current":0.07,"energy":5.86,"identify":null,"last_seen":"2025-08-24T18:09:16.700Z","linkquality":255,"power":7.2,"power_on_behavior":"previous","state":"ON","update":{"installed_version":33816645,"latest_version":33816645,"state":"idle"},"voltage":226.3}'
[2025-08-24 20:09:19] info: 	z2m:mqtt: MQTT publish: topic 'zigbee2mqtt/prise mini pc (IKEA)', payload '{"current":0.15,"energy":5.86,"identify":null,"last_seen":"2025-08-24T18:09:19.588Z","linkquality":255,"power":7.2,"power_on_behavior":"previous","state":"ON","update":{"installed_version":33816645,"latest_version":33816645,"state":"idle"},"voltage":226.3}'
[2025-08-24 20:09:21] info: 	z2m:mqtt: MQTT publish: topic 'zigbee2mqtt/prise pc's gege (IKEA)', payload '{"current":0.96,"energy":310.05,"identify":null,"last_seen":"2025-08-24T18:09:21.137Z","linkquality":168,"power":197.6,"power_on_behavior":"on","state":"ON","update":{"installed_version":33816645,"latest_version":33816645,"state":"idle"},"voltage":230.2}'
[2025-08-24 20:09:21] info: 	z2m:mqtt: MQTT publish: topic 'zigbee2mqtt/prise salon chargeur (NOUS)', payload '{"child_lock":"UNLOCK","countdown":0,"current":0.05,"energy":37.11,"indicator_mode":"off","last_seen":"2025-08-24T18:09:21.169Z","linkquality":148,"power":5,"power_outage_memory":"on","state":"ON","update":{"installed_version":192,"latest_version":192,"state":"idle"},"voltage":228}'
[2025-08-24 20:09:21] info: 	z2m:mqtt: MQTT publish: topic 'zigbee2mqtt/prise salon chargeur (NOUS)', payload '{"child_lock":"UNLOCK","countdown":0,"current":0.05,"energy":37.11,"indicator_mode":"off","last_seen":"2025-08-24T18:09:21.224Z","linkquality":148,"power":5,"power_outage_memory":"on","state":"ON","update":{"installed_version":192,"latest_version":192,"state":"idle"},"voltage":228}'
[2025-08-24 20:09:22] info: 	z2m:mqtt: MQTT publish: topic 'zigbee2mqtt/prise pc's gege (IKEA)', payload '{"current":1.03,"energy":310.05,"identify":null,"last_seen":"2025-08-24T18:09:22.943Z","linkquality":168,"power":197.6,"power_on_behavior":"on","state":"ON","update":{"installed_version":33816645,"latest_version":33816645,"state":"idle"},"voltage":230.2}'
[2025-08-24 20:09:23] info: 	z2m:mqtt: MQTT publish: topic 'zigbee2mqtt/Prise Radiateur Salle de Bain (NOUS)', payload '{"child_lock":"LOCK","countdown":0,"current":0,"energy":0.27,"indicator_mode":"off/on","last_seen":"2025-08-24T18:09:23.989Z","linkquality":255,"power":0,"power_outage_memory":"restore","state":"OFF","update":{"installed_version":192,"latest_version":192,"state":"idle"},"voltage":230}'
[2025-08-24 20:09:24] info: 	z2m:mqtt: MQTT publish: topic 'zigbee2mqtt/prise bureau pc (IKEA)', payload '{"current":1.24,"energy":615.46,"identify":null,"last_seen":"2025-08-24T18:09:24.000Z","linkquality":255,"power":203.1,"power_on_behavior":"previous","state":"ON","update":{"installed_version":33816645,"latest_version":33816645,"state":"idle"},"voltage":230}'
[2025-08-24 20:09:26] info: 	z2m:mqtt: MQTT publish: topic 'zigbee2mqtt/prise mini pc (IKEA)', payload '{"current":0.15,"energy":5.86,"identify":null,"last_seen":"2025-08-24T18:09:26.664Z","linkquality":255,"power":9.4,"power_on_behavior":"previous","state":"ON","update":{"installed_version":33816645,"latest_version":33816645,"state":"idle"},"voltage":226.3}'
[2025-08-24 20:09:26] info: 	z2m:mqtt: MQTT publish: topic 'zigbee2mqtt/Th Chambre', payload '{"battery":24,"comfort_humidity_max":55,"comfort_humidity_min":40,"comfort_temperature_max":25,"comfort_temperature_min":21,"humidity":62.1,"humidity_calibration":0,"last_seen":"2025-08-24T18:09:26.688Z","linkquality":255,"temperature":26.3,"temperature_calibration":0,"temperature_units":"celsius","update":{"installed_version":8960,"latest_version":8960,"state":"idle"}}'
[2025-08-24 20:09:26] info: 	z2m:mqtt: MQTT publish: topic 'zigbee2mqtt/prise bureau pc (IKEA)', payload '{"current":1.24,"energy":615.46,"identify":null,"last_seen":"2025-08-24T18:09:26.721Z","linkquality":255,"power":234.4,"power_on_behavior":"previous","state":"ON","update":{"installed_version":33816645,"latest_version":33816645,"state":"idle"},"voltage":230}'
[2025-08-24 20:09:26] info: 	z2m:mqtt: MQTT publish: topic 'zigbee2mqtt/Th Chambre', payload '{"battery":24,"comfort_humidity_max":55,"comfort_humidity_min":40,"comfort_temperature_max":25,"comfort_temperature_min":21,"humidity":62.1,"humidity_calibration":0,"last_seen":"2025-08-24T18:09:26.973Z","linkquality":248,"temperature":26.3,"temperature_calibration":0,"temperature_units":"celsius","update":{"installed_version":8960,"latest_version":8960,"state":"idle"}}'
[2025-08-24 20:09:27] info: 	z2m:mqtt: MQTT publish: topic 'zigbee2mqtt/prise pc's gege (IKEA)', payload '{"current":1.03,"energy":310.05,"identify":null,"last_seen":"2025-08-24T18:09:27.556Z","linkquality":168,"power":197.6,"power_on_behavior":"on","state":"ON","update":{"installed_version":33816645,"latest_version":33816645,"state":"idle"},"voltage":229.6}'
[2025-08-24 20:09:29] info: 	z2m:mqtt: MQTT publish: topic 'zigbee2mqtt/prise mini pc (IKEA)', payload '{"current":0.07,"energy":5.86,"identify":null,"last_seen":"2025-08-24T18:09:29.551Z","linkquality":255,"power":9.4,"power_on_behavior":"previous","state":"ON","update":{"installed_version":33816645,"latest_version":33816645,"state":"idle"},"voltage":226.3}'
[2025-08-24 20:09:31] info: 	z2m:mqtt: MQTT publish: topic 'zigbee2mqtt/prise pc's gege (IKEA)', payload '{"current":1.03,"energy":310.05,"identify":null,"last_seen":"2025-08-24T18:09:31.145Z","linkquality":168,"power":197.6,"power_on_behavior":"on","state":"ON","update":{"installed_version":33816645,"latest_version":33816645,"state":"idle"},"voltage":229.6}'
[2025-08-24 20:09:32] info: 	z2m:mqtt: MQTT publish: topic 'zigbee2mqtt/prise pc's gege (IKEA)', payload '{"current":1,"energy":310.05,"identify":null,"last_seen":"2025-08-24T18:09:32.950Z","linkquality":168,"power":197.6,"power_on_behavior":"on","state":"ON","update":{"installed_version":33816645,"latest_version":33816645,"state":"idle"},"voltage":229.6}'
[2025-08-24 20:09:33] info: 	z2m:mqtt: MQTT publish: topic 'zigbee2mqtt/Prise Radiateur Salle de Bain (NOUS)', payload '{"child_lock":"LOCK","countdown":0,"current":0,"energy":0.27,"indicator_mode":"off/on","last_seen":"2025-08-24T18:09:33.983Z","linkquality":248,"power":0,"power_outage_memory":"restore","state":"OFF","update":{"installed_version":192,"latest_version":192,"state":"idle"},"voltage":230}'
[2025-08-24 20:09:34] info: 	z2m:mqtt: MQTT publish: topic 'zigbee2mqtt/prise airfryer ninja (NOUS)', payload '{"child_lock":"UNLOCK","countdown":0,"current":0,"energy":72.19,"indicator_mode":"on","last_seen":"2025-08-24T18:09:34.025Z","linkquality":232,"power":0,"power_outage_memory":"restore","state":"ON","update":{"installed_version":192,"latest_version":192,"state":"idle"},"voltage":230}'
[2025-08-24 20:09:34] info: 	z2m:mqtt: MQTT publish: topic 'zigbee2mqtt/Prise Radiateur Salle de Bain (NOUS)', payload '{"child_lock":"LOCK","countdown":0,"current":0,"energy":0.27,"indicator_mode":"off/on","last_seen":"2025-08-24T18:09:34.044Z","linkquality":248,"power":0,"power_outage_memory":"restore","state":"OFF","update":{"installed_version":192,"latest_version":192,"state":"idle"},"voltage":230}'
[2025-08-24 20:09:34] info: 	z2m:mqtt: MQTT publish: topic 'zigbee2mqtt/prise airfryer ninja (NOUS)', payload '{"child_lock":"UNLOCK","countdown":0,"current":0,"energy":72.19,"indicator_mode":"on","last_seen":"2025-08-24T18:09:34.074Z","linkquality":232,"power":0,"power_outage_memory":"restore","state":"ON","update":{"installed_version":192,"latest_version":192,"state":"idle"},"voltage":230}'
[2025-08-24 20:09:36] info: 	z2m:mqtt: MQTT publish: topic 'zigbee2mqtt/prise bureau pc (IKEA)', payload '{"current":1.31,"energy":615.46,"identify":null,"last_seen":"2025-08-24T18:09:36.632Z","linkquality":255,"power":234.4,"power_on_behavior":"previous","state":"ON","update":{"installed_version":33816645,"latest_version":33816645,"state":"idle"},"voltage":230}'
[2025-08-24 20:09:36] info: 	z2m:mqtt: MQTT publish: topic 'zigbee2mqtt/prise bureau pc (IKEA)', payload '{"current":1.31,"energy":615.46,"identify":null,"last_seen":"2025-08-24T18:09:36.709Z","linkquality":255,"power":239.4,"power_on_behavior":"previous","state":"ON","update":{"installed_version":33816645,"latest_version":33816645,"state":"idle"},"voltage":230}'
[2025-08-24 20:09:37] info: 	z2m:mqtt: MQTT publish: topic 'zigbee2mqtt/prise pc's gege (IKEA)', payload '{"current":1,"energy":310.05,"identify":null,"last_seen":"2025-08-24T18:09:37.560Z","linkquality":168,"power":197.6,"power_on_behavior":"on","state":"ON","update":{"installed_version":33816645,"latest_version":33816645,"state":"idle"},"voltage":230.1}'
[2025-08-24 20:09:39] info: 	z2m:mqtt: MQTT publish: topic 'zigbee2mqtt/prise mini pc (IKEA)', payload '{"current":0.07,"energy":5.86,"identify":null,"last_seen":"2025-08-24T18:09:39.512Z","linkquality":255,"power":9.4,"power_on_behavior":"previous","state":"ON","update":{"installed_version":33816645,"latest_version":33816645,"state":"idle"},"voltage":226.3}'
[2025-08-24 20:09:41] info: 	z2m:mqtt: MQTT publish: topic 'zigbee2mqtt/prise pc's gege (IKEA)', payload '{"current":1,"energy":310.05,"identify":null,"last_seen":"2025-08-24T18:09:41.234Z","linkquality":168,"power":199.5,"power_on_behavior":"on","state":"ON","update":{"installed_version":33816645,"latest_version":33816645,"state":"idle"},"voltage":230.1}'
[2025-08-24 20:09:43] info: 	z2m:mqtt: MQTT publish: topic 'zigbee2mqtt/prise pc's gege (IKEA)', payload '{"current":1.06,"energy":310.05,"identify":null,"last_seen":"2025-08-24T18:09:43.748Z","linkquality":168,"power":199.5,"power_on_behavior":"on","state":"ON","update":{"installed_version":33816645,"latest_version":33816645,"state":"idle"},"voltage":230.1}'
[2025-08-24 20:09:44] info: 	z2m:mqtt: MQTT publish: topic 'zigbee2mqtt/Clim du Bureau (NOUS)', payload '{"child_lock":"LOCK","countdown":0,"current":0,"energy":332.61,"indicator_mode":"off/on","last_seen":"2025-08-24T18:09:44.820Z","linkquality":172,"power":0,"power_outage_memory":"restore","state":"OFF","update":{"installed_version":192,"latest_version":192,"state":"idle"},"voltage":228}'
[2025-08-24 20:09:44] info: 	z2m:mqtt: MQTT publish: topic 'zigbee2mqtt/Prise Radiateur Salle de Bain (NOUS)', payload '{"child_lock":"LOCK","countdown":0,"current":0,"energy":0.27,"indicator_mode":"off/on","last_seen":"2025-08-24T18:09:34.044Z","linkquality":248,"power":0,"power_outage_memory":"restore","state":"OFF","update":{"installed_version":192,"latest_version":192,"state":"idle"},"voltage":230}'
[2025-08-24 20:09:44] info: 	z2m:mqtt: MQTT publish: topic 'zigbee2mqtt/Prise Radiateur Salle de Bain (NOUS)', payload '{"child_lock":"LOCK","countdown":0,"current":0,"energy":0.27,"indicator_mode":"off/on","last_seen":"2025-08-24T18:09:34.044Z","linkquality":248,"power":0,"power_outage_memory":"restore","state":"OFF","update":{"installed_version":192,"latest_version":192,"state":"idle"},"voltage":230}'
[2025-08-24 20:09:46] info: 	z2m:mqtt: MQTT publish: topic 'zigbee2mqtt/prise bureau pc (IKEA)', payload '{"current":1.22,"energy":615.46,"identify":null,"last_seen":"2025-08-24T18:09:46.594Z","linkquality":255,"power":239.4,"power_on_behavior":"previous","state":"ON","update":{"installed_version":33816645,"latest_version":33816645,"state":"idle"},"voltage":230}'
[2025-08-24 20:09:46] info: 	z2m:mqtt: MQTT publish: topic 'zigbee2mqtt/prise bureau pc (IKEA)', payload '{"current":1.22,"energy":615.46,"identify":null,"last_seen":"2025-08-24T18:09:46.672Z","linkquality":255,"power":234.8,"power_on_behavior":"previous","state":"ON","update":{"installed_version":33816645,"latest_version":33816645,"state":"idle"},"voltage":230}'
[2025-08-24 20:09:51] info: 	z2m:mqtt: MQTT publish: topic 'zigbee2mqtt/prise pc's gege (IKEA)', payload '{"current":1.06,"energy":310.05,"identify":null,"last_seen":"2025-08-24T18:09:51.243Z","linkquality":168,"power":199.1,"power_on_behavior":"on","state":"ON","update":{"installed_version":33816645,"latest_version":33816645,"state":"idle"},"voltage":230.1}'
[2025-08-24 20:09:53] info: 	z2m:mqtt: MQTT publish: topic 'zigbee2mqtt/prise pc's gege (IKEA)', payload '{"current":0.95,"energy":310.05,"identify":null,"last_seen":"2025-08-24T18:09:53.754Z","linkquality":168,"power":199.1,"power_on_behavior":"on","state":"ON","update":{"installed_version":33816645,"latest_version":33816645,"state":"idle"},"voltage":230.1}'
[2025-08-24 20:09:54] info: 	z2m:mqtt: MQTT publish: topic 'zigbee2mqtt/prise pc's gege (IKEA)', payload '{"current":0.95,"energy":310.05,"identify":null,"last_seen":"2025-08-24T18:09:54.335Z","linkquality":168,"power":199.1,"power_on_behavior":"on","state":"ON","update":{"installed_version":33816645,"latest_version":33816645,"state":"idle"},"voltage":229.6}'
[2025-08-24 20:09:55] info: 	z2m:mqtt: MQTT publish: topic 'zigbee2mqtt/prise airfryer ninja (NOUS)', payload '{"child_lock":"UNLOCK","countdown":0,"current":0,"energy":72.19,"indicator_mode":"on","last_seen":"2025-08-24T18:09:34.074Z","linkquality":232,"power":0,"power_outage_memory":"restore","state":"ON","update":{"installed_version":192,"latest_version":192,"state":"idle"},"voltage":230}'
[2025-08-24 20:09:55] info: 	z2m:mqtt: MQTT publish: topic 'zigbee2mqtt/prise airfryer ninja (NOUS)', payload '{"child_lock":"UNLOCK","countdown":0,"current":0,"energy":72.19,"indicator_mode":"on","last_seen":"2025-08-24T18:09:34.074Z","linkquality":232,"power":0,"power_outage_memory":"restore","state":"ON","update":{"installed_version":192,"latest_version":192,"state":"idle"},"voltage":230}'
[2025-08-24 20:09:56] info: 	z2m:mqtt: MQTT publish: topic 'zigbee2mqtt/prise bureau pc (IKEA)', payload '{"current":1.26,"energy":615.46,"identify":null,"last_seen":"2025-08-24T18:09:56.558Z","linkquality":255,"power":234.8,"power_on_behavior":"previous","state":"ON","update":{"installed_version":33816645,"latest_version":33816645,"state":"idle"},"voltage":230}'
[2025-08-24 20:09:56] info: 	z2m:mqtt: MQTT publish: topic 'zigbee2mqtt/prise bureau pc (IKEA)', payload '{"current":1.26,"energy":615.46,"identify":null,"last_seen":"2025-08-24T18:09:56.634Z","linkquality":255,"power":236.8,"power_on_behavior":"previous","state":"ON","update":{"installed_version":33816645,"latest_version":33816645,"state":"idle"},"voltage":230}'
[2025-08-24 20:09:57] info: 	z2m:mqtt: MQTT publish: topic 'zigbee2mqtt/prise bureau pc (IKEA)', payload '{"current":1.26,"energy":615.46,"identify":null,"last_seen":"2025-08-24T18:09:57.501Z","linkquality":255,"power":236.8,"power_on_behavior":"previous","state":"ON","update":{"installed_version":33816645,"latest_version":33816645,"state":"idle"},"voltage":229.5}'
[2025-08-24 20:09:58] info: 	z2m:mqtt: MQTT publish: topic 'zigbee2mqtt/prise tete de lit chambre', payload '{"current":0,"energy":25.58,"identify":null,"last_seen":"2025-08-24T18:09:58.395Z","linkquality":196,"power":0,"power_on_behavior":"on","state":"OFF","update":{"installed_version":33816645,"latest_version":33816645,"state":"idle"},"voltage":236.8}'
[2025-08-24 20:09:58] info: 	z2m:mqtt: MQTT publish: topic 'zigbee2mqtt/contact fenetre salon (IKEA)', payload '{"battery":100,"contact":false,"identify":null,"last_seen":"2025-08-24T18:09:58.483Z","linkquality":164,"update":{"installed_version":16777241,"latest_version":16777241,"state":"idle"},"voltage":1400}'
[2025-08-24 20:09:59] info: 	z2m:mqtt: MQTT publish: topic 'zigbee2mqtt/prise airfryer ninja (NOUS)', payload '{"child_lock":"UNLOCK","countdown":0,"current":0,"energy":72.19,"indicator_mode":"on","last_seen":"2025-08-24T18:09:59.130Z","linkquality":232,"power":0,"power_outage_memory":"restore","state":"ON","update":{"installed_version":192,"latest_version":192,"state":"idle"},"voltage":230}'
[2025-08-24 20:09:59] info: 	z2m:mqtt: MQTT publish: topic 'zigbee2mqtt/Th Chambre', payload '{"battery":24,"comfort_humidity_max":55,"comfort_humidity_min":40,"comfort_temperature_max":25,"comfort_temperature_min":21,"humidity":63.1,"humidity_calibration":0,"last_seen":"2025-08-24T18:09:59.269Z","linkquality":252,"temperature":26.3,"temperature_calibration":0,"temperature_units":"celsius","update":{"installed_version":8960,"latest_version":8960,"state":"idle"}}'
[2025-08-24 20:10:01] info: 	z2m:mqtt: MQTT publish: topic 'zigbee2mqtt/prise pc's gege (IKEA)', payload '{"current":0.95,"energy":310.05,"identify":null,"last_seen":"2025-08-24T18:10:01.250Z","linkquality":164,"power":198.2,"power_on_behavior":"on","state":"ON","update":{"installed_version":33816645,"latest_version":33816645,"state":"idle"},"voltage":229.6}'
[2025-08-24 20:10:02] info: 	z2m:mqtt: MQTT publish: topic 'zigbee2mqtt/prise horloge (IKEA)', payload '{"current":0.004,"energy":1.24,"identify":null,"last_seen":"2025-08-24T18:10:02.475Z","linkquality":255,"power":0.2,"power_on_behavior":"previous","state":"ON","update":{"installed_version":33816645,"latest_version":33816645,"state":"idle"},"voltage":235.8}'
[2025-08-24 20:10:03] info: 	z2m:mqtt: MQTT publish: topic 'zigbee2mqtt/prise box internet (IKEA)', payload '{"current":0.11,"energy":86.63,"identify":null,"last_seen":"2025-08-24T18:10:03.802Z","linkquality":148,"power":13,"power_on_behavior":"previous","state":"ON","update":{"installed_version":33816645,"latest_version":33816645,"state":"idle"},"voltage":228.6}'
[2025-08-24 20:10:03] info: 	z2m:mqtt: MQTT publish: topic 'zigbee2mqtt/prise pc's gege (IKEA)', payload '{"current":0.97,"energy":310.05,"identify":null,"last_seen":"2025-08-24T18:10:03.808Z","linkquality":168,"power":198.2,"power_on_behavior":"on","state":"ON","update":{"installed_version":33816645,"latest_version":33816645,"state":"idle"},"voltage":229.6}'
[2025-08-24 20:10:06] info: 	z2m:mqtt: MQTT publish: topic 'zigbee2mqtt/prise bureau pc (IKEA)', payload '{"current":1.24,"energy":615.46,"identify":null,"last_seen":"2025-08-24T18:10:06.622Z","linkquality":255,"power":236.8,"power_on_behavior":"previous","state":"ON","update":{"installed_version":33816645,"latest_version":33816645,"state":"idle"},"voltage":229.5}'
[2025-08-24 20:10:06] info: 	z2m:mqtt: MQTT publish: topic 'zigbee2mqtt/prise bureau pc (IKEA)', payload '{"current":1.24,"energy":615.46,"identify":null,"last_seen":"2025-08-24T18:10:06.628Z","linkquality":255,"power":232.6,"power_on_behavior":"previous","state":"ON","update":{"installed_version":33816645,"latest_version":33816645,"state":"idle"},"voltage":229.5}'
[2025-08-24 20:10:06] info: 	z2m:mqtt: MQTT publish: topic 'zigbee2mqtt/prise mini pc (IKEA)', payload '{"current":0.13,"energy":5.86,"identify":null,"last_seen":"2025-08-24T18:10:06.972Z","linkquality":255,"power":9.4,"power_on_behavior":"previous","state":"ON","update":{"installed_version":33816645,"latest_version":33816645,"state":"idle"},"voltage":226.3}'
[2025-08-24 20:10:07] info: 	z2m:mqtt: MQTT publish: topic 'zigbee2mqtt/prise mini pc (IKEA)', payload '{"current":0.13,"energy":5.86,"identify":null,"last_seen":"2025-08-24T18:10:07.374Z","linkquality":255,"power":16.6,"power_on_behavior":"previous","state":"ON","update":{"installed_version":33816645,"latest_version":33816645,"state":"idle"},"voltage":226.3}'
[2025-08-24 20:10:07] info: 	z2m:mqtt: MQTT publish: topic 'zigbee2mqtt/Prise Bureau Fer à Repasser (NOUS)', payload '{"child_lock":"UNLOCK","countdown":0,"current":0,"energy":1.99,"indicator_mode":"off/on","last_seen":"2025-08-24T18:10:07.829Z","linkquality":152,"power":0,"power_outage_memory":"on","state":"ON","update":{"installed_version":192,"latest_version":192,"state":"idle"},"voltage":231}'
[2025-08-24 20:10:12] info: 	z2m:mqtt: MQTT publish: topic 'zigbee2mqtt/prise pc's gege (IKEA)', payload '{"current":0.97,"energy":310.05,"identify":null,"last_seen":"2025-08-24T18:10:12.488Z","linkquality":168,"power":189.9,"power_on_behavior":"on","state":"ON","update":{"installed_version":33816645,"latest_version":33816645,"state":"idle"},"voltage":229.6}'
[2025-08-24 20:10:12] info: 	z2m:mqtt: MQTT publish: topic 'zigbee2mqtt/prise tv chambre (NOUS)', payload '{"child_lock":"LOCK","countdown":0,"current":0,"energy":164.71,"indicator_mode":"off","last_seen":"2025-08-24T18:10:12.818Z","linkquality":152,"power":0,"power_outage_memory":"on","state":"ON","update":{"installed_version":192,"latest_version":192,"state":"idle"},"voltage":228}'
[2025-08-24 20:10:13] info: 	z2m:mqtt: MQTT publish: topic 'zigbee2mqtt/Four et Plaque de Cuisson', payload '{"ac_frequency":49.94,"current":0,"data_report_duration":60,"energy":60,"last_seen":"2025-08-24T18:10:13.455Z","linkquality":216,"power":0,"power_factor":100,"produced_energy":0,"voltage":231}'
[2025-08-24 20:10:13] info: 	z2m:mqtt: MQTT publish: topic 'zigbee2mqtt/Four et Plaque de Cuisson', payload '{"ac_frequency":49.94,"current":0,"data_report_duration":60,"energy":60,"last_seen":"2025-08-24T18:10:13.504Z","linkquality":216,"power":0,"power_factor":100,"produced_energy":0,"voltage":231}'
[2025-08-24 20:10:13] info: 	z2m:mqtt: MQTT publish: topic 'zigbee2mqtt/Four et Plaque de Cuisson', payload '{"ac_frequency":49.94,"current":0,"data_report_duration":60,"energy":60,"last_seen":"2025-08-24T18:10:13.550Z","linkquality":216,"power":0,"power_factor":100,"produced_energy":0,"voltage":231}'
[2025-08-24 20:10:13] info: 	z2m:mqtt: MQTT publish: topic 'zigbee2mqtt/Four et Plaque de Cuisson', payload '{"ac_frequency":49.94,"current":0,"data_report_duration":60,"energy":60,"last_seen":"2025-08-24T18:10:13.601Z","linkquality":216,"power":0,"power_factor":100,"produced_energy":0,"voltage":231}'
[2025-08-24 20:10:13] info: 	z2m:mqtt: MQTT publish: topic 'zigbee2mqtt/Four et Plaque de Cuisson', payload '{"ac_frequency":49.92,"current":0,"data_report_duration":60,"energy":60,"last_seen":"2025-08-24T18:10:13.652Z","linkquality":216,"power":0,"power_factor":100,"produced_energy":0,"voltage":231}'
[2025-08-24 20:10:13] info: 	z2m:mqtt: MQTT publish: topic 'zigbee2mqtt/Four et Plaque de Cuisson', payload '{"ac_frequency":49.92,"current":0,"data_report_duration":60,"energy":60,"last_seen":"2025-08-24T18:10:13.698Z","linkquality":216,"power":0,"power_factor":100,"produced_energy":0,"voltage":231}'
[2025-08-24 20:10:13] info: 	z2m:mqtt: MQTT publish: topic 'zigbee2mqtt/prise box internet (IKEA)', payload '{"current":0.11,"energy":86.63,"identify":null,"last_seen":"2025-08-24T18:10:13.709Z","linkquality":148,"power":13,"power_on_behavior":"previous","state":"ON","update":{"installed_version":33816645,"latest_version":33816645,"state":"idle"},"voltage":228.9}'
[2025-08-24 20:10:13] info: 	z2m:mqtt: MQTT publish: topic 'zigbee2mqtt/Four et Plaque de Cuisson', payload '{"ac_frequency":49.92,"current":0,"data_report_duration":60,"energy":60,"last_seen":"2025-08-24T18:10:13.749Z","linkquality":216,"power":0,"power_factor":100,"produced_energy":0,"voltage":231}'
[2025-08-24 20:10:13] info: 	z2m:mqtt: MQTT publish: topic 'zigbee2mqtt/prise pc's gege (IKEA)', payload '{"current":0.84,"energy":310.05,"identify":null,"last_seen":"2025-08-24T18:10:13.787Z","linkquality":168,"power":189.9,"power_on_behavior":"on","state":"ON","update":{"installed_version":33816645,"latest_version":33816645,"state":"idle"},"voltage":229.6}'
[2025-08-24 20:10:13] info: 	z2m:mqtt: MQTT publish: topic 'zigbee2mqtt/Four et Plaque de Cuisson', payload '{"ac_frequency":49.92,"current":0,"data_report_duration":60,"energy":60,"last_seen":"2025-08-24T18:10:13.796Z","linkquality":216,"power":0,"power_factor":100,"produced_energy":0,"voltage":231}'
[2025-08-24 20:10:16] info: 	z2m:mqtt: MQTT publish: topic 'zigbee2mqtt/prise bureau pc (IKEA)', payload '{"current":1.26,"energy":615.46,"identify":null,"last_seen":"2025-08-24T18:10:16.511Z","linkquality":255,"power":232.6,"power_on_behavior":"previous","state":"ON","update":{"installed_version":33816645,"latest_version":33816645,"state":"idle"},"voltage":229.5}'
[2025-08-24 20:10:16] info: 	z2m:mqtt: MQTT publish: topic 'zigbee2mqtt/prise bureau pc (IKEA)', payload '{"current":1.26,"energy":615.46,"identify":null,"last_seen":"2025-08-24T18:10:16.586Z","linkquality":255,"power":242.7,"power_on_behavior":"previous","state":"ON","update":{"installed_version":33816645,"latest_version":33816645,"state":"idle"},"voltage":229.5}'
[2025-08-24 20:10:16] info: 	z2m:mqtt: MQTT publish: topic 'zigbee2mqtt/prise mini pc (IKEA)', payload '{"current":0.07,"energy":5.86,"identify":null,"last_seen":"2025-08-24T18:10:16.866Z","linkquality":255,"power":16.6,"power_on_behavior":"previous","state":"ON","update":{"installed_version":33816645,"latest_version":33816645,"state":"idle"},"voltage":226.3}'
[2025-08-24 20:10:17] info: 	z2m:mqtt: MQTT publish: topic 'zigbee2mqtt/prise mini pc (IKEA)', payload '{"current":0.07,"energy":5.86,"identify":null,"last_seen":"2025-08-24T18:10:17.336Z","linkquality":255,"power":7.2,"power_on_behavior":"previous","state":"ON","update":{"installed_version":33816645,"latest_version":33816645,"state":"idle"},"voltage":226.3}'
[2025-08-24 20:10:18] info: 	z2m:mqtt: MQTT publish: topic 'zigbee2mqtt/qualite air chambre (IKEA)', payload '{"humidity":65,"identify":null,"last_seen":"2025-08-24T18:10:18.202Z","linkquality":200,"pm25":7,"temperature":27,"update":{"installed_version":16777233,"latest_version":16777233,"state":"idle"},"voc_index":348}'
[2025-08-24 20:10:18] info: 	z2m:mqtt: MQTT publish: topic 'zigbee2mqtt/qualite air chambre (IKEA)', payload '{"humidity":65,"identify":null,"last_seen":"2025-08-24T18:10:18.247Z","linkquality":200,"pm25":7,"temperature":27,"update":{"installed_version":16777233,"latest_version":16777233,"state":"idle"},"voc_index":234}'
[2025-08-24 20:10:20] info: 	z2m:mqtt: MQTT publish: topic 'zigbee2mqtt/prise horloge (IKEA)', payload '{"current":0.004,"energy":1.24,"identify":null,"last_seen":"2025-08-24T18:10:20.263Z","linkquality":255,"power":0.2,"power_on_behavior":"previous","state":"ON","update":{"installed_version":33816645,"latest_version":33816645,"state":"idle"},"voltage":236.3}'
[2025-08-24 20:10:20] info: 	z2m:mqtt: MQTT publish: topic 'zigbee2mqtt/prise tete de lit chambre', payload '{"current":0,"energy":25.58,"identify":null,"last_seen":"2025-08-24T18:10:20.704Z","linkquality":196,"power":0,"power_on_behavior":"on","state":"OFF","update":{"installed_version":33816645,"latest_version":33816645,"state":"idle"},"voltage":237.3}'
[2025-08-24 20:10:21] info: 	z2m:mqtt: MQTT publish: topic 'zigbee2mqtt/prise bureau pc (IKEA)', payload '{"current":1.26,"energy":615.46,"identify":null,"last_seen":"2025-08-24T18:10:21.298Z","linkquality":255,"power":242.7,"power_on_behavior":"previous","state":"ON","update":{"installed_version":33816645,"latest_version":33816645,"state":"idle"},"voltage":230.1}'
[2025-08-24 20:10:21] info: 	z2m:mqtt: MQTT publish: topic 'zigbee2mqtt/prise four micro ondes (NOUS)', payload '{"child_lock":"UNLOCK","countdown":0,"current":0.03,"energy":57.38,"indicator_mode":"off/on","last_seen":"2025-08-24T18:10:21.921Z","linkquality":255,"power":0,"power_outage_memory":"restore","state":"ON","update":{"installed_version":192,"latest_version":192,"state":"idle"},"voltage":229}'
[2025-08-24 20:10:22] info: 	z2m:mqtt: MQTT publish: topic 'zigbee2mqtt/prise lave linge (NOUS)', payload '{"child_lock":"LOCK","countdown":0,"current":0,"energy":100.64,"indicator_mode":"on","last_seen":"2025-08-24T18:10:22.062Z","linkquality":192,"power":0,"power_outage_memory":"on","state":"ON","update":{"installed_version":192,"latest_version":192,"state":"idle"},"voltage":231}'
[2025-08-24 20:10:22] info: 	z2m:mqtt: MQTT publish: topic 'zigbee2mqtt/prise pc's gege (IKEA)', payload '{"current":0.84,"energy":310.05,"identify":null,"last_seen":"2025-08-24T18:10:22.495Z","linkquality":164,"power":160.9,"power_on_behavior":"on","state":"ON","update":{"installed_version":33816645,"latest_version":33816645,"state":"idle"},"voltage":229.6}'
[2025-08-24 20:10:23] info: 	z2m:mqtt: MQTT publish: topic 'zigbee2mqtt/prise box internet (IKEA)', payload '{"current":0.11,"energy":86.63,"identify":null,"last_seen":"2025-08-24T18:10:23.685Z","linkquality":148,"power":13,"power_on_behavior":"previous","state":"ON","update":{"installed_version":33816645,"latest_version":33816645,"state":"idle"},"voltage":229.3}'
[2025-08-24 20:10:23] info: 	z2m:mqtt: MQTT publish: topic 'zigbee2mqtt/prise pc's gege (IKEA)', payload '{"current":0.83,"energy":310.05,"identify":null,"last_seen":"2025-08-24T18:10:23.837Z","linkquality":164,"power":160.9,"power_on_behavior":"on","state":"ON","update":{"installed_version":33816645,"latest_version":33816645,"state":"idle"},"voltage":229.6}'
[2025-08-24 20:10:25] info: 	z2m:mqtt: MQTT publish: topic 'zigbee2mqtt/bridge/state', payload '{"state":"offline"}'
[2025-08-24 20:10:25] info: 	z2m: Disconnecting from MQTT server
[2025-08-24 20:10:25] info: 	z2m: Stopping zigbee-herdsman...
[2025-08-24 20:10:26] info: 	zh:controller: Wrote coordinator backup to '/config/zigbee2mqtt/coordinator_backup.json'
[2025-08-24 20:10:26] info: 	zh:ember:uart:ash: ASH COUNTERS since last clear:
[2025-08-24 20:10:26] info: 	zh:ember:uart:ash:   Total frames: RX=3557, TX=4318
[2025-08-24 20:10:26] info: 	zh:ember:uart:ash:   Cancelled   : RX=0, TX=0
[2025-08-24 20:10:26] info: 	zh:ember:uart:ash:   DATA frames : RX=3551, TX=760
[2025-08-24 20:10:26] info: 	zh:ember:uart:ash:   DATA bytes  : RX=85000, TX=19211
[2025-08-24 20:10:26] info: 	zh:ember:uart:ash:   Retry frames: RX=5, TX=0
[2025-08-24 20:10:26] info: 	zh:ember:uart:ash:   ACK frames  : RX=0, TX=3557
[2025-08-24 20:10:26] info: 	zh:ember:uart:ash:   NAK frames  : RX=0, TX=0
[2025-08-24 20:10:26] info: 	zh:ember:uart:ash:   nRdy frames : RX=0, TX=0
[2025-08-24 20:10:26] info: 	zh:ember:uart:ash:   CRC errors      : RX=0
[2025-08-24 20:10:26] info: 	zh:ember:uart:ash:   Comm errors     : RX=0
[2025-08-24 20:10:26] info: 	zh:ember:uart:ash:   Length < minimum: RX=0
[2025-08-24 20:10:26] info: 	zh:ember:uart:ash:   Length > maximum: RX=0
[2025-08-24 20:10:26] info: 	zh:ember:uart:ash:   Bad controls    : RX=0
[2025-08-24 20:10:26] info: 	zh:ember:uart:ash:   Bad lengths     : RX=0
[2025-08-24 20:10:26] info: 	zh:ember:uart:ash:   Bad ACK numbers : RX=0
[2025-08-24 20:10:26] info: 	zh:ember:uart:ash:   Out of buffers  : RX=0
[2025-08-24 20:10:26] info: 	zh:ember:uart:ash:   Retry dupes     : RX=5
[2025-08-24 20:10:26] info: 	zh:ember:uart:ash:   Out of sequence : RX=0
[2025-08-24 20:10:26] info: 	zh:ember:uart:ash:   ACK timeouts    : RX=0
[2025-08-24 20:10:26] info: 	zh:ember:uart:ash: Port closed.
[2025-08-24 20:10:26] info: 	zh:ember:uart:ash: ======== ASH stopped ========
[2025-08-24 20:10:26] info: 	zh:ember:ezsp: ======== EZSP stopped ========
[2025-08-24 20:10:26] info: 	zh:ember: ======== Ember Adapter Stopped ========
[2025-08-24 20:10:26] info: 	z2m: Stopped zigbee-herdsman
[2025-08-24 20:10:26] info: 	z2m: Stopped Zigbee2MQTT
